index,Customer ID,Recency,Frequency,Monetary,R_score,F_Score,M_Score,RFM_Score,Segment
0,12346.0,325,12,77556.46,2,5,5,255,At Risk
1,12347.0,1,8,4921.53,5,4,5,545,Champion
2,12348.0,74,5,2019.4,3,4,4,344,Loyal Customer
3,12349.0,18,4,4428.69,5,3,5,535,Loyal Customer
4,12350.0,309,1,334.4,2,1,2,212,Lost Customer
5,12351.0,374,1,300.93,2,1,2,212,Lost Customer
6,12352.0,35,10,2849.84,4,5,4,454,Champion
7,12353.0,203,2,406.76,2,2,2,222,Lost Customer
8,12354.0,231,1,1079.4,2,1,3,213,Lost Customer
9,12355.0,213,2,947.61,2,2,3,223,Lost Customer
10,12356.0,22,6,6371.73,4,4,5,445,Champion
11,12357.0,32,3,18287.66,4,3,5,435,Loyal Customer
12,12358.0,1,5,3887.07,5,4,5,545,Champion
13,12359.0,57,10,8873.39,4,5,5,455,Champion
14,12360.0,51,8,4252.89,4,4,5,445,Champion
15,12361.0,286,4,511.25,2,3,2,232,At Risk
16,12362.0,2,11,5356.23,5,5,5,555,Champion
17,12363.0,109,2,552.0,3,2,2,322,Lost Customer
18,12364.0,7,4,1313.1,5,3,4,534,Loyal Customer
19,12365.0,290,2,641.38,2,2,3,223,Lost Customer
20,12366.0,633,1,500.24,1,1,2,112,Lost Customer
21,12367.0,3,1,168.9,5,1,1,511,Potential Loyalist
22,12368.0,627,1,917.6999999999999,1,1,3,113,Lost Customer
23,12369.0,412,3,1791.15,1,3,4,134,At Risk
24,12370.0,50,7,4316.56,4,4,5,445,Champion
25,12371.0,44,5,4067.38,4,4,5,445,Champion
26,12372.0,71,3,1298.04,3,3,4,334,Loyal Customer
27,12373.0,310,3,1127.65,2,3,3,233,At Risk
28,12374.0,24,4,2989.2200000000003,4,3,5,435,Loyal Customer
29,12375.0,10,2,457.5,5,2,2,522,Potential Loyalist
30,12376.0,389,2,503.15,2,2,2,222,Lost Customer
31,12377.0,314,4,3426.32,2,3,5,235,At Risk
32,12378.0,129,2,5416.32,3,2,5,325,Lost Customer
33,12379.0,81,4,1620.22,3,3,4,334,Loyal Customer
34,12380.0,21,11,9676.300000000001,4,5,5,455,Champion
35,12381.0,4,5,1845.31,5,4,4,544,Champion
36,12383.0,184,5,1850.56,3,4,4,344,Loyal Customer
37,12384.0,28,2,585.27,4,2,2,422,Potential Loyalist
38,12385.0,378,1,1938.4,2,1,4,214,Lost Customer
39,12386.0,337,2,401.9,2,2,2,222,Lost Customer
40,12387.0,414,1,143.94,1,1,1,111,Lost Customer
41,12388.0,15,8,3901.11,5,4,5,545,Champion
42,12389.0,402,3,1433.33,2,3,4,234,At Risk
43,12390.0,79,1,549.84,3,1,2,312,Lost Customer
44,12391.0,21,6,2724.84,4,4,4,444,Champion
45,12392.0,590,1,234.75000000000003,1,1,1,111,Lost Customer
46,12393.0,71,6,2399.4500000000003,3,4,4,344,Loyal Customer
47,12394.0,63,2,1272.48,3,2,4,324,Lost Customer
48,12395.0,18,15,4721.17,5,5,5,555,Champion
49,12396.0,673,1,931.43,1,1,3,113,Lost Customer
50,12397.0,35,2,2409.9,4,2,4,424,Potential Loyalist
51,12398.0,45,1,1635.6599999999999,4,1,4,414,Potential Loyalist
52,12399.0,118,7,1962.3,3,4,4,344,Loyal Customer
53,12400.0,413,1,205.25,1,1,1,111,Lost Customer
54,12401.0,302,1,84.3,2,1,1,211,Lost Customer
55,12402.0,322,6,1256.9,2,4,4,244,At Risk
56,12403.0,49,2,1019.36,4,2,3,423,Potential Loyalist
57,12404.0,681,1,63.24,1,1,1,111,Lost Customer
58,12405.0,148,1,1710.39,3,1,4,314,Lost Customer
59,12406.0,21,5,6390.36,4,4,5,445,Champion
60,12407.0,49,5,1708.1200000000001,4,4,4,444,Champion
61,12408.0,32,8,4340.7699999999995,4,4,5,445,Champion
62,12409.0,78,7,23419.29,3,4,5,345,Loyal Customer
63,12410.0,308,3,1013.71,2,3,3,233,At Risk
64,12411.0,409,1,346.9,2,1,2,212,Lost Customer
65,12412.0,74,6,2596.93,3,4,4,344,Loyal Customer
66,12413.0,66,4,999.45,3,3,3,333,Loyal Customer
67,12414.0,216,6,952.41,2,4,3,243,At Risk
68,12415.0,23,28,144458.37,4,5,5,455,Champion
69,12416.0,656,1,202.56,1,1,1,111,Lost Customer
70,12417.0,2,20,6797.41,5,5,5,555,Champion
71,12418.0,112,4,2021.2,3,3,4,334,Loyal Customer
72,12419.0,385,2,503.01,2,2,2,222,Lost Customer
73,12420.0,63,1,600.39,3,1,2,312,Lost Customer
74,12421.0,15,6,1098.6,5,4,3,543,Loyal Customer
75,12422.0,95,17,5231.8,3,5,5,355,Loyal Customer
76,12423.0,0,10,2622.39,5,5,4,554,Champion
77,12424.0,162,4,3340.03,3,3,5,335,Loyal Customer
78,12425.0,77,2,1741.41,3,2,4,324,Lost Customer
79,12426.0,194,2,1345.21,2,2,4,224,Lost Customer
80,12427.0,21,3,825.8,4,3,3,433,Loyal Customer
81,12428.0,25,9,7956.46,4,5,5,455,Champion
82,12429.0,8,8,6204.41,5,4,5,545,Champion
83,12430.0,42,1,256.4,4,1,1,411,Potential Loyalist
84,12431.0,35,27,10432.22,4,5,5,455,Champion
85,12432.0,42,5,5059.32,4,4,5,445,Champion
86,12433.0,0,10,16794.14,5,5,5,555,Champion
87,12434.0,84,3,1103.43,3,3,3,333,Loyal Customer
88,12435.0,79,6,13925.93,3,4,5,345,Loyal Customer
89,12436.0,99,1,509.01,3,1,2,312,Lost Customer
90,12437.0,1,39,12683.4,5,5,5,555,Champion
91,12438.0,13,2,2906.85,5,2,4,524,Potential Loyalist
92,12439.0,682,2,1142.88,1,2,3,123,Lost Customer
93,12440.0,461,2,859.2,1,2,3,123,Lost Customer
94,12441.0,366,1,173.55,2,1,1,211,Lost Customer
95,12442.0,2,1,172.06,5,1,1,511,Potential Loyalist
96,12443.0,731,1,485.31,1,1,2,112,Lost Customer
97,12444.0,20,5,5005.46,4,4,5,445,Champion
98,12445.0,21,2,434.98,4,2,2,422,Potential Loyalist
99,12446.0,57,1,1002.3100000000001,4,1,3,413,Potential Loyalist
100,12447.0,242,1,476.49,2,1,2,212,Lost Customer
101,12448.0,43,1,449.45,4,1,2,412,Potential Loyalist
102,12449.0,21,6,4835.89,4,4,5,445,Champion
103,12450.0,155,5,688.2,3,4,3,343,Loyal Customer
104,12451.0,10,8,12669.88,5,4,5,545,Champion
105,12452.0,16,2,430.57,5,2,2,522,Potential Loyalist
106,12453.0,133,1,707.09,3,1,3,313,Lost Customer
107,12454.0,55,5,16679.78,4,4,5,445,Champion
108,12455.0,72,10,5879.95,3,5,5,355,Loyal Customer
109,12456.0,43,3,3181.04,4,3,5,435,Loyal Customer
110,12457.0,65,8,2995.91,3,4,5,345,Loyal Customer
111,12458.0,70,4,1777.49,3,3,4,334,Loyal Customer
112,12459.0,604,1,454.36,1,1,2,112,Lost Customer
113,12460.0,455,1,326.65,1,1,2,112,Lost Customer
114,12461.0,93,2,826.88,3,2,3,323,Lost Customer
115,12462.0,18,2,1189.59,5,2,3,523,Potential Loyalist
116,12463.0,52,4,1344.78,4,3,4,434,Loyal Customer
117,12464.0,9,8,1212.05,5,4,3,543,Loyal Customer
118,12465.0,16,2,742.1899999999999,5,2,3,523,Potential Loyalist
119,12466.0,681,1,56.73,1,1,1,111,Lost Customer
120,12467.0,422,1,132.8,1,1,1,111,Lost Customer
121,12468.0,187,5,3670.74,3,4,5,345,Loyal Customer
122,12469.0,522,2,3070.54,1,2,5,125,Lost Customer
123,12470.0,689,1,211.95,1,1,1,111,Lost Customer
124,12471.0,1,79,39918.19,5,5,5,555,Champion
125,12472.0,31,19,16249.289999999999,4,5,5,455,Champion
126,12473.0,28,5,3928.0499999999997,4,4,5,445,Champion
127,12474.0,16,31,12372.75,5,5,5,555,Champion
128,12475.0,53,2,1149.64,4,2,3,423,Potential Loyalist
129,12476.0,15,23,14083.91,5,5,5,555,Champion
130,12477.0,22,9,20276.37,4,5,5,455,Champion
131,12478.0,3,1,680.99,5,1,3,513,Potential Loyalist
132,12479.0,10,1,527.2,5,1,2,512,Potential Loyalist
133,12480.0,27,7,5464.85,4,4,5,445,Champion
134,12481.0,22,15,12185.51,4,5,5,455,Champion
135,12482.0,575,29,23691.4,1,5,5,155,At Risk
136,12483.0,16,19,5097.18,5,5,5,555,Champion
137,12484.0,32,12,6354.1,4,5,5,455,Champion
138,12485.0,528,1,708.1,1,1,3,113,Lost Customer
139,12486.0,431,1,1037.28,1,1,3,113,Lost Customer
140,12487.0,730,1,285.29999999999995,1,1,1,111,Lost Customer
141,12488.0,9,3,1298.66,5,3,4,534,Loyal Customer
142,12489.0,335,1,334.93,2,1,2,212,Lost Customer
143,12490.0,4,21,9823.64,5,5,5,555,Champion
144,12491.0,38,1,460.40000000000003,4,1,2,412,Potential Loyalist
145,12492.0,62,3,715.21,3,3,3,333,Loyal Customer
146,12493.0,165,2,433.74,3,2,2,322,Lost Customer
147,12494.0,15,9,1815.27,5,5,4,554,Champion
148,12495.0,640,1,357.4,1,1,2,112,Lost Customer
149,12496.0,619,2,45.34,1,2,1,121,Lost Customer
150,12497.0,81,3,6248.5,3,3,5,335,Loyal Customer
151,12498.0,20,3,403.70000000000005,4,3,2,432,Loyal Customer
152,12499.0,559,1,393.72,1,1,2,112,Lost Customer
153,12500.0,22,19,5955.21,4,5,5,455,Champion
154,12501.0,336,1,2169.39,2,1,4,214,Lost Customer
155,12502.0,95,5,3723.87,3,4,5,345,Loyal Customer
156,12503.0,583,1,1126.0,1,1,3,113,Lost Customer
157,12504.0,17,4,779.05,5,3,3,533,Loyal Customer
158,12505.0,408,1,955.2,2,1,3,213,Lost Customer
159,12506.0,232,1,73.5,2,1,1,211,Lost Customer
160,12507.0,133,4,1844.06,3,3,4,334,Loyal Customer
161,12508.0,25,2,397.88,4,2,2,422,Potential Loyalist
162,12509.0,283,1,176.5,2,1,1,211,Lost Customer
163,12510.0,142,9,5178.02,3,5,5,355,Loyal Customer
164,12511.0,428,1,3084.02,1,1,5,115,Lost Customer
165,12512.0,65,2,132.18,3,2,1,321,Lost Customer
166,12513.0,112,1,612.29,3,1,3,313,Lost Customer
167,12514.0,266,2,1597.76,2,2,4,224,Lost Customer
168,12515.0,352,1,383.7,2,1,2,212,Lost Customer
169,12516.0,77,4,2648.62,3,3,4,334,Loyal Customer
170,12517.0,27,5,2481.6,4,4,4,444,Champion
171,12518.0,0,5,2056.89,5,4,4,544,Champion
172,12519.0,63,2,716.54,3,2,3,323,Lost Customer
173,12520.0,78,5,2634.26,3,4,4,344,Loyal Customer
174,12521.0,142,1,599.68,3,1,2,312,Lost Customer
175,12522.0,38,2,192.72,4,2,1,421,Potential Loyalist
176,12523.0,18,23,4352.35,5,5,5,555,Champion
177,12524.0,8,17,11126.11,5,5,5,555,Champion
178,12525.0,497,3,973.73,1,3,3,133,At Risk
179,12526.0,0,3,1316.66,5,3,4,534,Loyal Customer
180,12527.0,81,5,735.51,3,4,3,343,Loyal Customer
181,12528.0,8,6,1933.48,5,4,4,544,Champion
182,12529.0,527,1,316.48,1,1,2,112,Lost Customer
183,12530.0,59,9,3759.26,3,5,5,355,Loyal Customer
184,12531.0,14,2,1933.2,5,2,4,524,Potential Loyalist
185,12532.0,29,1,349.83000000000004,4,1,2,412,Potential Loyalist
186,12533.0,627,2,1367.89,1,2,4,124,Lost Customer
187,12534.0,130,1,1089.18,3,1,3,313,Lost Customer
188,12535.0,91,2,716.35,3,2,3,323,Lost Customer
189,12536.0,42,3,12601.830000000002,4,3,5,435,Loyal Customer
190,12537.0,408,1,732.94,2,1,3,213,Lost Customer
191,12538.0,28,2,640.45,4,2,3,423,Potential Loyalist
192,12539.0,21,7,11214.75,4,4,5,445,Champion
193,12540.0,19,33,22254.49,4,5,5,455,Champion
194,12541.0,29,3,981.18,4,3,3,433,Loyal Customer
195,12542.0,483,2,481.88,1,2,2,122,Lost Customer
196,12543.0,447,1,980.25,1,1,3,113,Lost Customer
197,12544.0,35,1,372.7,4,1,2,412,Potential Loyalist
198,12545.0,74,2,1000.39,3,2,3,323,Lost Customer
199,12546.0,46,2,1161.5,4,2,3,423,Potential Loyalist
200,12547.0,197,3,383.58,2,3,2,232,At Risk
201,12548.0,165,1,95.19999999999999,3,1,1,311,Lost Customer
202,12549.0,575,6,1575.68,1,4,4,144,At Risk
203,12550.0,78,1,964.83,3,1,3,313,Lost Customer
204,12551.0,357,1,168.0,2,1,1,211,Lost Customer
205,12552.0,38,2,437.82,4,2,2,422,Potential Loyalist
206,12553.0,7,12,4608.75,5,5,5,555,Champion
207,12554.0,448,1,468.5,1,1,2,112,Lost Customer
208,12555.0,681,1,129.23,1,1,1,111,Lost Customer
209,12556.0,49,2,599.56,4,2,2,422,Potential Loyalist
210,12557.0,15,8,18096.14,5,4,5,545,Champion
211,12558.0,7,1,269.96,5,1,1,511,Potential Loyalist
212,12559.0,310,2,561.71,2,2,2,222,Lost Customer
213,12560.0,4,3,2134.01,5,3,4,534,Loyal Customer
214,12561.0,302,1,238.85,2,1,1,211,Lost Customer
215,12562.0,7,9,4966.92,5,5,5,555,Champion
216,12563.0,408,1,249.24,2,1,1,211,Lost Customer
217,12564.0,260,1,456.9,2,1,2,212,Lost Customer
218,12565.0,288,1,145.92,2,1,1,211,Lost Customer
219,12566.0,85,1,351.65,3,1,2,312,Lost Customer
220,12567.0,22,15,11767.48,4,5,5,455,Champion
221,12568.0,644,1,70.0,1,1,1,111,Lost Customer
222,12569.0,1,32,4124.69,5,5,5,555,Champion
223,12570.0,681,1,77.52,1,1,1,111,Lost Customer
224,12571.0,39,2,519.61,4,2,2,422,Potential Loyalist
225,12572.0,8,2,1020.42,5,2,3,523,Potential Loyalist
226,12573.0,226,5,717.41,2,4,3,243,At Risk
227,12574.0,315,1,218.45,2,1,1,211,Lost Customer
228,12575.0,456,2,622.8199999999999,1,2,3,123,Lost Customer
229,12576.0,35,8,2142.72,4,4,4,444,Champion
230,12577.0,34,8,1617.1,4,4,4,444,Champion
231,12578.0,20,4,4642.45,4,3,5,435,Loyal Customer
232,12579.0,77,1,440.42,3,1,2,312,Lost Customer
233,12580.0,246,2,1052.9,2,2,3,223,Lost Customer
234,12581.0,39,1,197.71,4,1,1,411,Potential Loyalist
235,12582.0,238,4,1980.4,2,3,4,234,At Risk
236,12583.0,2,27,13591.58,5,5,5,555,Champion
237,12584.0,3,9,2338.15,5,5,4,554,Champion
238,12585.0,233,2,2040.1,2,2,4,224,Lost Customer
239,12586.0,16,4,2062.67,5,3,4,534,Loyal Customer
240,12587.0,7,1,144.0,5,1,1,511,Potential Loyalist
241,12588.0,38,4,958.78,4,3,3,433,Loyal Customer
242,12589.0,28,8,4695.66,4,4,5,445,Champion
243,12590.0,210,2,9864.26,2,2,5,225,Lost Customer
244,12591.0,316,3,1338.95,2,3,4,234,At Risk
245,12592.0,91,5,2582.66,3,4,4,344,Loyal Customer
246,12593.0,108,3,418.09999999999997,3,3,2,332,Loyal Customer
247,12594.0,37,15,5090.110000000001,4,5,5,455,Champion
248,12595.0,504,1,299.02,1,1,2,112,Lost Customer
249,12596.0,50,2,618.27,4,2,3,423,Potential Loyalist
250,12597.0,18,4,3811.22,5,3,5,535,Loyal Customer
251,12598.0,9,11,4534.09,5,5,5,555,Champion
252,12599.0,28,13,2296.72,4,5,4,454,Champion
253,12600.0,28,21,4967.42,4,5,5,455,Champion
254,12601.0,189,6,681.26,2,4,3,243,At Risk
255,12602.0,58,1,153.12,4,1,1,411,Potential Loyalist
256,12603.0,21,1,739.1999999999999,4,1,3,413,Potential Loyalist
257,12604.0,78,2,254.18,3,2,1,321,Lost Customer
258,12605.0,375,4,1232.95,2,3,4,234,At Risk
259,12606.0,681,1,21.0,1,1,1,111,Lost Customer
260,12607.0,59,1,1579.51,3,1,4,314,Lost Customer
261,12608.0,404,1,415.79,2,1,2,212,Lost Customer
262,12609.0,77,9,3435.86,3,5,5,355,Loyal Customer
263,12610.0,22,5,2099.54,4,4,4,444,Champion
264,12611.0,51,1,1193.32,4,1,3,413,Potential Loyalist
265,12612.0,73,1,704.0400000000001,3,1,3,313,Lost Customer
266,12613.0,56,10,6817.37,4,5,5,455,Champion
267,12614.0,277,1,315.6,2,1,2,212,Lost Customer
268,12615.0,1,8,5740.98,5,4,5,545,Champion
269,12616.0,94,3,1131.1,3,3,3,333,Loyal Customer
270,12617.0,28,1,352.98,4,1,2,412,Potential Loyalist
271,12618.0,21,1,177.31,4,1,1,411,Potential Loyalist
272,12619.0,15,10,3781.38,5,5,5,555,Champion
273,12620.0,14,3,1339.41,5,3,4,534,Loyal Customer
274,12621.0,1,35,24311.2,5,5,5,555,Champion
275,12622.0,231,1,180.1,2,1,1,211,Lost Customer
276,12623.0,275,7,3747.84,2,4,5,245,At Risk
277,12624.0,105,2,641.13,3,2,3,323,Lost Customer
278,12625.0,211,4,5164.88,2,3,5,235,At Risk
279,12626.0,22,9,6620.48,4,5,5,455,Champion
280,12627.0,10,7,4478.53,5,4,5,545,Champion
281,12628.0,3,3,786.46,5,3,3,533,Loyal Customer
282,12629.0,385,2,1558.22,2,2,4,224,Lost Customer
283,12630.0,9,2,1270.88,5,2,4,524,Potential Loyalist
284,12631.0,56,6,3481.57,4,4,5,445,Champion
285,12632.0,520,2,804.88,1,2,3,123,Lost Customer
286,12633.0,58,7,5678.16,4,4,5,445,Champion
287,12634.0,535,2,490.0,1,2,2,122,Lost Customer
288,12635.0,89,4,2930.41,3,3,5,335,Loyal Customer
289,12636.0,738,1,141.0,1,1,1,111,Lost Customer
290,12637.0,66,12,8283.81,3,5,5,355,Loyal Customer
291,12638.0,32,2,921.49,4,2,3,423,Potential Loyalist
292,12639.0,238,3,1312.37,2,3,4,234,At Risk
293,12640.0,23,3,1174.58,4,3,3,433,Loyal Customer
294,12641.0,114,1,185.9,3,1,1,311,Lost Customer
295,12642.0,24,3,1013.26,4,3,3,433,Loyal Customer
296,12643.0,127,12,8304.82,3,5,5,355,Loyal Customer
297,12644.0,129,4,1918.49,3,3,4,334,Loyal Customer
298,12645.0,33,8,3539.3,4,4,5,445,Champion
299,12646.0,4,2,1346.97,5,2,4,524,Potential Loyalist
300,12647.0,21,36,16955.55,4,5,5,455,Champion
301,12648.0,154,4,1112.0,3,3,3,333,Loyal Customer
302,12649.0,106,8,2294.65,3,4,4,344,Loyal Customer
303,12650.0,2,1,314.44,5,1,2,512,Potential Loyalist
304,12651.0,334,4,377.75,2,3,2,232,At Risk
305,12652.0,330,2,1017.03,2,2,3,223,Lost Customer
306,12653.0,148,3,4160.83,3,3,5,335,Loyal Customer
307,12654.0,10,5,601.98,5,4,2,542,Loyal Customer
308,12655.0,423,1,261.35,1,1,1,111,Lost Customer
309,12656.0,16,8,6407.83,5,4,5,545,Champion
310,12657.0,10,4,1643.18,5,3,4,534,Loyal Customer
311,12658.0,18,1,686.05,5,1,3,513,Potential Loyalist
312,12659.0,29,1,91.68,4,1,1,411,Potential Loyalist
313,12660.0,10,1,245.1,5,1,1,511,Potential Loyalist
314,12661.0,435,1,162.0,1,1,1,111,Lost Customer
315,12662.0,0,20,6726.54,5,5,5,555,Champion
316,12663.0,624,2,239.4,1,2,1,121,Lost Customer
317,12664.0,7,11,6070.04,5,5,5,555,Champion
318,12665.0,324,3,313.6,2,3,2,232,At Risk
319,12666.0,393,1,1248.42,2,1,4,214,Lost Customer
320,12667.0,57,1,620.13,4,1,3,413,Potential Loyalist
321,12668.0,11,10,11383.03,5,5,5,555,Champion
322,12669.0,150,3,2744.0299999999997,3,3,4,334,Loyal Customer
323,12670.0,9,7,3760.29,5,4,5,545,Champion
324,12671.0,605,1,2622.481,1,1,4,114,Lost Customer
325,12672.0,329,2,437.05,2,2,2,222,Lost Customer
326,12673.0,4,3,1230.02,5,3,4,534,Loyal Customer
327,12674.0,38,4,1970.6,4,3,4,434,Loyal Customer
328,12675.0,553,2,957.25,1,2,3,123,Lost Customer
329,12676.0,24,11,2843.09,4,5,4,454,Champion
330,12677.0,554,2,395.1,1,2,2,122,Lost Customer
331,12678.0,41,21,34281.18,4,5,5,455,Champion
332,12679.0,58,4,1113.02,4,3,3,433,Loyal Customer
333,12680.0,0,4,880.81,5,3,3,533,Loyal Customer
334,12681.0,14,45,29834.76,5,5,5,555,Champion
335,12682.0,3,52,22950.22,5,5,5,555,Champion
336,12683.0,3,21,11633.7,5,5,5,555,Champion
337,12684.0,7,7,2283.63,5,4,4,544,Champion
338,12685.0,27,6,2863.08,4,4,4,444,Champion
339,12686.0,371,1,89.14,2,1,1,211,Lost Customer
340,12687.0,480,2,2138.91,1,2,4,124,Lost Customer
341,12688.0,113,1,4873.8099999999995,3,1,5,315,Lost Customer
342,12689.0,25,2,1247.61,4,2,4,424,Potential Loyalist
343,12690.0,205,1,389.01,2,1,2,212,Lost Customer
344,12691.0,27,7,1170.4,4,4,3,443,Loyal Customer
345,12692.0,636,1,110.95,1,1,1,111,Lost Customer
346,12693.0,126,7,1703.02,3,4,4,344,Loyal Customer
347,12694.0,69,3,1843.35,3,3,4,334,Loyal Customer
348,12695.0,6,7,1407.1200000000001,5,4,4,544,Champion
349,12696.0,434,2,851.91,1,2,3,123,Lost Customer
350,12697.0,28,3,957.59,4,3,3,433,Loyal Customer
351,12698.0,589,1,339.75,1,1,2,112,Lost Customer
352,12699.0,417,1,638.11,1,1,3,113,Lost Customer
353,12700.0,7,4,4939.99,5,3,5,535,Loyal Customer
354,12701.0,79,6,2446.41,3,4,4,344,Loyal Customer
355,12702.0,19,1,219.0,4,1,1,411,Potential Loyalist
356,12703.0,70,4,1006.53,3,3,3,333,Loyal Customer
357,12704.0,6,8,2340.84,5,4,4,544,Champion
358,12705.0,14,14,11762.1,5,5,5,555,Champion
359,12707.0,291,1,603.42,2,1,2,212,Lost Customer
360,12708.0,29,18,5117.66,4,5,5,455,Champion
361,12709.0,14,34,30291.76,5,5,5,555,Champion
362,12710.0,96,3,1149.02,3,3,3,333,Loyal Customer
363,12711.0,611,2,1339.05,1,2,4,124,Lost Customer
364,12712.0,28,21,6723.03,4,5,5,455,Champion
365,12713.0,0,1,848.55,5,1,3,513,Potential Loyalist
366,12714.0,8,12,14093.71,5,5,5,555,Champion
367,12715.0,105,1,343.36,3,1,2,312,Lost Customer
368,12716.0,3,2,1053.49,5,2,3,523,Potential Loyalist
369,12717.0,150,3,1308.91,3,3,4,334,Loyal Customer
370,12718.0,70,1,238.25,3,1,1,311,Lost Customer
371,12719.0,4,2,644.95,5,2,3,523,Potential Loyalist
372,12720.0,2,30,7787.28,5,5,5,555,Champion
373,12721.0,31,8,4013.08,4,4,5,445,Champion
374,12722.0,84,4,997.63,3,3,3,333,Loyal Customer
375,12723.0,3,5,725.07,5,4,3,543,Loyal Customer
376,12724.0,4,7,2317.52,5,4,4,544,Champion
377,12725.0,370,4,2266.76,2,3,4,234,At Risk
378,12726.0,27,11,4014.6,4,5,5,455,Champion
379,12727.0,10,10,5679.53,5,5,5,555,Champion
380,12728.0,70,5,1070.17,3,4,3,343,Loyal Customer
381,12729.0,113,1,453.01,3,1,2,312,Lost Customer
382,12730.0,521,1,829.25,1,1,3,113,Lost Customer
383,12731.0,23,17,25775.71,4,5,5,455,Champion
384,12732.0,179,1,236.26000000000002,3,1,1,311,Lost Customer
385,12733.0,233,4,2424.87,2,3,4,234,At Risk
386,12734.0,352,3,639.65,2,3,3,233,At Risk
387,12735.0,314,2,779.5699999999999,2,2,3,223,Lost Customer
388,12736.0,332,1,234.0,2,1,1,211,Lost Customer
389,12737.0,498,2,3710.5,1,2,5,125,Lost Customer
390,12738.0,371,1,155.35,2,1,1,211,Lost Customer
391,12739.0,77,4,2726.73,3,3,4,334,Loyal Customer
392,12740.0,63,1,427.6,3,1,2,312,Lost Customer
393,12741.0,528,2,406.07,1,2,2,122,Lost Customer
394,12742.0,625,1,1201.52,1,1,3,113,Lost Customer
395,12743.0,133,2,540.13,3,2,2,322,Lost Customer
396,12744.0,51,11,25317.06,4,5,5,455,Champion
397,12745.0,486,3,925.41,1,3,3,133,At Risk
398,12746.0,540,1,254.55,1,1,1,111,Lost Customer
399,12747.0,1,26,8898.48,5,5,5,555,Champion
400,12748.0,0,337,53539.64,5,5,5,555,Champion
401,12749.0,3,9,6897.36,5,5,5,555,Champion
402,12750.0,128,1,275.88,3,1,1,311,Lost Customer
403,12751.0,444,1,268.27,1,1,1,111,Lost Customer
404,12752.0,80,1,4366.78,3,1,5,315,Lost Customer
405,12753.0,22,6,21429.39,4,4,5,445,Champion
406,12754.0,235,3,3010.74,2,3,5,235,At Risk
407,12755.0,280,11,5236.259999999999,2,5,5,255,At Risk
408,12756.0,86,1,112.07999999999998,3,1,1,311,Lost Customer
409,12757.0,15,13,7834.650000000001,5,5,5,555,Champion
410,12758.0,116,7,9903.24,3,4,5,345,Loyal Customer
411,12759.0,51,8,5020.74,4,4,5,445,Champion
412,12760.0,455,1,347.8,1,1,2,112,Lost Customer
413,12761.0,457,2,782.95,1,2,3,123,Lost Customer
414,12762.0,7,2,1898.52,5,2,4,524,Potential Loyalist
415,12763.0,137,2,494.08,3,2,2,322,Lost Customer
416,12764.0,316,1,1693.88,2,1,4,214,Lost Customer
417,12765.0,471,6,1404.58,1,4,4,144,At Risk
418,12766.0,3,9,8918.99,5,5,5,555,Champion
419,12767.0,375,1,949.82,2,1,3,213,Lost Customer
420,12768.0,450,1,168.69000000000003,1,1,1,111,Lost Customer
421,12769.0,238,1,1143.6,2,1,3,213,Lost Customer
422,12770.0,210,2,3246.45,2,2,5,225,Lost Customer
423,12771.0,485,1,282.3,1,1,1,111,Lost Customer
424,12772.0,59,1,892.47,3,1,3,313,Lost Customer
425,12773.0,563,1,124.25,1,1,1,111,Lost Customer
426,12774.0,535,1,98.7,1,1,1,111,Lost Customer
427,12775.0,16,7,1686.12,5,4,4,544,Champion
428,12776.0,667,1,55.5,1,1,1,111,Lost Customer
429,12777.0,457,1,519.45,1,1,2,112,Lost Customer
430,12778.0,19,9,1775.68,4,5,4,454,Champion
431,12779.0,37,14,6474.11,4,5,5,455,Champion
432,12780.0,598,1,337.4,1,1,2,112,Lost Customer
433,12781.0,63,2,826.74,3,2,3,323,Lost Customer
434,12782.0,4,11,4618.24,5,5,5,555,Champion
435,12783.0,1,6,2225.91,5,4,4,544,Champion
436,12784.0,8,3,1763.15,5,3,4,534,Loyal Customer
437,12785.0,363,3,1100.4,2,3,3,233,At Risk
438,12786.0,609,1,728.5,1,1,3,113,Lost Customer
439,12787.0,9,4,862.18,5,3,3,533,Loyal Customer
440,12788.0,462,4,444.9,1,3,2,132,At Risk
441,12789.0,64,3,273.35,3,3,1,331,Loyal Customer
442,12790.0,191,2,591.85,2,2,2,222,Lost Customer
443,12791.0,373,6,863.51,2,4,3,243,At Risk
444,12792.0,256,2,827.01,2,2,3,223,Lost Customer
445,12793.0,334,3,885.53,2,3,3,233,At Risk
446,12794.0,52,2,860.41,4,2,3,423,Potential Loyalist
447,12795.0,18,1,430.48,5,1,2,512,Potential Loyalist
448,12796.0,627,1,381.0,1,1,2,112,Lost Customer
449,12797.0,365,2,552.08,2,2,2,222,Lost Customer
450,12798.0,9,4,8510.93,5,3,5,535,Loyal Customer
451,12799.0,528,1,219.35,1,1,1,111,Lost Customer
452,12800.0,469,3,584.25,1,3,2,132,At Risk
453,12801.0,500,1,1071.82,1,1,3,113,Lost Customer
454,12802.0,186,7,2416.42,3,4,4,344,Loyal Customer
455,12803.0,392,1,1092.81,2,1,3,213,Lost Customer
456,12804.0,465,2,325.37,1,2,2,122,Lost Customer
457,12805.0,381,4,1434.95,2,3,4,234,At Risk
458,12806.0,434,4,2878.96,1,3,4,134,At Risk
459,12807.0,382,1,330.35,2,1,2,212,Lost Customer
460,12808.0,36,5,776.7,4,4,3,443,Loyal Customer
461,12809.0,177,3,1755.94,3,3,4,334,Loyal Customer
462,12810.0,534,2,534.99,1,2,2,122,Lost Customer
463,12811.0,260,5,1033.9,2,4,3,243,At Risk
464,12812.0,44,1,229.64000000000001,4,1,1,411,Potential Loyalist
465,12813.0,501,3,1687.8,1,3,4,134,At Risk
466,12814.0,101,1,125.92,3,1,1,311,Lost Customer
467,12815.0,147,2,1063.46,3,2,3,323,Lost Customer
468,12816.0,95,2,572.2,3,2,2,322,Lost Customer
469,12817.0,280,3,690.98,2,3,3,233,At Risk
470,12818.0,261,1,1542.08,2,1,4,214,Lost Customer
471,12819.0,457,1,540.52,1,1,2,112,Lost Customer
472,12820.0,2,11,2689.52,5,5,4,554,Champion
473,12821.0,213,2,220.8,2,2,1,221,Lost Customer
474,12822.0,70,2,948.88,3,2,3,323,Lost Customer
475,12823.0,74,18,6501.5,3,5,5,355,Loyal Customer
476,12824.0,59,1,397.12,3,1,2,312,Lost Customer
477,12825.0,520,2,518.63,1,2,2,122,Lost Customer
478,12826.0,2,12,2800.75,5,5,4,554,Champion
479,12827.0,5,3,430.15000000000003,5,3,2,532,Loyal Customer
480,12828.0,2,6,1018.71,5,4,3,543,Loyal Customer
481,12829.0,336,3,385.3,2,3,2,232,At Risk
482,12830.0,37,6,6814.64,4,4,5,445,Champion
483,12831.0,261,3,451.11,2,3,2,232,At Risk
484,12832.0,31,2,383.03,4,2,2,422,Potential Loyalist
485,12833.0,144,1,417.38,3,1,2,312,Lost Customer
486,12834.0,282,1,312.38,2,1,2,212,Lost Customer
487,12835.0,427,41,5996.83,1,5,5,155,At Risk
488,12836.0,58,15,6559.7300000000005,4,5,5,455,Champion
489,12837.0,172,2,662.66,3,2,3,323,Lost Customer
490,12838.0,33,10,2975.91,4,5,5,455,Champion
491,12839.0,2,26,9669.12,5,5,5,555,Champion
492,12840.0,143,7,4041.97,3,4,5,345,Loyal Customer
493,12841.0,4,40,6958.2,5,5,5,555,Champion
494,12842.0,69,4,1917.99,3,3,4,334,Loyal Customer
495,12843.0,65,30,6583.36,3,5,5,355,Loyal Customer
496,12844.0,28,4,648.6,4,3,3,433,Loyal Customer
497,12845.0,266,4,354.09,2,3,2,232,At Risk
498,12846.0,681,1,15.58,1,1,1,111,Lost Customer
499,12847.0,21,2,1609.0,4,2,4,424,Potential Loyalist
500,12848.0,675,1,208.0,1,1,1,111,Lost Customer
501,12849.0,30,6,3042.47,4,4,5,445,Champion
502,12850.0,445,1,330.0,1,1,2,112,Lost Customer
503,12851.0,96,2,280.76,3,2,1,321,Lost Customer
504,12852.0,294,1,311.55,2,1,2,212,Lost Customer
505,12853.0,134,11,3907.5,3,5,5,355,Loyal Customer
506,12854.0,78,7,2970.9700000000003,3,4,5,345,Loyal Customer
507,12855.0,372,4,612.84,2,3,3,233,At Risk
508,12856.0,7,6,2170.78,5,4,4,544,Champion
509,12857.0,210,6,3688.0,2,4,5,245,At Risk
510,12858.0,382,1,147.27,2,1,1,211,Lost Customer
511,12859.0,458,1,575.1,1,1,2,112,Lost Customer
512,12860.0,692,1,54.22,1,1,1,111,Lost Customer
513,12861.0,619,1,68.25,1,1,1,111,Lost Customer
514,12862.0,425,2,984.62,1,2,3,123,Lost Customer
515,12863.0,51,6,2792.5499999999997,4,4,4,444,Champion
516,12864.0,137,2,299.57,3,2,2,322,Lost Customer
517,12865.0,25,4,3323.47,4,3,5,435,Loyal Customer
518,12866.0,282,3,1227.35,2,3,4,234,At Risk
519,12867.0,25,13,7829.26,4,5,5,455,Champion
520,12868.0,185,8,2043.76,3,4,4,344,Loyal Customer
521,12869.0,681,1,337.66999999999996,1,1,2,112,Lost Customer
522,12870.0,374,3,1676.95,2,3,4,234,At Risk
523,12871.0,83,3,744.02,3,3,3,333,Loyal Customer
524,12872.0,326,12,3283.96,2,5,5,255,At Risk
525,12873.0,281,3,2027.3,2,3,4,234,At Risk
526,12874.0,384,2,948.42,2,2,3,223,Lost Customer
527,12875.0,142,5,1356.99,3,4,4,344,Loyal Customer
528,12876.0,57,4,4081.79,4,3,5,435,Loyal Customer
529,12877.0,3,20,2942.14,5,5,5,555,Champion
530,12878.0,235,2,854.99,2,2,3,223,Lost Customer
531,12879.0,44,3,573.22,4,3,2,432,Loyal Customer
532,12880.0,381,2,640.13,2,2,3,223,Lost Customer
533,12881.0,275,1,298.0,2,1,2,212,Lost Customer
534,12882.0,8,2,1463.04,5,2,4,524,Potential Loyalist
535,12883.0,24,4,703.47,4,3,3,433,Loyal Customer
536,12884.0,87,1,309.05,3,1,2,312,Lost Customer
537,12885.0,62,3,1175.22,3,3,3,333,Loyal Customer
538,12886.0,67,2,1378.4,3,2,4,324,Lost Customer
539,12887.0,383,1,222.4,2,1,1,211,Lost Customer
540,12888.0,213,2,354.12,2,2,2,222,Lost Customer
541,12889.0,380,4,385.46000000000004,2,3,2,232,At Risk
542,12890.0,23,2,706.02,4,2,3,423,Potential Loyalist
543,12891.0,185,11,840.5,3,5,3,353,Loyal Customer
544,12892.0,396,1,263.38,2,1,1,211,Lost Customer
545,12893.0,30,1,176.55,4,1,1,411,Potential Loyalist
546,12894.0,574,1,157.35,1,1,1,111,Lost Customer
547,12895.0,41,2,372.8,4,2,2,422,Potential Loyalist
548,12897.0,204,4,514.25,2,3,2,232,At Risk
549,12898.0,463,2,296.21000000000004,1,2,2,122,Lost Customer
550,12899.0,413,1,366.4,1,1,2,112,Lost Customer
551,12900.0,421,1,340.33,1,1,2,112,Lost Customer
552,12901.0,8,28,17654.54,5,5,5,555,Champion
553,12902.0,264,1,138.68,2,1,1,211,Lost Customer
554,12903.0,428,1,833.53,1,1,3,113,Lost Customer
555,12904.0,17,2,496.06,5,2,2,522,Potential Loyalist
556,12905.0,576,2,1018.42,1,2,3,123,Lost Customer
557,12906.0,11,5,2919.81,5,4,5,545,Champion
558,12907.0,395,2,508.91,2,2,2,222,Lost Customer
559,12908.0,175,5,1776.0,3,4,4,344,Loyal Customer
560,12909.0,39,8,3103.19,4,4,5,445,Champion
561,12910.0,22,13,5796.52,4,5,5,455,Champion
562,12911.0,551,1,1651.72,1,1,4,114,Lost Customer
563,12912.0,2,5,1662.3,5,4,4,544,Champion
564,12913.0,4,13,6283.24,5,5,5,555,Champion
565,12914.0,400,1,223.98,2,1,1,211,Lost Customer
566,12915.0,148,4,975.1,3,3,3,333,Loyal Customer
567,12916.0,138,7,4479.73,3,4,5,345,Loyal Customer
568,12917.0,127,6,4359.2,3,4,5,345,Loyal Customer
569,12918.0,625,1,10953.5,1,1,5,115,Lost Customer
570,12919.0,7,6,1335.19,5,4,4,544,Champion
571,12920.0,16,4,486.64,5,3,2,532,Loyal Customer
572,12921.0,8,74,35233.24,5,5,5,555,Champion
573,12922.0,160,1,405.38,3,1,2,312,Lost Customer
574,12923.0,63,3,770.42,3,3,3,333,Loyal Customer
575,12924.0,87,12,2469.4,3,5,4,354,Loyal Customer
576,12925.0,4,3,729.3299999999999,5,3,3,533,Loyal Customer
577,12926.0,410,4,1523.97,2,3,4,234,At Risk
578,12927.0,394,1,197.31,2,1,1,211,Lost Customer
579,12928.0,34,12,4304.89,4,5,5,455,Champion
580,12929.0,311,1,117.85,2,1,1,211,Lost Customer
581,12930.0,77,2,415.8,3,2,2,322,Lost Customer
582,12931.0,21,57,92347.34,4,5,5,455,Champion
583,12932.0,538,8,1698.56,1,4,4,144,At Risk
584,12933.0,23,8,1636.6299999999999,4,4,4,444,Champion
585,12934.0,736,1,181.65,1,1,1,111,Lost Customer
586,12935.0,1,15,4243.86,5,5,5,555,Champion
587,12936.0,16,4,1063.9,5,3,3,533,Loyal Customer
588,12937.0,14,9,3097.61,5,5,5,555,Champion
589,12938.0,25,1,114.14,4,1,1,411,Potential Loyalist
590,12939.0,63,20,25264.8,3,5,5,355,Loyal Customer
591,12940.0,54,2,899.69,4,2,3,423,Potential Loyalist
592,12941.0,723,1,377.49,1,1,2,112,Lost Customer
593,12942.0,130,3,675.6,3,3,3,333,Loyal Customer
594,12943.0,557,2,496.5,1,2,2,122,Lost Customer
595,12944.0,35,2,604.51,4,2,2,422,Potential Loyalist
596,12945.0,287,2,900.11,2,2,3,223,Lost Customer
597,12946.0,436,1,324.45,1,1,2,112,Lost Customer
598,12947.0,143,6,1603.99,3,4,4,344,Loyal Customer
599,12948.0,15,9,2317.43,5,5,4,554,Champion
600,12949.0,30,22,15526.7,4,5,5,455,Champion
601,12950.0,1,3,1843.0,5,3,4,534,Loyal Customer
602,12951.0,8,15,3213.7200000000003,5,5,5,555,Champion
603,12952.0,5,4,1387.79,5,3,4,534,Loyal Customer
604,12953.0,9,2,828.8100000000001,5,2,3,523,Potential Loyalist
605,12954.0,638,1,162.45,1,1,1,111,Lost Customer
606,12955.0,0,11,4757.16,5,5,5,555,Champion
607,12956.0,305,4,521.89,2,3,2,232,At Risk
608,12957.0,9,13,8706.97,5,5,5,555,Champion
609,12958.0,399,2,467.34,2,2,2,222,Lost Customer
610,12959.0,483,1,150.95,1,1,1,111,Lost Customer
611,12960.0,413,4,1322.07,1,3,4,134,At Risk
612,12961.0,378,1,211.99,2,1,1,211,Lost Customer
613,12962.0,6,2,266.39,5,2,1,521,Potential Loyalist
614,12963.0,7,12,3235.79,5,5,5,555,Champion
615,12964.0,436,1,132.24,1,1,1,111,Lost Customer
616,12965.0,88,1,769.8100000000001,3,1,3,313,Lost Customer
617,12966.0,9,1,160.18,5,1,1,511,Potential Loyalist
618,12967.0,357,3,2938.52,2,3,5,235,At Risk
619,12968.0,111,1,135.95,3,1,1,311,Lost Customer
620,12969.0,602,1,122.45,1,1,1,111,Lost Customer
621,12970.0,6,10,1453.6,5,5,4,554,Champion
622,12971.0,3,116,15704.6,5,5,5,555,Champion
623,12972.0,413,4,1161.2,1,3,3,133,At Risk
624,12973.0,413,1,385.55,1,1,2,112,Lost Customer
625,12974.0,197,2,408.95,2,2,2,222,Lost Customer
626,12975.0,436,6,2100.09,1,4,4,144,At Risk
627,12976.0,211,8,3156.38,2,4,5,245,At Risk
628,12977.0,155,4,513.88,3,3,2,332,Loyal Customer
629,12978.0,384,5,2502.82,2,4,4,244,At Risk
630,12979.0,728,1,517.7,1,1,2,112,Lost Customer
631,12980.0,157,21,16245.78,3,5,5,355,Loyal Customer
632,12981.0,29,2,372.21999999999997,4,2,2,422,Potential Loyalist
633,12982.0,242,8,2744.81,2,4,4,244,At Risk
634,12983.0,597,1,490.08000000000004,1,1,2,112,Lost Customer
635,12984.0,18,1,97.5,5,1,1,511,Potential Loyalist
636,12985.0,0,2,1239.38,5,2,4,524,Potential Loyalist
637,12986.0,428,10,2729.84,1,5,4,154,At Risk
638,12987.0,73,5,1312.21,3,4,4,344,Loyal Customer
639,12988.0,291,1,505.82,2,1,2,212,Lost Customer
640,12989.0,2,33,13551.75,5,5,5,555,Champion
641,12990.0,30,7,955.5,4,4,3,443,Loyal Customer
642,12991.0,22,3,764.82,4,3,3,433,Loyal Customer
643,12992.0,724,1,93.35000000000001,1,1,1,111,Lost Customer
644,12993.0,22,8,1259.6299999999999,4,4,4,444,Champion
645,12994.0,3,3,974.4200000000001,5,3,3,533,Loyal Customer
646,12995.0,84,1,211.32,3,1,1,311,Lost Customer
647,12996.0,375,1,355.5,2,1,2,212,Lost Customer
648,12997.0,21,8,2110.91,4,4,4,444,Champion
649,12998.0,492,3,920.08,1,3,3,133,At Risk
650,12999.0,195,3,455.88,2,3,2,232,At Risk
651,13000.0,106,4,1032.5,3,3,3,333,Loyal Customer
652,13001.0,3,33,24042.65,5,5,5,555,Champion
653,13002.0,317,3,414.13,2,3,2,232,At Risk
654,13003.0,105,3,149.05,3,3,1,331,Loyal Customer
655,13004.0,11,36,11650.85,5,5,5,555,Champion
656,13005.0,173,4,999.68,3,3,3,333,Loyal Customer
657,13006.0,55,1,81.57,4,1,1,411,Potential Loyalist
658,13007.0,579,1,175.25,1,1,1,111,Lost Customer
659,13008.0,322,3,612.13,2,3,3,233,At Risk
660,13009.0,672,1,234.0,1,1,1,111,Lost Customer
661,13010.0,373,2,330.12,2,2,2,222,Lost Customer
662,13011.0,371,1,50.550000000000004,2,1,1,211,Lost Customer
663,13012.0,8,11,2957.83,5,5,5,555,Champion
664,13013.0,0,29,11097.43,5,5,5,555,Champion
665,13014.0,10,11,5381.08,5,5,5,555,Champion
666,13015.0,52,11,6579.78,4,5,5,455,Champion
667,13016.0,72,3,789.89,3,3,3,333,Loyal Customer
668,13017.0,6,1,204.0,5,1,1,511,Potential Loyalist
669,13018.0,15,35,9763.16,5,5,5,555,Champion
670,13019.0,378,6,1229.95,2,4,4,244,At Risk
671,13020.0,562,2,618.96,1,2,3,123,Lost Customer
672,13021.0,3,17,4887.24,5,5,5,555,Champion
673,13022.0,429,1,65.3,1,1,1,111,Lost Customer
674,13023.0,63,3,1449.03,3,3,4,334,Loyal Customer
675,13024.0,470,2,555.87,1,2,2,122,Lost Customer
676,13025.0,731,1,323.39,1,1,2,112,Lost Customer
677,13026.0,0,9,1733.08,5,5,4,554,Champion
678,13027.0,113,19,17239.2,3,5,5,355,Loyal Customer
679,13028.0,22,2,661.3199999999999,4,2,3,423,Potential Loyalist
680,13029.0,30,5,1927.3,4,4,4,444,Champion
681,13030.0,10,2,752.4399999999999,5,2,3,523,Potential Loyalist
682,13031.0,406,5,3292.84,2,4,5,245,At Risk
683,13032.0,51,9,2815.96,4,5,4,454,Champion
684,13033.0,356,2,220.55,2,2,1,221,Lost Customer
685,13034.0,54,3,756.82,4,3,3,433,Loyal Customer
686,13035.0,73,3,1364.2,3,3,4,334,Loyal Customer
687,13036.0,684,1,307.1,1,1,2,112,Lost Customer
688,13037.0,137,12,3914.9500000000003,3,5,5,355,Loyal Customer
689,13038.0,79,3,908.46,3,3,3,333,Loyal Customer
690,13039.0,583,4,1010.73,1,3,3,133,At Risk
691,13040.0,8,2,676.99,5,2,3,523,Potential Loyalist
692,13041.0,450,4,799.13,1,3,3,133,At Risk
693,13042.0,597,3,1488.59,1,3,4,134,At Risk
694,13043.0,272,1,516.42,2,1,2,212,Lost Customer
695,13044.0,290,11,4848.05,2,5,5,255,At Risk
696,13045.0,98,3,808.92,3,3,3,333,Loyal Customer
697,13046.0,30,3,949.25,4,3,3,433,Loyal Customer
698,13047.0,31,24,8428.53,4,5,5,455,Champion
699,13048.0,13,9,4049.13,5,5,5,555,Champion
700,13049.0,63,4,1408.24,3,3,4,334,Loyal Customer
701,13050.0,14,35,11986.52,5,5,5,555,Champion
702,13051.0,578,2,155.8,1,2,1,121,Lost Customer
703,13052.0,211,7,3119.33,2,4,5,245,At Risk
704,13053.0,621,1,127.65,1,1,1,111,Lost Customer
705,13055.0,77,4,2321.11,3,3,4,334,Loyal Customer
706,13056.0,550,1,209.48,1,1,1,111,Lost Customer
707,13057.0,529,3,709.59,1,3,3,133,At Risk
708,13058.0,24,3,271.40000000000003,4,3,1,431,Loyal Customer
709,13059.0,249,10,2291.77,2,5,4,254,At Risk
710,13060.0,253,1,307.53,2,1,2,212,Lost Customer
711,13061.0,71,1,248.61,3,1,1,311,Lost Customer
712,13062.0,190,1,346.98,2,1,2,212,Lost Customer
713,13063.0,480,1,188.4,1,1,1,111,Lost Customer
714,13064.0,12,6,1666.8400000000001,5,4,4,544,Champion
715,13065.0,372,5,1055.05,2,4,3,243,At Risk
716,13066.0,23,2,470.8,4,2,2,422,Potential Loyalist
717,13067.0,81,3,508.51,3,3,2,332,Loyal Customer
718,13068.0,9,2,344.0,5,2,2,522,Potential Loyalist
719,13069.0,0,38,9284.45,5,5,5,555,Champion
720,13070.0,191,4,751.7,2,3,3,233,At Risk
721,13071.0,611,1,129.22,1,1,1,111,Lost Customer
722,13072.0,266,1,177.15,2,1,1,211,Lost Customer
723,13073.0,410,2,418.08,2,2,2,222,Lost Customer
724,13074.0,510,4,1378.74,1,3,4,134,At Risk
725,13075.0,129,1,919.61,3,1,3,313,Lost Customer
726,13076.0,457,1,135.4,1,1,1,111,Lost Customer
727,13077.0,0,11,2740.65,5,5,4,554,Champion
728,13078.0,2,57,29018.06,5,5,5,555,Champion
729,13079.0,3,6,419.18,5,4,2,542,Loyal Customer
730,13080.0,178,4,280.73,3,3,1,331,Loyal Customer
731,13081.0,11,28,56838.37,5,5,5,555,Champion
732,13082.0,125,21,7335.75,3,5,5,355,Loyal Customer
733,13083.0,3,3,395.43,5,3,2,532,Loyal Customer
734,13084.0,491,1,122.39999999999999,1,1,1,111,Lost Customer
735,13085.0,157,8,2433.28,3,4,4,344,Loyal Customer
736,13086.0,382,1,439.33000000000004,2,1,2,212,Lost Customer
737,13087.0,725,1,313.64,1,1,2,112,Lost Customer
738,13088.0,416,1,236.11,1,1,1,111,Lost Customer
739,13089.0,2,203,113416.91,5,5,5,555,Champion
740,13090.0,8,24,13091.74,5,5,5,555,Champion
741,13091.0,27,3,2321.82,4,3,4,434,Loyal Customer
742,13092.0,70,12,2140.28,3,5,4,354,Loyal Customer
743,13093.0,275,55,54144.25,2,5,5,255,At Risk
744,13094.0,20,13,2209.44,4,5,4,454,Champion
745,13095.0,70,1,74.39999999999999,3,1,1,311,Lost Customer
746,13096.0,393,1,419.70000000000005,2,1,2,212,Lost Customer
747,13097.0,32,28,13324.1,4,5,5,455,Champion
748,13098.0,0,28,28882.44,5,5,5,555,Champion
749,13099.0,98,1,207.35999999999999,3,1,1,311,Lost Customer
750,13101.0,233,4,695.4,2,3,3,233,At Risk
751,13102.0,0,37,11380.1,5,5,5,555,Champion
752,13103.0,39,3,709.64,4,3,3,433,Loyal Customer
753,13104.0,2,9,1709.1,5,5,4,554,Champion
754,13105.0,435,1,72.0,1,1,1,111,Lost Customer
755,13106.0,132,2,603.46,3,2,2,322,Lost Customer
756,13107.0,43,9,5253.07,4,5,5,455,Champion
757,13108.0,372,2,748.46,2,2,3,223,Lost Customer
758,13109.0,59,3,1134.03,3,3,3,333,Loyal Customer
759,13110.0,30,12,2957.4700000000003,4,5,5,455,Champion
760,13111.0,718,1,321.88000000000005,1,1,2,112,Lost Customer
761,13112.0,540,1,20.6,1,1,1,111,Lost Customer
762,13113.0,0,37,18230.07,5,5,5,555,Champion
763,13114.0,730,1,234.38,1,1,1,111,Lost Customer
764,13115.0,11,10,5494.7,5,5,5,555,Champion
765,13116.0,137,1,501.14,3,1,2,312,Lost Customer
766,13117.0,21,18,2255.66,4,5,4,454,Champion
767,13118.0,19,9,2415.41,4,5,4,454,Champion
768,13119.0,668,1,134.9,1,1,1,111,Lost Customer
769,13120.0,238,1,30.599999999999998,2,1,1,211,Lost Customer
770,13121.0,268,1,283.73,2,1,1,211,Lost Customer
771,13122.0,93,2,922.39,3,2,3,323,Lost Customer
772,13123.0,472,2,506.75,1,2,2,122,Lost Customer
773,13124.0,89,4,4641.66,3,3,5,335,Loyal Customer
774,13125.0,523,1,148.62,1,1,1,111,Lost Customer
775,13126.0,4,13,3774.81,5,5,5,555,Champion
776,13127.0,77,1,259.17,3,1,1,311,Lost Customer
777,13128.0,630,1,263.5,1,1,1,111,Lost Customer
778,13129.0,451,2,233.25,1,2,1,121,Lost Customer
779,13130.0,93,1,64.0,3,1,1,311,Lost Customer
780,13131.0,22,7,3313.77,4,4,5,445,Champion
781,13132.0,261,1,77.3,2,1,1,211,Lost Customer
782,13133.0,273,3,200.45000000000002,2,3,1,231,At Risk
783,13134.0,85,6,2475.23,3,4,4,344,Loyal Customer
784,13135.0,196,2,3371.45,2,2,5,225,Lost Customer
785,13136.0,55,13,6274.56,4,5,5,455,Champion
786,13137.0,10,16,7586.94,5,5,5,555,Champion
787,13138.0,21,7,1274.01,4,4,4,444,Champion
788,13139.0,15,8,8202.98,5,4,5,545,Champion
789,13140.0,107,5,1054.92,3,4,3,343,Loyal Customer
790,13141.0,84,17,7656.08,3,5,5,355,Loyal Customer
791,13142.0,18,1,307.09,5,1,2,512,Potential Loyalist
792,13143.0,584,1,405.1,1,1,2,112,Lost Customer
793,13144.0,332,2,135.35,2,2,1,221,Lost Customer
794,13145.0,39,7,1128.52,4,4,3,443,Loyal Customer
795,13146.0,25,1,228.91,4,1,1,411,Potential Loyalist
796,13147.0,9,4,712.8000000000001,5,3,3,533,Loyal Customer
797,13148.0,28,26,8497.82,4,5,5,455,Champion
798,13149.0,13,4,1676.06,5,3,4,534,Loyal Customer
799,13150.0,483,3,449.96999999999997,1,3,2,132,At Risk
800,13151.0,295,3,2465.21,2,3,4,234,At Risk
801,13152.0,416,7,2146.38,1,4,4,144,At Risk
802,13153.0,5,1,486.22,5,1,2,512,Potential Loyalist
803,13154.0,398,3,1624.84,2,3,4,234,At Risk
804,13155.0,32,6,1370.48,4,4,4,444,Champion
805,13156.0,384,3,1586.54,2,3,4,234,At Risk
806,13157.0,48,9,5687.36,4,5,5,455,Champion
807,13158.0,94,5,1508.18,3,4,4,344,Loyal Customer
808,13159.0,8,4,1429.35,5,3,4,534,Loyal Customer
809,13160.0,21,1,91.8,4,1,1,411,Potential Loyalist
810,13161.0,312,2,472.13,2,2,2,222,Lost Customer
811,13162.0,121,16,9275.49,3,5,5,355,Loyal Customer
812,13163.0,609,1,17.65,1,1,1,111,Lost Customer
813,13164.0,568,2,372.2,1,2,2,122,Lost Customer
814,13165.0,45,3,1451.16,4,3,4,434,Loyal Customer
815,13166.0,282,2,875.93,2,2,3,223,Lost Customer
816,13167.0,18,5,1125.15,5,4,3,543,Loyal Customer
817,13168.0,35,5,1840.73,4,4,4,444,Champion
818,13169.0,63,3,840.08,3,3,3,333,Loyal Customer
819,13170.0,26,1,108.81,4,1,1,411,Potential Loyalist
820,13171.0,21,3,468.41,4,3,2,432,Loyal Customer
821,13172.0,399,1,69.6,2,1,1,211,Lost Customer
822,13173.0,3,11,2399.82,5,5,4,554,Champion
823,13174.0,15,12,7995.36,5,5,5,555,Champion
824,13175.0,581,2,831.45,1,2,3,123,Lost Customer
825,13176.0,45,1,481.49,4,1,2,412,Potential Loyalist
826,13177.0,64,2,512.2,3,2,2,322,Lost Customer
827,13178.0,25,21,14059.19,4,5,5,455,Champion
828,13179.0,618,1,572.3100000000001,1,1,2,112,Lost Customer
829,13180.0,606,1,86.10000000000001,1,1,1,111,Lost Customer
830,13181.0,380,1,359.69,2,1,2,212,Lost Customer
831,13182.0,44,1,121.18,4,1,1,411,Potential Loyalist
832,13183.0,7,15,7036.18,5,5,5,555,Champion
833,13184.0,14,10,1668.95,5,5,4,554,Champion
834,13185.0,267,1,71.4,2,1,1,211,Lost Customer
835,13186.0,39,3,1575.89,4,3,4,434,Loyal Customer
836,13187.0,336,4,341.36,2,3,2,232,At Risk
837,13188.0,10,1,114.60000000000001,5,1,1,511,Potential Loyalist
838,13189.0,18,2,260.68,5,2,1,521,Potential Loyalist
839,13190.0,543,3,570.66,1,3,2,132,At Risk
840,13191.0,657,1,164.69,1,1,1,111,Lost Customer
841,13192.0,94,6,2558.58,3,4,4,344,Loyal Customer
842,13193.0,60,1,112.08,3,1,1,311,Lost Customer
843,13194.0,135,2,472.78,3,2,2,322,Lost Customer
844,13195.0,413,1,136.73,1,1,1,111,Lost Customer
845,13196.0,10,7,3068.84,5,4,5,545,Champion
846,13197.0,609,1,373.01000000000005,1,1,2,112,Lost Customer
847,13198.0,9,8,4974.2300000000005,5,4,5,545,Champion
848,13199.0,3,67,15964.210000000001,5,5,5,555,Champion
849,13200.0,18,4,870.09,5,3,3,533,Loyal Customer
850,13201.0,501,4,1233.06,1,3,4,134,At Risk
851,13202.0,393,7,1580.3,2,4,4,244,At Risk
852,13203.0,9,10,2648.25,5,5,4,554,Champion
853,13204.0,730,1,966.6600000000001,1,1,3,113,Lost Customer
854,13205.0,442,1,2803.2,1,1,4,114,Lost Customer
855,13206.0,399,13,8308.19,2,5,5,255,At Risk
856,13207.0,14,4,535.86,5,3,2,532,Loyal Customer
857,13208.0,58,9,1976.3,4,5,4,454,Champion
858,13209.0,29,13,8509.51,4,5,5,455,Champion
859,13210.0,93,1,353.48,3,1,2,312,Lost Customer
860,13211.0,9,10,2618.77,5,5,4,554,Champion
861,13212.0,19,3,786.83,4,3,3,433,Loyal Customer
862,13213.0,56,11,3851.52,4,5,5,455,Champion
863,13214.0,417,7,3264.23,1,4,5,145,At Risk
864,13215.0,401,1,81.6,2,1,1,211,Lost Customer
865,13216.0,267,1,333.74,2,1,2,212,Lost Customer
866,13217.0,121,4,666.48,3,3,3,333,Loyal Customer
867,13218.0,126,1,62.63999999999999,3,1,1,311,Lost Customer
868,13219.0,617,1,76.23,1,1,1,111,Lost Customer
869,13220.0,77,5,1336.0900000000001,3,4,4,344,Loyal Customer
870,13221.0,239,2,847.41,2,2,3,223,Lost Customer
871,13222.0,576,1,88.5,1,1,1,111,Lost Customer
872,13223.0,199,6,969.1200000000001,2,4,3,243,At Risk
873,13224.0,59,2,2155.95,3,2,4,324,Lost Customer
874,13225.0,2,16,16260.07,5,5,5,555,Champion
875,13226.0,272,2,312.46,2,2,2,222,Lost Customer
876,13227.0,201,1,257.7,2,1,1,211,Lost Customer
877,13228.0,80,1,358.0,3,1,2,312,Lost Customer
878,13229.0,225,1,160.95,2,1,1,211,Lost Customer
879,13230.0,3,30,6120.01,5,5,5,555,Champion
880,13232.0,12,7,1328.35,5,4,4,544,Champion
881,13233.0,73,4,1176.46,3,3,3,333,Loyal Customer
882,13234.0,672,2,346.5,1,2,2,122,Lost Customer
883,13235.0,211,1,1031.07,2,1,3,213,Lost Customer
884,13236.0,24,2,744.85,4,2,3,423,Potential Loyalist
885,13237.0,387,1,643.0,2,1,3,213,Lost Customer
886,13238.0,16,6,1006.63,5,4,3,543,Loyal Customer
887,13239.0,261,5,1594.69,2,4,4,244,At Risk
888,13240.0,95,8,1475.79,3,4,4,344,Loyal Customer
889,13241.0,411,1,112.53,1,1,1,111,Lost Customer
890,13242.0,111,7,699.4,3,4,3,343,Loyal Customer
891,13243.0,202,5,1220.38,2,4,3,243,At Risk
892,13244.0,92,1,121.74000000000001,3,1,1,311,Lost Customer
893,13245.0,50,2,989.22,4,2,3,423,Potential Loyalist
894,13246.0,17,11,3351.75,5,5,5,555,Champion
895,13247.0,17,4,501.12,5,3,2,532,Loyal Customer
896,13248.0,124,2,465.68,3,2,2,322,Lost Customer
897,13249.0,91,9,1608.93,3,5,4,354,Loyal Customer
898,13250.0,460,2,253.09,1,2,1,121,Lost Customer
899,13251.0,401,1,252.68,2,1,1,211,Lost Customer
900,13252.0,393,2,399.3,2,2,2,222,Lost Customer
901,13253.0,156,4,2951.11,3,3,5,335,Loyal Customer
902,13254.0,375,1,51.410000000000004,2,1,1,211,Lost Customer
903,13255.0,8,3,678.76,5,3,3,533,Loyal Customer
904,13256.0,13,1,0.0,5,1,1,511,Potential Loyalist
905,13257.0,435,1,149.75,1,1,1,111,Lost Customer
906,13258.0,11,5,1009.43,5,4,3,543,Loyal Customer
907,13259.0,61,9,1402.54,3,5,4,354,Loyal Customer
908,13260.0,60,1,557.62,3,1,2,312,Lost Customer
909,13261.0,268,2,944.1,2,2,3,223,Lost Customer
910,13262.0,262,3,573.45,2,3,2,232,At Risk
911,13263.0,0,39,8676.2,5,5,5,555,Champion
912,13264.0,442,1,722.5600000000001,1,1,3,113,Lost Customer
913,13265.0,52,5,2092.66,4,4,4,444,Champion
914,13266.0,10,19,6135.04,5,5,5,555,Champion
915,13267.0,2,36,9429.81,5,5,5,555,Champion
916,13268.0,17,11,3174.75,5,5,5,555,Champion
917,13269.0,0,28,8537.32,5,5,5,555,Champion
918,13270.0,365,1,590.0,2,1,2,212,Lost Customer
919,13271.0,36,1,211.49,4,1,1,411,Potential Loyalist
920,13272.0,30,2,276.56,4,2,1,421,Potential Loyalist
921,13273.0,112,1,138.98,3,1,1,311,Lost Customer
922,13274.0,408,1,360.85,2,1,2,212,Lost Customer
923,13275.0,383,2,238.86,2,2,1,221,Lost Customer
924,13276.0,63,5,1891.91,3,4,4,344,Loyal Customer
925,13277.0,15,7,523.3,5,4,2,542,Loyal Customer
926,13278.0,40,4,1435.85,4,3,4,434,Loyal Customer
927,13279.0,77,1,137.75,3,1,1,311,Lost Customer
928,13280.0,121,7,2293.33,3,4,4,344,Loyal Customer
929,13281.0,438,1,350.85,1,1,2,112,Lost Customer
930,13282.0,17,4,1313.19,5,3,4,534,Loyal Customer
931,13283.0,59,4,373.36,3,3,2,332,Loyal Customer
932,13284.0,330,1,201.19,2,1,1,211,Lost Customer
933,13285.0,22,6,3364.59,4,4,5,445,Champion
934,13286.0,599,1,734.91,1,1,3,113,Lost Customer
935,13287.0,602,3,781.59,1,3,3,133,At Risk
936,13288.0,442,5,927.61,1,4,3,143,At Risk
937,13289.0,723,1,307.95,1,1,2,112,Lost Customer
938,13290.0,437,1,208.63,1,1,1,111,Lost Customer
939,13291.0,155,11,3270.79,3,5,5,355,Loyal Customer
940,13292.0,38,5,994.51,4,4,3,443,Loyal Customer
941,13293.0,391,6,1192.94,2,4,3,243,At Risk
942,13294.0,189,3,1689.53,2,3,4,234,At Risk
943,13295.0,359,4,1101.97,2,3,3,233,At Risk
944,13296.0,136,6,792.51,3,4,3,343,Loyal Customer
945,13297.0,7,7,4368.62,5,4,5,545,Champion
946,13298.0,0,1,360.0,5,1,2,512,Potential Loyalist
947,13299.0,267,3,1218.7,2,3,3,233,At Risk
948,13300.0,168,3,1285.51,3,3,4,334,Loyal Customer
949,13301.0,103,4,618.09,3,3,3,333,Loyal Customer
950,13302.0,154,2,159.2,3,2,1,321,Lost Customer
951,13303.0,399,1,61.72,2,1,1,211,Lost Customer
952,13304.0,350,4,1217.99,2,3,3,233,At Risk
953,13305.0,3,16,3616.41,5,5,5,555,Champion
954,13306.0,429,1,53.65,1,1,1,111,Lost Customer
955,13307.0,119,3,273.34,3,3,1,331,Loyal Customer
956,13308.0,22,4,1670.3700000000001,4,3,4,434,Loyal Customer
957,13309.0,6,6,1706.3700000000001,5,4,4,544,Champion
958,13310.0,27,5,1541.2,4,4,4,444,Champion
959,13311.0,3,2,598.57,5,2,2,522,Potential Loyalist
960,13312.0,450,1,124.75,1,1,1,111,Lost Customer
961,13313.0,21,12,3445.32,4,5,5,455,Champion
962,13314.0,1,3,775.94,5,3,3,533,Loyal Customer
963,13315.0,688,1,310.26,1,1,2,112,Lost Customer
964,13316.0,36,10,12940.82,4,5,5,455,Champion
965,13317.0,65,19,6486.091,3,5,5,355,Loyal Customer
966,13318.0,0,3,640.76,5,3,3,533,Loyal Customer
967,13319.0,4,58,21323.22,5,5,5,555,Champion
968,13320.0,77,6,2211.6,3,4,4,344,Loyal Customer
969,13321.0,71,2,567.36,3,2,2,322,Lost Customer
970,13322.0,16,1,199.48000000000002,5,1,1,511,Potential Loyalist
971,13323.0,2,5,787.85,5,4,3,543,Loyal Customer
972,13324.0,35,18,10513.47,4,5,5,455,Champion
973,13325.0,81,1,675.3,3,1,3,313,Lost Customer
974,13326.0,431,1,281.76,1,1,1,111,Lost Customer
975,13327.0,38,20,9134.48,4,5,5,455,Champion
976,13328.0,315,1,1308.48,2,1,4,214,Lost Customer
977,13329.0,31,8,4808.77,4,4,5,445,Champion
978,13330.0,92,6,2796.1,3,4,4,344,Loyal Customer
979,13331.0,401,1,262.4,2,1,1,211,Lost Customer
980,13332.0,13,1,350.9,5,1,2,512,Potential Loyalist
981,13333.0,410,3,1015.74,2,3,3,233,At Risk
982,13334.0,81,5,6201.8,3,4,5,345,Loyal Customer
983,13336.0,76,1,795.12,3,1,3,313,Lost Customer
984,13337.0,545,1,1575.26,1,1,4,114,Lost Customer
985,13338.0,157,4,2445.62,3,3,4,334,Loyal Customer
986,13339.0,200,1,860.12,2,1,3,213,Lost Customer
987,13340.0,44,12,22100.56,4,5,5,455,Champion
988,13341.0,260,1,775.85,2,1,3,213,Lost Customer
989,13343.0,177,1,353.43,3,1,2,312,Lost Customer
990,13344.0,67,3,2511.69,3,3,4,334,Loyal Customer
991,13345.0,287,1,389.5,2,1,2,212,Lost Customer
992,13346.0,462,6,299.4,1,4,2,142,At Risk
993,13347.0,69,1,341.36,3,1,2,312,Lost Customer
994,13348.0,63,1,233.76,3,1,1,311,Lost Customer
995,13349.0,10,1,247.32,5,1,1,511,Potential Loyalist
996,13350.0,15,2,979.12,5,2,3,523,Potential Loyalist
997,13351.0,65,1,373.94,3,1,2,312,Lost Customer
998,13352.0,59,1,397.97999999999996,3,1,2,312,Lost Customer
999,13354.0,70,1,743.53,3,1,3,313,Lost Customer
1000,13355.0,121,1,674.7,3,1,3,313,Lost Customer
1001,13356.0,79,1,768.24,3,1,3,313,Lost Customer
1002,13357.0,256,5,3805.5099999999998,2,4,5,245,At Risk
1003,13358.0,268,1,439.03,2,1,2,212,Lost Customer
1004,13359.0,63,2,1043.31,3,2,3,323,Lost Customer
1005,13360.0,431,4,1553.65,1,3,4,134,At Risk
1006,13361.0,471,2,1450.5,1,2,4,124,Lost Customer
1007,13362.0,8,7,5394.07,5,4,5,545,Champion
1008,13363.0,17,3,1723.86,5,3,4,534,Loyal Customer
1009,13364.0,70,1,134.95999999999998,3,1,1,311,Lost Customer
1010,13365.0,33,2,2225.37,4,2,4,424,Potential Loyalist
1011,13366.0,49,1,56.160000000000004,4,1,1,411,Potential Loyalist
1012,13367.0,431,1,510.20000000000005,1,1,2,112,Lost Customer
1013,13368.0,256,4,1121.5,2,3,3,233,At Risk
1014,13369.0,365,1,308.28000000000003,2,1,2,212,Lost Customer
1015,13370.0,371,1,754.87,2,1,3,213,Lost Customer
1016,13371.0,504,2,2297.66,1,2,4,124,Lost Customer
1017,13372.0,89,1,378.64,3,1,2,312,Lost Customer
1018,13373.0,60,6,7587.1900000000005,3,4,5,345,Loyal Customer
1019,13374.0,414,2,422.8,1,2,2,122,Lost Customer
1020,13375.0,88,2,1792.23,3,2,4,324,Lost Customer
1021,13376.0,98,3,1019.76,3,3,3,333,Loyal Customer
1022,13377.0,396,2,1552.88,2,2,4,224,Lost Customer
1023,13379.0,25,3,572.56,4,3,2,432,Loyal Customer
1024,13380.0,432,1,62.4,1,1,1,111,Lost Customer
1025,13381.0,31,12,8224.37,4,5,5,455,Champion
1026,13382.0,280,5,1387.58,2,4,4,244,At Risk
1027,13383.0,543,1,305.28000000000003,1,1,2,112,Lost Customer
1028,13384.0,30,11,6680.83,4,5,5,455,Champion
1029,13385.0,329,1,534.57,2,1,2,212,Lost Customer
1030,13386.0,413,2,835.46,1,2,3,123,Lost Customer
1031,13387.0,416,1,186.94,1,1,1,111,Lost Customer
1032,13388.0,130,3,1185.65,3,3,3,333,Loyal Customer
1033,13389.0,10,3,797.96,5,3,3,533,Loyal Customer
1034,13390.0,74,1,544.08,3,1,2,312,Lost Customer
1035,13391.0,203,1,59.8,2,1,1,211,Lost Customer
1036,13392.0,676,1,91.14,1,1,1,111,Lost Customer
1037,13393.0,583,4,1131.45,1,3,3,133,At Risk
1038,13394.0,1,19,6621.7,5,5,5,555,Champion
1039,13395.0,184,3,1180.23,3,3,3,333,Loyal Customer
1040,13396.0,28,2,1360.99,4,2,4,424,Potential Loyalist
1041,13397.0,72,10,3191.87,3,5,5,355,Loyal Customer
1042,13398.0,191,2,670.34,2,2,3,223,Lost Customer
1043,13399.0,463,3,275.4,1,3,1,131,At Risk
1044,13400.0,582,1,310.83,1,1,2,112,Lost Customer
1045,13402.0,126,4,1226.8500000000001,3,3,4,334,Loyal Customer
1046,13403.0,17,3,229.5,5,3,1,531,Loyal Customer
1047,13404.0,0,2,252.49,5,2,1,521,Potential Loyalist
1048,13405.0,73,6,1213.811,3,4,3,343,Loyal Customer
1049,13406.0,426,2,568.92,1,2,2,122,Lost Customer
1050,13407.0,578,3,2244.7,1,3,4,134,At Risk
1051,13408.0,1,106,50174.782,5,5,5,555,Champion
1052,13410.0,23,9,2201.96,4,5,4,454,Champion
1053,13411.0,106,1,213.55,3,1,1,311,Lost Customer
1054,13412.0,619,1,487.34999999999997,1,1,2,112,Lost Customer
1055,13413.0,639,6,429.44,1,4,2,142,At Risk
1056,13414.0,133,6,2494.14,3,4,4,344,Loyal Customer
1057,13415.0,472,4,784.17,1,3,3,133,At Risk
1058,13416.0,43,3,940.8000000000001,4,3,3,433,Loyal Customer
1059,13417.0,4,6,1669.49,5,4,4,544,Champion
1060,13418.0,11,31,11559.66,5,5,5,555,Champion
1061,13419.0,63,1,221.06,3,1,1,311,Lost Customer
1062,13420.0,149,2,159.85,3,2,1,321,Lost Customer
1063,13421.0,39,8,4058.75,4,4,5,445,Champion
1064,13422.0,63,1,2626.3,3,1,4,314,Lost Customer
1065,13423.0,428,1,217.03,1,1,1,111,Lost Customer
1066,13424.0,449,1,572.77,1,1,2,112,Lost Customer
1067,13425.0,107,5,3390.4300000000003,3,4,5,345,Loyal Customer
1068,13426.0,0,22,8167.38,5,5,5,555,Champion
1069,13427.0,18,6,1006.53,5,4,3,543,Loyal Customer
1070,13428.0,9,3,478.54,5,3,2,532,Loyal Customer
1071,13429.0,10,4,1006.8,5,3,3,533,Loyal Customer
1072,13430.0,18,2,679.45,5,2,3,523,Potential Loyalist
1073,13431.0,66,8,3316.24,3,4,5,345,Loyal Customer
1074,13432.0,570,2,439.1,1,2,2,122,Lost Customer
1075,13433.0,500,4,658.3199999999999,1,3,3,133,At Risk
1076,13434.0,73,5,1666.8600000000001,3,4,4,344,Loyal Customer
1077,13435.0,4,9,4447.33,5,5,5,555,Champion
1078,13436.0,1,1,196.89,5,1,1,511,Potential Loyalist
1079,13437.0,13,7,3408.06,5,4,5,545,Champion
1080,13438.0,546,1,46.5,1,1,1,111,Lost Customer
1081,13439.0,254,3,986.61,2,3,3,233,At Risk
1082,13440.0,422,7,1295.25,1,4,4,144,At Risk
1083,13441.0,91,2,720.9,3,2,3,323,Lost Customer
1084,13442.0,666,3,419.87,1,3,2,132,At Risk
1085,13443.0,448,6,1273.16,1,4,4,144,At Risk
1086,13444.0,373,2,619.08,2,2,3,223,Lost Customer
1087,13445.0,625,1,241.89999999999998,1,1,1,111,Lost Customer
1088,13446.0,429,11,3881.89,1,5,5,155,At Risk
1089,13447.0,22,3,1129.14,4,3,3,433,Loyal Customer
1090,13448.0,16,13,8745.93,5,5,5,555,Champion
1091,13449.0,23,1,291.88,4,1,2,412,Potential Loyalist
1092,13450.0,26,13,4120.04,4,5,5,455,Champion
1093,13451.0,25,11,7090.06,4,5,5,455,Champion
1094,13452.0,258,3,729.8,2,3,3,233,At Risk
1095,13453.0,165,3,781.6899999999999,3,3,3,333,Loyal Customer
1096,13454.0,640,1,219.87,1,1,1,111,Lost Customer
1097,13455.0,24,6,2212.9900000000002,4,4,4,444,Champion
1098,13456.0,17,6,1766.72,5,4,4,544,Champion
1099,13457.0,688,2,148.22,1,2,1,121,Lost Customer
1100,13458.0,6,16,11959.27,5,5,5,555,Champion
1101,13459.0,624,2,1160.4099999999999,1,2,3,123,Lost Customer
1102,13460.0,28,2,183.44,4,2,1,421,Potential Loyalist
1103,13461.0,38,6,4160.0,4,4,5,445,Champion
1104,13462.0,252,5,1153.85,2,4,3,243,At Risk
1105,13464.0,57,6,3097.64,4,4,5,445,Champion
1106,13465.0,445,2,931.12,1,2,3,123,Lost Customer
1107,13466.0,183,5,1013.35,3,4,3,343,Loyal Customer
1108,13467.0,10,2,1071.91,5,2,3,523,Potential Loyalist
1109,13468.0,1,72,12793.28,5,5,5,555,Champion
1110,13469.0,652,1,82.4,1,1,1,111,Lost Customer
1111,13470.0,98,2,165.0,3,2,1,321,Lost Customer
1112,13471.0,0,4,2501.84,5,3,4,534,Loyal Customer
1113,13472.0,463,2,592.24,1,2,2,122,Lost Customer
1114,13473.0,60,8,2657.7599999999998,3,4,4,344,Loyal Customer
1115,13474.0,235,3,646.59,2,3,3,233,At Risk
1116,13475.0,190,4,1431.78,2,3,4,234,At Risk
1117,13476.0,178,5,2061.4700000000003,3,4,4,344,Loyal Customer
1118,13477.0,37,11,2819.17,4,5,4,454,Champion
1119,13478.0,468,5,2215.78,1,4,4,144,At Risk
1120,13479.0,200,4,851.37,2,3,3,233,At Risk
1121,13480.0,416,2,627.82,1,2,3,123,Lost Customer
1122,13481.0,45,11,3830.84,4,5,5,455,Champion
1123,13482.0,231,2,336.09,2,2,2,222,Lost Customer
1124,13483.0,65,1,140.34,3,1,1,311,Lost Customer
1125,13484.0,240,3,790.72,2,3,3,233,At Risk
1126,13485.0,232,11,3019.2200000000003,2,5,5,255,At Risk
1127,13486.0,77,3,1122.41,3,3,3,333,Loyal Customer
1128,13487.0,57,5,846.87,4,4,3,443,Loyal Customer
1129,13488.0,16,23,14205.96,5,5,5,555,Champion
1130,13489.0,104,4,449.52,3,3,2,332,Loyal Customer
1131,13490.0,653,1,154.25,1,1,1,111,Lost Customer
1132,13491.0,51,27,4467.66,4,5,5,455,Champion
1133,13492.0,135,3,1269.84,3,3,4,334,Loyal Customer
1134,13493.0,274,2,618.63,2,2,3,223,Lost Customer
1135,13494.0,311,1,316.26000000000005,2,1,2,212,Lost Customer
1136,13495.0,7,10,4863.31,5,5,5,555,Champion
1137,13496.0,10,2,653.33,5,2,3,523,Potential Loyalist
1138,13497.0,282,6,1166.83,2,4,3,243,At Risk
1139,13498.0,729,1,327.38,1,1,2,112,Lost Customer
1140,13499.0,17,5,1159.11,5,4,3,543,Loyal Customer
1141,13500.0,22,4,1466.3,4,3,4,434,Loyal Customer
1142,13501.0,287,3,2885.11,2,3,4,234,At Risk
1143,13502.0,16,5,780.5,5,4,3,543,Loyal Customer
1144,13503.0,70,6,1859.24,3,4,4,344,Loyal Customer
1145,13504.0,63,1,295.93,3,1,2,312,Lost Customer
1146,13505.0,72,4,4393.63,3,3,5,335,Loyal Customer
1147,13506.0,315,5,1338.08,2,4,4,244,At Risk
1148,13507.0,2,4,2479.16,5,3,4,534,Loyal Customer
1149,13508.0,243,2,287.05,2,2,2,222,Lost Customer
1150,13509.0,8,8,1114.72,5,4,3,543,Loyal Customer
1151,13510.0,0,11,4558.29,5,5,5,555,Champion
1152,13511.0,676,1,282.76,1,1,1,111,Lost Customer
1153,13512.0,260,4,713.39,2,3,3,233,At Risk
1154,13513.0,126,3,824.59,3,3,3,333,Loyal Customer
1155,13514.0,73,4,815.9000000000001,3,3,3,333,Loyal Customer
1156,13515.0,72,6,1265.82,3,4,4,344,Loyal Customer
1157,13516.0,20,4,1685.26,4,3,4,434,Loyal Customer
1158,13517.0,59,3,2128.42,3,3,4,334,Loyal Customer
1159,13518.0,85,1,627.16,3,1,3,313,Lost Customer
1160,13519.0,77,2,343.21,3,2,2,322,Lost Customer
1161,13520.0,58,11,6606.0,4,5,5,455,Champion
1162,13521.0,0,3,1071.73,5,3,3,533,Loyal Customer
1163,13522.0,29,1,125.80000000000001,4,1,1,411,Potential Loyalist
1164,13523.0,32,6,4534.57,4,4,5,445,Champion
1165,13524.0,40,5,680.1800000000001,4,4,3,443,Loyal Customer
1166,13525.0,14,2,628.78,5,2,3,523,Potential Loyalist
1167,13526.0,737,2,1182.0,1,2,3,123,Lost Customer
1168,13527.0,33,12,4541.29,4,5,5,455,Champion
1169,13529.0,78,2,307.76,3,2,2,322,Lost Customer
1170,13530.0,633,1,402.97999999999996,1,1,2,112,Lost Customer
1171,13531.0,204,6,1433.07,2,4,4,244,At Risk
1172,13532.0,33,1,210.31,4,1,1,411,Potential Loyalist
1173,13533.0,182,3,269.09,3,3,1,331,Loyal Customer
1174,13534.0,1,35,7720.9,5,5,5,555,Champion
1175,13535.0,402,1,89.5,2,1,1,211,Lost Customer
1176,13536.0,0,7,3444.39,5,4,5,545,Champion
1177,13537.0,425,2,717.85,1,2,3,123,Lost Customer
1178,13538.0,42,12,3103.13,4,5,5,455,Champion
1179,13539.0,85,7,1569.3600000000001,3,4,4,344,Loyal Customer
1180,13540.0,466,3,632.39,1,3,3,133,At Risk
1181,13541.0,426,2,785.25,1,2,3,123,Lost Customer
1182,13542.0,376,17,3959.4900000000002,2,5,5,255,At Risk
1183,13543.0,633,2,1439.6100000000001,1,2,4,124,Lost Customer
1184,13544.0,39,6,790.2,4,4,3,443,Loyal Customer
1185,13545.0,390,2,364.93,2,2,2,222,Lost Customer
1186,13546.0,11,5,1086.24,5,4,3,543,Loyal Customer
1187,13547.0,407,1,167.08,2,1,1,211,Lost Customer
1188,13548.0,95,3,901.44,3,3,3,333,Loyal Customer
1189,13549.0,25,8,1005.8,4,4,3,443,Loyal Customer
1190,13550.0,382,1,342.55,2,1,2,212,Lost Customer
1191,13551.0,318,2,244.2,2,2,1,221,Lost Customer
1192,13552.0,65,22,6948.92,3,5,5,355,Loyal Customer
1193,13553.0,674,1,499.6,1,1,2,112,Lost Customer
1194,13554.0,379,7,1629.35,2,4,4,244,At Risk
1195,13555.0,73,13,8891.84,3,5,5,355,Loyal Customer
1196,13556.0,428,2,200.82,1,2,1,121,Lost Customer
1197,13557.0,27,13,3032.26,4,5,5,455,Champion
1198,13558.0,5,4,594.52,5,3,2,532,Loyal Customer
1199,13559.0,512,2,990.0,1,2,3,123,Lost Customer
1200,13560.0,6,1,171.42000000000002,5,1,1,511,Potential Loyalist
1201,13561.0,215,11,1803.4,2,5,4,254,At Risk
1202,13562.0,81,8,4838.18,3,4,5,345,Loyal Customer
1203,13563.0,83,2,777.53,3,2,3,323,Lost Customer
1204,13564.0,143,37,16498.97,3,5,5,355,Loyal Customer
1205,13565.0,18,3,414.8,5,3,2,532,Loyal Customer
1206,13566.0,40,5,1688.6,4,4,4,444,Champion
1207,13567.0,427,4,1079.29,1,3,3,133,At Risk
1208,13568.0,172,1,187.05,3,1,1,311,Lost Customer
1209,13569.0,16,4,726.54,5,3,3,533,Loyal Customer
1210,13570.0,242,1,239.49,2,1,1,211,Lost Customer
1211,13571.0,12,26,4537.26,5,5,5,555,Champion
1212,13572.0,205,1,1384.25,2,1,4,214,Lost Customer
1213,13573.0,49,6,904.52,4,4,3,443,Loyal Customer
1214,13574.0,410,1,404.45,2,1,2,212,Lost Customer
1215,13575.0,22,5,732.0699999999999,4,4,3,443,Loyal Customer
1216,13576.0,9,28,11202.59,5,5,5,555,Champion
1217,13577.0,24,11,3489.28,4,5,5,455,Champion
1218,13578.0,408,1,147.66,2,1,1,211,Lost Customer
1219,13579.0,14,5,1374.34,5,4,4,544,Champion
1220,13580.0,405,1,107.75,2,1,1,211,Lost Customer
1221,13581.0,308,2,280.53000000000003,2,2,1,221,Lost Customer
1222,13582.0,389,2,241.68,2,2,1,221,Lost Customer
1223,13583.0,155,2,1445.031,3,2,4,324,Lost Customer
1224,13584.0,306,3,385.7,2,3,2,232,At Risk
1225,13585.0,530,3,684.54,1,3,3,133,At Risk
1226,13586.0,540,1,127.28,1,1,1,111,Lost Customer
1227,13587.0,63,4,1673.5,3,3,4,334,Loyal Customer
1228,13588.0,15,9,2478.95,5,5,4,554,Champion
1229,13589.0,14,6,1120.74,5,4,3,543,Loyal Customer
1230,13590.0,10,18,6336.04,5,5,5,555,Champion
1231,13591.0,64,7,2093.94,3,4,4,344,Loyal Customer
1232,13592.0,35,4,247.95999999999998,4,3,1,431,Loyal Customer
1233,13593.0,107,14,5493.29,3,5,5,355,Loyal Customer
1234,13594.0,52,2,533.32,4,2,2,422,Potential Loyalist
1235,13595.0,516,3,784.48,1,3,3,133,At Risk
1236,13596.0,5,2,664.11,5,2,3,523,Potential Loyalist
1237,13597.0,399,2,396.71,2,2,2,222,Lost Customer
1238,13598.0,46,5,761.96,4,4,3,443,Loyal Customer
1239,13599.0,0,33,9811.04,5,5,5,555,Champion
1240,13600.0,311,2,518.42,2,2,2,222,Lost Customer
1241,13601.0,44,4,1159.99,4,3,3,433,Loyal Customer
1242,13602.0,64,4,1025.17,3,3,3,333,Loyal Customer
1243,13603.0,25,1,164.34,4,1,1,411,Potential Loyalist
1244,13604.0,658,1,717.62,1,1,3,113,Lost Customer
1245,13605.0,386,2,522.67,2,2,2,222,Lost Customer
1246,13606.0,28,3,276.75,4,3,1,431,Loyal Customer
1247,13607.0,39,2,1075.81,4,2,3,423,Potential Loyalist
1248,13608.0,540,1,232.05,1,1,1,111,Lost Customer
1249,13609.0,592,1,167.35,1,1,1,111,Lost Customer
1250,13610.0,11,14,2103.71,5,5,4,554,Champion
1251,13611.0,88,10,3297.9300000000003,3,5,5,355,Loyal Customer
1252,13612.0,632,1,818.29,1,1,3,113,Lost Customer
1253,13613.0,452,5,1039.8500000000001,1,4,3,143,At Risk
1254,13614.0,23,6,2332.74,4,4,4,444,Champion
1255,13615.0,318,8,6272.53,2,4,5,245,At Risk
1256,13616.0,567,2,283.85,1,2,1,121,Lost Customer
1257,13617.0,39,8,1278.75,4,4,4,444,Champion
1258,13618.0,173,1,177.34,3,1,1,311,Lost Customer
1259,13619.0,544,2,224.94,1,2,1,121,Lost Customer
1260,13620.0,527,1,112.34,1,1,1,111,Lost Customer
1261,13621.0,116,1,213.85,3,1,1,311,Lost Customer
1262,13622.0,695,1,658.95,1,1,3,113,Lost Customer
1263,13623.0,30,10,2533.06,4,5,4,454,Champion
1264,13624.0,387,1,462.08,2,1,2,212,Lost Customer
1265,13625.0,596,1,301.26,1,1,2,112,Lost Customer
1266,13626.0,252,2,707.04,2,2,3,223,Lost Customer
1267,13627.0,58,7,2245.9,4,4,4,444,Champion
1268,13628.0,675,1,310.14,1,1,2,112,Lost Customer
1269,13629.0,22,19,13370.86,4,5,5,455,Champion
1270,13630.0,4,7,2031.78,5,4,4,544,Champion
1271,13631.0,99,11,3070.42,3,5,5,355,Loyal Customer
1272,13632.0,24,8,3645.81,4,4,5,445,Champion
1273,13634.0,32,16,5033.77,4,5,5,455,Champion
1274,13635.0,67,4,2999.16,3,3,5,335,Loyal Customer
1275,13636.0,36,5,949.12,4,4,3,443,Loyal Customer
1276,13637.0,51,3,804.3,4,3,3,433,Loyal Customer
1277,13638.0,15,1,122.64,5,1,1,511,Potential Loyalist
1278,13639.0,73,2,1346.27,3,2,4,324,Lost Customer
1279,13640.0,610,1,405.0,1,1,2,112,Lost Customer
1280,13641.0,640,5,1016.47,1,4,3,143,At Risk
1281,13642.0,215,4,472.2,2,3,2,232,At Risk
1282,13643.0,30,10,2156.77,4,5,4,454,Champion
1283,13644.0,15,4,2624.26,5,3,4,534,Loyal Customer
1284,13645.0,119,1,252.1,3,1,1,311,Lost Customer
1285,13646.0,399,2,326.25,2,2,2,222,Lost Customer
1286,13647.0,9,8,3041.68,5,4,5,545,Champion
1287,13648.0,399,8,1764.02,2,4,4,244,At Risk
1288,13649.0,256,6,1453.68,2,4,4,244,At Risk
1289,13650.0,16,10,3288.0,5,5,5,555,Champion
1290,13651.0,34,3,226.85,4,3,1,431,Loyal Customer
1291,13652.0,45,5,2262.05,4,4,4,444,Champion
1292,13653.0,487,1,152.2,1,1,1,111,Lost Customer
1293,13654.0,42,11,6308.0,4,5,5,455,Champion
1294,13655.0,113,6,2280.51,3,4,4,344,Loyal Customer
1295,13656.0,164,4,1078.85,3,3,3,333,Loyal Customer
1296,13657.0,10,2,382.14,5,2,2,522,Potential Loyalist
1297,13658.0,9,9,6025.5,5,5,5,555,Champion
1298,13659.0,205,12,4884.68,2,5,5,255,At Risk
1299,13660.0,399,1,306.64,2,1,2,212,Lost Customer
1300,13661.0,602,1,325.24,1,1,2,112,Lost Customer
1301,13662.0,85,11,2233.61,3,5,4,354,Loyal Customer
1302,13663.0,178,5,2047.51,3,4,4,344,Loyal Customer
1303,13665.0,385,3,1711.6599999999999,2,3,4,234,At Risk
1304,13666.0,59,5,127.89999999999999,3,4,1,341,Loyal Customer
1305,13667.0,148,1,299.05,3,1,2,312,Lost Customer
1306,13668.0,2,35,12948.48,5,5,5,555,Champion
1307,13669.0,50,3,413.55,4,3,2,432,Loyal Customer
1308,13670.0,74,1,349.7,3,1,2,312,Lost Customer
1309,13671.0,394,1,172.6,2,1,1,211,Lost Customer
1310,13672.0,300,3,419.92,2,3,2,232,At Risk
1311,13673.0,18,2,387.44,5,2,2,522,Potential Loyalist
1312,13674.0,432,1,240.68,1,1,1,111,Lost Customer
1313,13675.0,150,2,486.82000000000005,3,2,2,322,Lost Customer
1314,13676.0,538,2,243.9,1,2,1,121,Lost Customer
1315,13677.0,404,2,551.24,2,2,2,222,Lost Customer
1316,13678.0,151,1,232.6,3,1,1,311,Lost Customer
1317,13679.0,493,3,281.26,1,3,1,131,At Risk
1318,13680.0,0,12,11419.67,5,5,5,555,Champion
1319,13681.0,17,4,827.83,5,3,3,533,Loyal Customer
1320,13682.0,186,1,59.5,3,1,1,311,Lost Customer
1321,13683.0,457,1,258.6,1,1,1,111,Lost Customer
1322,13684.0,285,4,594.88,2,3,2,232,At Risk
1323,13685.0,2,7,3119.44,5,4,5,545,Champion
1324,13686.0,182,3,409.04,3,3,2,332,Loyal Customer
1325,13687.0,437,1,11880.84,1,1,5,115,Lost Customer
1326,13688.0,634,1,375.5,1,1,2,112,Lost Customer
1327,13689.0,62,2,1259.5,3,2,4,324,Lost Customer
1328,13690.0,58,1,172.25,4,1,1,411,Potential Loyalist
1329,13691.0,395,1,212.78,2,1,1,211,Lost Customer
1330,13692.0,24,5,3114.4,4,4,5,445,Champion
1331,13693.0,373,9,2011.82,2,5,4,254,At Risk
1332,13694.0,3,143,195640.69,5,5,5,555,Champion
1333,13695.0,30,16,2770.73,4,5,4,454,Champion
1334,13696.0,421,3,2020.4,1,3,4,134,At Risk
1335,13697.0,38,1,151.29999999999998,4,1,1,411,Potential Loyalist
1336,13698.0,596,2,451.73,1,2,2,122,Lost Customer
1337,13699.0,154,2,764.15,3,2,3,323,Lost Customer
1338,13700.0,25,13,2596.9700000000003,4,5,4,454,Champion
1339,13701.0,446,1,161.0,1,1,1,111,Lost Customer
1340,13702.0,445,1,135.18,1,1,1,111,Lost Customer
1341,13703.0,317,2,425.56,2,2,2,222,Lost Customer
1342,13704.0,4,9,2308.06,5,5,4,554,Champion
1343,13705.0,7,7,1717.19,5,4,4,544,Champion
1344,13706.0,302,2,631.17,2,2,3,223,Lost Customer
1345,13707.0,266,5,3365.86,2,4,5,245,At Risk
1346,13708.0,270,1,285.33,2,1,1,211,Lost Customer
1347,13709.0,3,18,7571.35,5,5,5,555,Champion
1348,13710.0,31,3,509.52,4,3,2,432,Loyal Customer
1349,13711.0,218,9,1792.26,2,5,4,254,At Risk
1350,13712.0,246,2,766.42,2,2,3,223,Lost Customer
1351,13713.0,407,3,740.76,2,3,3,233,At Risk
1352,13714.0,464,1,161.35,1,1,1,111,Lost Customer
1353,13715.0,280,17,8153.04,2,5,5,255,At Risk
1354,13716.0,268,1,138.28,2,1,1,211,Lost Customer
1355,13717.0,31,8,1763.3,4,4,4,444,Champion
1356,13718.0,245,2,306.55,2,2,2,222,Lost Customer
1357,13719.0,14,11,2783.08,5,5,4,554,Champion
1358,13720.0,116,4,799.9,3,3,3,333,Loyal Customer
1359,13721.0,35,2,741.54,4,2,3,423,Potential Loyalist
1360,13722.0,131,10,5635.41,3,5,5,355,Loyal Customer
1361,13723.0,216,6,1194.08,2,4,3,243,At Risk
1362,13724.0,636,1,213.01,1,1,1,111,Lost Customer
1363,13725.0,49,8,1980.56,4,4,4,444,Champion
1364,13726.0,38,2,1079.6599999999999,4,2,3,423,Potential Loyalist
1365,13727.0,28,8,1074.15,4,4,3,443,Loyal Customer
1366,13728.0,36,16,2855.17,4,5,4,454,Champion
1367,13729.0,435,3,724.73,1,3,3,133,At Risk
1368,13730.0,135,2,752.6,3,2,3,323,Lost Customer
1369,13731.0,218,2,610.59,2,2,3,223,Lost Customer
1370,13732.0,27,1,491.86,4,1,2,412,Potential Loyalist
1371,13733.0,410,2,487.03000000000003,2,2,2,222,Lost Customer
1372,13734.0,508,4,6695.6900000000005,1,3,5,135,At Risk
1373,13735.0,24,13,9762.77,4,5,5,455,Champion
1374,13736.0,4,7,2752.47,5,4,4,544,Champion
1375,13737.0,199,1,339.59999999999997,2,1,2,212,Lost Customer
1376,13738.0,395,1,434.78000000000003,2,1,2,212,Lost Customer
1377,13739.0,17,2,292.2,5,2,2,522,Potential Loyalist
1378,13740.0,240,5,1582.77,2,4,4,244,At Risk
1379,13741.0,71,3,668.4300000000001,3,3,3,333,Loyal Customer
1380,13742.0,16,12,3107.87,5,5,5,555,Champion
1381,13743.0,2,7,1341.6,5,4,4,544,Champion
1382,13744.0,94,2,1080.52,3,2,3,323,Lost Customer
1383,13745.0,161,2,777.36,3,2,3,323,Lost Customer
1384,13746.0,413,1,176.69,1,1,1,111,Lost Customer
1385,13747.0,373,2,169.79999999999998,2,2,1,221,Lost Customer
1386,13748.0,95,9,2064.35,3,5,4,354,Loyal Customer
1387,13750.0,53,11,3602.1800000000003,4,5,5,455,Champion
1388,13751.0,287,1,296.25,2,1,2,212,Lost Customer
1389,13752.0,123,7,1579.8300000000002,3,4,4,344,Loyal Customer
1390,13753.0,287,4,2094.57,2,3,4,234,At Risk
1391,13754.0,151,3,447.05,3,3,2,332,Loyal Customer
1392,13755.0,3,9,2108.06,5,5,4,554,Champion
1393,13756.0,1,23,8655.95,5,5,5,555,Champion
1394,13757.0,674,1,195.55,1,1,1,111,Lost Customer
1395,13758.0,11,15,8698.13,5,5,5,555,Champion
1396,13759.0,32,2,659.4100000000001,4,2,3,423,Potential Loyalist
1397,13760.0,53,5,1363.6399999999999,4,4,4,444,Champion
1398,13761.0,49,6,1952.17,4,4,4,444,Champion
1399,13762.0,218,5,2472.48,2,4,4,244,At Risk
1400,13763.0,62,3,5217.4400000000005,3,3,5,335,Loyal Customer
1401,13764.0,70,6,2919.62,3,4,5,345,Loyal Customer
1402,13765.0,652,1,352.821,1,1,2,112,Lost Customer
1403,13766.0,494,1,190.35,1,1,1,111,Lost Customer
1404,13767.0,1,73,33903.57,5,5,5,555,Champion
1405,13768.0,726,2,875.97,1,2,3,123,Lost Customer
1406,13769.0,1,20,5478.12,5,5,5,555,Champion
1407,13770.0,421,4,785.37,1,3,3,133,At Risk
1408,13771.0,63,9,5728.82,3,5,5,355,Loyal Customer
1409,13772.0,33,8,3100.02,4,4,5,445,Champion
1410,13773.0,396,2,301.54,2,2,2,222,Lost Customer
1411,13774.0,81,1,345.0,3,1,2,312,Lost Customer
1412,13775.0,590,1,1049.66,1,1,3,113,Lost Customer
1413,13776.0,427,2,623.98,1,2,3,123,Lost Customer
1414,13777.0,0,61,49638.26,5,5,5,555,Champion
1415,13778.0,102,4,1124.49,3,3,3,333,Loyal Customer
1416,13779.0,515,1,161.13,1,1,1,111,Lost Customer
1417,13780.0,6,3,732.07,5,3,3,533,Loyal Customer
1418,13781.0,250,3,778.83,2,3,3,233,At Risk
1419,13782.0,12,13,1786.08,5,5,4,554,Champion
1420,13783.0,487,4,1542.09,1,3,4,134,At Risk
1421,13784.0,9,14,2910.23,5,5,5,555,Champion
1422,13785.0,428,4,542.49,1,3,2,132,At Risk
1423,13786.0,366,6,3127.99,2,4,5,245,At Risk
1424,13787.0,75,6,1222.5,3,4,4,344,Loyal Customer
1425,13788.0,504,1,3.75,1,1,1,111,Lost Customer
1426,13789.0,387,1,239.45999999999998,2,1,1,211,Lost Customer
1427,13790.0,3,1,348.8,5,1,2,512,Potential Loyalist
1428,13791.0,127,2,1516.0,3,2,4,324,Lost Customer
1429,13792.0,65,3,383.95,3,3,2,332,Loyal Customer
1430,13793.0,646,1,96.0,1,1,1,111,Lost Customer
1431,13794.0,546,1,126.03,1,1,1,111,Lost Customer
1432,13795.0,387,4,836.3,2,3,3,233,At Risk
1433,13796.0,498,1,289.7,1,1,2,112,Lost Customer
1434,13797.0,436,3,1179.45,1,3,3,133,At Risk
1435,13798.0,0,110,75428.87,5,5,5,555,Champion
1436,13799.0,116,9,2803.57,3,5,4,354,Loyal Customer
1437,13800.0,309,3,1679.56,2,3,4,234,At Risk
1438,13801.0,66,1,324.8,3,1,2,312,Lost Customer
1439,13802.0,138,19,26259.11,3,5,5,355,Loyal Customer
1440,13803.0,254,3,1338.91,2,3,4,234,At Risk
1441,13804.0,30,9,3161.12,4,5,5,455,Champion
1442,13805.0,51,2,924.6,4,2,3,423,Potential Loyalist
1443,13806.0,63,1,256.38,3,1,1,311,Lost Customer
1444,13807.0,366,3,422.2,2,3,2,232,At Risk
1445,13808.0,5,5,1747.66,5,4,4,544,Champion
1446,13809.0,304,3,679.7,2,3,3,233,At Risk
1447,13810.0,28,3,1499.01,4,3,4,434,Loyal Customer
1448,13811.0,183,3,814.5,3,3,3,333,Loyal Customer
1449,13812.0,41,3,539.0,4,3,2,432,Loyal Customer
1450,13813.0,39,8,2765.47,4,4,4,444,Champion
1451,13814.0,91,3,2257.32,3,3,4,334,Loyal Customer
1452,13815.0,21,8,7475.74,4,4,5,445,Champion
1453,13816.0,23,2,571.6700000000001,4,2,2,422,Potential Loyalist
1454,13817.0,28,2,382.98,4,2,2,422,Potential Loyalist
1455,13818.0,429,1,61.28,1,1,1,111,Lost Customer
1456,13819.0,301,6,2642.35,2,4,4,244,At Risk
1457,13820.0,417,3,652.75,1,3,3,133,At Risk
1458,13821.0,144,6,1379.08,3,4,4,344,Loyal Customer
1459,13822.0,5,2,632.0,5,2,3,523,Potential Loyalist
1460,13823.0,18,7,3403.4500000000003,5,4,5,545,Champion
1461,13824.0,32,12,3314.76,4,5,5,455,Champion
1462,13825.0,621,2,255.59,1,2,1,121,Lost Customer
1463,13826.0,175,1,189.5,3,1,1,311,Lost Customer
1464,13827.0,57,3,409.8,4,3,2,432,Loyal Customer
1465,13828.0,21,1,209.49,4,1,1,411,Potential Loyalist
1466,13829.0,420,1,102.0,1,1,1,111,Lost Customer
1467,13830.0,581,1,156.85000000000002,1,1,1,111,Lost Customer
1468,13831.0,15,18,6585.54,5,5,5,555,Champion
1469,13832.0,18,2,609.89,5,2,3,523,Potential Loyalist
1470,13833.0,158,2,700.41,3,2,3,323,Lost Customer
1471,13834.0,576,2,324.19,1,2,2,122,Lost Customer
1472,13835.0,24,7,1095.27,4,4,3,443,Loyal Customer
1473,13836.0,398,2,620.37,2,2,3,223,Lost Customer
1474,13837.0,211,2,266.59000000000003,2,2,1,221,Lost Customer
1475,13838.0,5,10,1690.07,5,5,4,554,Champion
1476,13839.0,485,1,139.95000000000002,1,1,1,111,Lost Customer
1477,13840.0,415,1,651.4,1,1,3,113,Lost Customer
1478,13841.0,252,1,85.0,2,1,1,211,Lost Customer
1479,13842.0,58,18,5319.34,4,5,5,455,Champion
1480,13843.0,380,1,319.75,2,1,2,212,Lost Customer
1481,13844.0,10,1,361.62,5,1,2,512,Potential Loyalist
1482,13845.0,64,1,312.98,3,1,2,312,Lost Customer
1483,13846.0,24,4,1307.79,4,3,4,434,Loyal Customer
1484,13847.0,719,1,310.72,1,1,2,112,Lost Customer
1485,13848.0,91,8,3015.0,3,4,5,345,Loyal Customer
1486,13849.0,51,5,3469.3,4,4,5,445,Champion
1487,13850.0,128,1,1595.48,3,1,4,314,Lost Customer
1488,13851.0,95,8,4606.46,3,4,5,345,Loyal Customer
1489,13852.0,610,1,187.35000000000002,1,1,1,111,Lost Customer
1490,13853.0,56,1,1090.14,4,1,3,413,Potential Loyalist
1491,13854.0,8,39,11944.56,5,5,5,555,Champion
1492,13855.0,500,4,1310.3400000000001,1,3,4,134,At Risk
1493,13856.0,168,11,1142.03,3,5,3,353,Loyal Customer
1494,13857.0,392,6,1001.01,2,4,3,243,At Risk
1495,13858.0,56,1,216.17,4,1,1,411,Potential Loyalist
1496,13859.0,325,2,515.86,2,2,2,222,Lost Customer
1497,13860.0,0,5,1245.9,5,4,4,544,Champion
1498,13861.0,428,2,273.26,1,2,1,121,Lost Customer
1499,13862.0,17,9,2556.09,5,5,4,554,Champion
1500,13863.0,247,4,1239.55,2,3,4,234,At Risk
1501,13864.0,386,1,662.4000000000001,2,1,3,213,Lost Customer
1502,13865.0,57,4,501.56,4,3,2,432,Loyal Customer
1503,13866.0,73,1,145.67000000000002,3,1,1,311,Lost Customer
1504,13867.0,30,3,1005.09,4,3,3,433,Loyal Customer
1505,13868.0,6,2,3192.54,5,2,5,525,Potential Loyalist
1506,13869.0,122,10,7996.87,3,5,5,355,Loyal Customer
1507,13870.0,1,15,5712.08,5,5,5,555,Champion
1508,13871.0,22,17,7885.85,4,5,5,455,Champion
1509,13872.0,526,3,919.57,1,3,3,133,At Risk
1510,13873.0,119,8,1038.92,3,4,3,343,Loyal Customer
1511,13874.0,357,7,2049.15,2,4,4,244,At Risk
1512,13875.0,53,14,4814.37,4,5,5,455,Champion
1513,13876.0,63,1,122.7,3,1,1,311,Lost Customer
1514,13877.0,85,3,449.68,3,3,2,332,Loyal Customer
1515,13878.0,54,4,2416.9,4,3,4,434,Loyal Customer
1516,13879.0,645,1,395.5,1,1,2,112,Lost Customer
1517,13880.0,20,17,4293.86,4,5,5,455,Champion
1518,13881.0,3,43,45179.1,5,5,5,555,Champion
1519,13882.0,2,5,1191.13,5,4,3,543,Loyal Customer
1520,13883.0,10,15,6560.02,5,5,5,555,Champion
1521,13884.0,6,10,1825.03,5,5,4,554,Champion
1522,13885.0,188,2,506.8,3,2,2,322,Lost Customer
1523,13886.0,70,1,243.56,3,1,1,311,Lost Customer
1524,13887.0,203,1,349.55,2,1,2,212,Lost Customer
1525,13888.0,119,7,2001.59,3,4,4,344,Loyal Customer
1526,13889.0,92,6,1991.23,3,4,4,344,Loyal Customer
1527,13890.0,0,14,2927.38,5,5,5,555,Champion
1528,13891.0,377,3,859.21,2,3,3,233,At Risk
1529,13892.0,26,6,1267.6499999999999,4,4,4,444,Champion
1530,13893.0,297,1,821.1,2,1,3,213,Lost Customer
1531,13894.0,23,3,564.62,4,3,2,432,Loyal Customer
1532,13895.0,27,6,4008.52,4,4,5,445,Champion
1533,13896.0,625,1,388.55,1,1,2,112,Lost Customer
1534,13897.0,49,3,1160.72,4,3,3,433,Loyal Customer
1535,13898.0,325,2,686.4,2,2,3,223,Lost Customer
1536,13899.0,15,2,388.52,5,2,2,522,Potential Loyalist
1537,13900.0,182,6,1610.59,3,4,4,344,Loyal Customer
1538,13901.0,71,15,5676.34,3,5,5,355,Loyal Customer
1539,13902.0,631,5,34095.26,1,4,5,145,At Risk
1540,13903.0,399,1,165.45000000000002,2,1,1,211,Lost Customer
1541,13904.0,36,2,332.64,4,2,2,422,Potential Loyalist
1542,13905.0,732,1,312.65,1,1,2,112,Lost Customer
1543,13906.0,408,1,42.0,2,1,1,211,Lost Customer
1544,13907.0,691,1,136.8,1,1,1,111,Lost Customer
1545,13908.0,79,4,2369.55,3,3,4,334,Loyal Customer
1546,13909.0,422,2,282.85,1,2,1,121,Lost Customer
1547,13911.0,56,20,4234.99,4,5,5,455,Champion
1548,13912.0,423,1,124.95,1,1,1,111,Lost Customer
1549,13913.0,506,1,42.22,1,1,1,111,Lost Customer
1550,13914.0,11,2,626.45,5,2,3,523,Potential Loyalist
1551,13915.0,393,1,70.80000000000001,2,1,1,211,Lost Customer
1552,13916.0,463,4,1275.81,1,3,4,134,At Risk
1553,13917.0,49,2,272.04,4,2,1,421,Potential Loyalist
1554,13918.0,49,2,1212.8400000000001,4,2,3,423,Potential Loyalist
1555,13919.0,58,4,1360.68,4,3,4,434,Loyal Customer
1556,13920.0,431,4,1774.68,1,3,4,134,At Risk
1557,13921.0,401,4,730.7,2,3,3,233,At Risk
1558,13922.0,351,3,865.2,2,3,3,233,At Risk
1559,13923.0,53,1,351.13,4,1,2,412,Potential Loyalist
1560,13924.0,1,6,1838.8500000000001,5,4,4,544,Champion
1561,13925.0,92,4,678.25,3,3,3,333,Loyal Customer
1562,13926.0,22,1,223.85000000000002,4,1,1,411,Potential Loyalist
1563,13927.0,74,2,708.26,3,2,3,323,Lost Customer
1564,13928.0,10,4,464.57,5,3,2,532,Loyal Customer
1565,13929.0,168,11,3494.1,3,5,5,355,Loyal Customer
1566,13930.0,57,2,337.34,4,2,2,422,Potential Loyalist
1567,13931.0,95,11,5257.38,3,5,5,355,Loyal Customer
1568,13932.0,294,1,307.4,2,1,2,212,Lost Customer
1569,13933.0,108,2,608.7900000000001,3,2,2,322,Lost Customer
1570,13934.0,263,1,922.1,2,1,3,213,Lost Customer
1571,13935.0,596,3,6116.92,1,3,5,135,At Risk
1572,13936.0,179,3,939.66,3,3,3,333,Loyal Customer
1573,13937.0,168,2,880.13,3,2,3,323,Lost Customer
1574,13938.0,34,1,71.66,4,1,1,411,Potential Loyalist
1575,13939.0,22,7,1560.96,4,4,4,444,Champion
1576,13940.0,16,4,839.14,5,3,3,533,Loyal Customer
1577,13941.0,21,15,10027.18,4,5,5,455,Champion
1578,13942.0,534,1,320.0,1,1,2,112,Lost Customer
1579,13943.0,577,1,246.54,1,1,1,111,Lost Customer
1580,13944.0,652,1,200.43,1,1,1,111,Lost Customer
1581,13945.0,394,2,854.15,2,2,3,223,Lost Customer
1582,13946.0,78,6,1876.23,3,4,4,344,Loyal Customer
1583,13947.0,64,1,90.6,3,1,1,311,Lost Customer
1584,13948.0,360,4,548.76,2,3,2,232,At Risk
1585,13949.0,2,6,2427.32,5,4,4,544,Champion
1586,13950.0,10,4,745.06,5,3,3,533,Loyal Customer
1587,13951.0,175,3,674.45,3,3,3,333,Loyal Customer
1588,13952.0,217,14,12823.521,2,5,5,255,At Risk
1589,13953.0,6,12,6640.68,5,5,5,555,Champion
1590,13954.0,1,2,439.92,5,2,2,522,Potential Loyalist
1591,13955.0,153,3,544.0699999999999,3,3,2,332,Loyal Customer
1592,13956.0,4,5,1019.27,5,4,3,543,Loyal Customer
1593,13957.0,417,3,458.25,1,3,2,132,At Risk
1594,13958.0,379,8,4709.2300000000005,2,4,5,245,At Risk
1595,13959.0,78,6,1064.77,3,4,3,343,Loyal Customer
1596,13960.0,20,2,230.22,4,2,1,421,Potential Loyalist
1597,13961.0,391,1,538.4,2,1,2,212,Lost Customer
1598,13962.0,21,3,362.8,4,3,2,432,Loyal Customer
1599,13963.0,307,17,2860.57,2,5,4,254,At Risk
1600,13964.0,386,2,438.9,2,2,2,222,Lost Customer
1601,13965.0,476,3,996.61,1,3,3,133,At Risk
1602,13966.0,434,1,384.26,1,1,2,112,Lost Customer
1603,13967.0,145,2,166.3,3,2,1,321,Lost Customer
1604,13968.0,422,1,123.66,1,1,1,111,Lost Customer
1605,13969.0,6,35,12973.460000000001,5,5,5,555,Champion
1606,13970.0,385,2,846.55,2,2,3,223,Lost Customer
1607,13971.0,18,14,4667.57,5,5,5,555,Champion
1608,13972.0,70,2,190.25,3,2,1,321,Lost Customer
1609,13973.0,286,1,264.7,2,1,1,211,Lost Customer
1610,13974.0,48,2,677.72,4,2,3,423,Potential Loyalist
1611,13975.0,30,12,5256.4,4,5,5,455,Champion
1612,13976.0,206,4,1192.36,2,3,3,233,At Risk
1613,13977.0,410,1,519.8100000000001,2,1,2,212,Lost Customer
1614,13978.0,14,2,196.79000000000002,5,2,1,521,Potential Loyalist
1615,13979.0,72,7,3379.93,3,4,5,345,Loyal Customer
1616,13980.0,59,5,768.82,3,4,3,343,Loyal Customer
1617,13981.0,415,1,331.14,1,1,2,112,Lost Customer
1618,13982.0,38,9,3954.29,4,5,5,455,Champion
1619,13983.0,29,21,6753.89,4,5,5,455,Champion
1620,13984.0,26,12,1893.8,4,5,4,454,Champion
1621,13985.0,3,22,10020.86,5,5,5,555,Champion
1622,13986.0,16,1,320.46,5,1,2,512,Potential Loyalist
1623,13987.0,379,2,682.54,2,2,3,223,Lost Customer
1624,13988.0,19,8,4757.8,4,4,5,445,Champion
1625,13989.0,65,5,2026.06,3,4,4,344,Loyal Customer
1626,13990.0,212,1,311.3,2,1,2,212,Lost Customer
1627,13991.0,11,6,852.88,5,4,3,543,Loyal Customer
1628,13992.0,29,3,219.5,4,3,1,431,Loyal Customer
1629,13993.0,42,19,6775.71,4,5,5,455,Champion
1630,13994.0,3,6,2274.14,5,4,4,544,Champion
1631,13995.0,14,14,3902.01,5,5,5,555,Champion
1632,13996.0,385,2,895.76,2,2,3,223,Lost Customer
1633,13997.0,518,3,376.46,1,3,2,132,At Risk
1634,13998.0,446,3,566.7,1,3,2,132,At Risk
1635,13999.0,9,29,9502.26,5,5,5,555,Champion
1636,14000.0,210,5,2046.3400000000001,2,4,4,244,At Risk
1637,14001.0,45,9,4228.85,4,5,5,455,Champion
1638,14002.0,133,2,529.73,3,2,2,322,Lost Customer
1639,14003.0,732,1,209.41,1,1,1,111,Lost Customer
1640,14004.0,42,11,6258.45,4,5,5,455,Champion
1641,14005.0,9,5,2874.72,5,4,4,544,Champion
1642,14006.0,115,7,2196.67,3,4,4,344,Loyal Customer
1643,14007.0,512,1,79.48,1,1,1,111,Lost Customer
1644,14008.0,431,1,509.04,1,1,2,112,Lost Customer
1645,14009.0,197,3,1099.91,2,3,3,233,At Risk
1646,14010.0,564,2,445.15,1,2,2,122,Lost Customer
1647,14011.0,479,2,457.82,1,2,2,122,Lost Customer
1648,14012.0,277,1,328.8,2,1,2,212,Lost Customer
1649,14013.0,109,5,1084.57,3,4,3,343,Loyal Customer
1650,14014.0,76,3,1948.21,3,3,4,334,Loyal Customer
1651,14015.0,52,1,917.34,4,1,3,413,Potential Loyalist
1652,14016.0,161,11,11403.41,3,5,5,355,Loyal Customer
1653,14017.0,570,1,229.75,1,1,1,111,Lost Customer
1654,14018.0,644,1,367.15000000000003,1,1,2,112,Lost Customer
1655,14019.0,46,3,1421.61,4,3,4,434,Loyal Customer
1656,14020.0,16,4,1249.01,5,3,4,534,Loyal Customer
1657,14021.0,154,7,1716.58,3,4,4,344,Loyal Customer
1658,14022.0,224,2,792.15,2,2,3,223,Lost Customer
1659,14023.0,6,2,584.07,5,2,2,522,Potential Loyalist
1660,14024.0,121,3,645.74,3,3,3,333,Loyal Customer
1661,14025.0,464,8,4057.9,1,4,5,145,At Risk
1662,14026.0,470,2,713.11,1,2,3,123,Lost Customer
1663,14027.0,60,1,104.82,3,1,1,311,Lost Customer
1664,14028.0,549,3,10396.5,1,3,5,135,At Risk
1665,14029.0,62,2,467.66,3,2,2,322,Lost Customer
1666,14030.0,17,20,7521.8,5,5,5,555,Champion
1667,14031.0,6,44,39019.51,5,5,5,555,Champion
1668,14032.0,1,16,4546.41,5,5,5,555,Champion
1669,14033.0,554,1,109.44,1,1,1,111,Lost Customer
1670,14034.0,21,3,648.89,4,3,3,433,Loyal Customer
1671,14035.0,28,9,2794.75,4,5,4,454,Champion
1672,14036.0,284,1,626.65,2,1,3,213,Lost Customer
1673,14037.0,175,6,836.95,3,4,3,343,Loyal Customer
1674,14038.0,77,5,3069.88,3,4,5,345,Loyal Customer
1675,14039.0,32,2,267.28000000000003,4,2,1,421,Potential Loyalist
1676,14040.0,40,35,12523.81,4,5,5,455,Champion
1677,14041.0,265,1,141.41,2,1,1,211,Lost Customer
1678,14042.0,724,1,431.98,1,1,2,112,Lost Customer
1679,14043.0,490,2,302.6,1,2,2,122,Lost Customer
1680,14044.0,26,10,3077.7,4,5,5,455,Champion
1681,14045.0,108,16,10986.63,3,5,5,355,Loyal Customer
1682,14046.0,283,1,154.99,2,1,1,211,Lost Customer
1683,14047.0,8,14,3968.11,5,5,5,555,Champion
1684,14048.0,304,3,748.69,2,3,3,233,At Risk
1685,14049.0,16,13,13023.4,5,5,5,555,Champion
1686,14050.0,31,2,746.36,4,2,3,423,Potential Loyalist
1687,14051.0,0,37,21770.98,5,5,5,555,Champion
1688,14052.0,19,2,466.66,4,2,2,422,Potential Loyalist
1689,14053.0,123,4,572.3,3,3,2,332,Loyal Customer
1690,14054.0,64,1,92.46,3,1,1,311,Lost Customer
1691,14055.0,105,3,1520.96,3,3,4,334,Loyal Customer
1692,14056.0,0,23,8152.71,5,5,5,555,Champion
1693,14057.0,23,22,8346.66,4,5,5,455,Champion
1694,14058.0,462,2,469.19,1,2,2,122,Lost Customer
1695,14059.0,266,1,183.6,2,1,1,211,Lost Customer
1696,14060.0,4,30,8898.24,5,5,5,555,Champion
1697,14061.0,506,3,917.4300000000001,1,3,3,133,At Risk
1698,14062.0,9,24,25585.65,5,5,5,555,Champion
1699,14063.0,437,9,22710.2,1,5,5,155,At Risk
1700,14064.0,28,15,3260.24,4,5,5,455,Champion
1701,14065.0,388,3,891.02,2,3,3,233,At Risk
1702,14066.0,266,1,152.55,2,1,1,211,Lost Customer
1703,14067.0,63,2,374.7,3,2,2,322,Lost Customer
1704,14068.0,319,4,1516.72,2,3,4,234,At Risk
1705,14069.0,514,2,225.81,1,2,1,121,Lost Customer
1706,14070.0,684,1,321.6,1,1,2,112,Lost Customer
1707,14071.0,3,8,1437.57,5,4,4,544,Champion
1708,14072.0,666,1,390.85,1,1,2,112,Lost Customer
1709,14073.0,31,1,151.04,4,1,1,411,Potential Loyalist
1710,14074.0,622,1,219.39999999999998,1,1,1,111,Lost Customer
1711,14075.0,4,6,1734.87,5,4,4,544,Champion
1712,14076.0,128,1,118.67,3,1,1,311,Lost Customer
1713,14077.0,40,6,615.0799999999999,4,4,3,443,Loyal Customer
1714,14078.0,101,9,1553.47,3,5,4,354,Loyal Customer
1715,14079.0,124,2,618.73,3,2,3,323,Lost Customer
1716,14080.0,32,5,1115.68,4,4,3,443,Loyal Customer
1717,14081.0,301,10,4867.57,2,5,5,255,At Risk
1718,14082.0,364,2,413.36,2,2,2,222,Lost Customer
1719,14083.0,3,11,1082.19,5,5,3,553,Loyal Customer
1720,14084.0,511,1,150.5,1,1,1,111,Lost Customer
1721,14085.0,1,33,9720.67,5,5,5,555,Champion
1722,14086.0,462,1,39.95,1,1,1,111,Lost Customer
1723,14087.0,2,3,829.47,5,3,3,533,Loyal Customer
1724,14088.0,9,16,64036.8,5,5,5,555,Champion
1725,14089.0,56,1,158.75,4,1,1,411,Potential Loyalist
1726,14090.0,324,1,76.32000000000001,2,1,1,211,Lost Customer
1727,14091.0,653,2,9530.08,1,2,5,125,Lost Customer
1728,14092.0,7,24,7229.45,5,5,5,555,Champion
1729,14093.0,11,1,433.86,5,1,2,512,Potential Loyalist
1730,14094.0,439,1,311.77,1,1,2,112,Lost Customer
1731,14095.0,722,1,2.95,1,1,1,111,Lost Customer
1732,14096.0,3,17,65164.79,5,5,5,555,Champion
1733,14097.0,480,2,422.85999999999996,1,2,2,122,Lost Customer
1734,14098.0,36,1,147.35,4,1,1,411,Potential Loyalist
1735,14099.0,15,20,5750.91,5,5,5,555,Champion
1736,14100.0,137,1,191.95000000000002,3,1,1,311,Lost Customer
1737,14101.0,73,13,9961.93,3,5,5,355,Loyal Customer
1738,14102.0,4,5,1105.8799999999999,5,4,3,543,Loyal Customer
1739,14103.0,664,1,0.0,1,1,1,111,Lost Customer
1740,14104.0,154,5,743.53,3,4,3,343,Loyal Customer
1741,14105.0,238,5,5988.83,2,4,5,245,At Risk
1742,14106.0,736,1,214.79999999999998,1,1,1,111,Lost Customer
1743,14107.0,51,11,4877.3,4,5,5,455,Champion
1744,14108.0,30,4,1044.96,4,3,3,433,Loyal Customer
1745,14109.0,72,1,144.2,3,1,1,311,Lost Customer
1746,14110.0,3,33,12987.95,5,5,5,555,Champion
1747,14111.0,13,4,692.85,5,3,3,533,Loyal Customer
1748,14112.0,22,13,5834.59,4,5,5,455,Champion
1749,14113.0,3,16,7092.610000000001,5,5,5,555,Champion
1750,14114.0,273,7,1364.09,2,4,4,244,At Risk
1751,14115.0,501,2,622.6700000000001,1,2,3,123,Lost Customer
1752,14116.0,19,5,1382.74,4,4,4,444,Champion
1753,14117.0,143,1,90.0,3,1,1,311,Lost Customer
1754,14118.0,428,1,458.45,1,1,2,112,Lost Customer
1755,14119.0,375,2,183.37,2,2,1,221,Lost Customer
1756,14121.0,3,4,2780.15,5,3,4,534,Loyal Customer
1757,14122.0,405,3,362.42,2,3,2,232,At Risk
1758,14123.0,732,1,436.18,1,1,2,112,Lost Customer
1759,14124.0,83,1,419.58000000000004,3,1,2,312,Lost Customer
1760,14125.0,10,3,2720.63,5,3,4,534,Loyal Customer
1761,14126.0,7,4,1172.46,5,3,3,533,Loyal Customer
1762,14127.0,122,6,1900.0800000000002,3,4,4,344,Loyal Customer
1763,14128.0,60,3,924.21,3,3,3,333,Loyal Customer
1764,14129.0,1,9,2591.34,5,5,4,554,Champion
1765,14130.0,318,4,1858.77,2,3,4,234,At Risk
1766,14131.0,648,1,168.22,1,1,1,111,Lost Customer
1767,14132.0,1,11,3586.0299999999997,5,5,5,555,Champion
1768,14133.0,129,4,911.14,3,3,3,333,Loyal Customer
1769,14134.0,382,15,11123.35,2,5,5,255,At Risk
1770,14135.0,1,24,8839.67,5,5,5,555,Champion
1771,14136.0,400,5,1570.81,2,4,4,244,At Risk
1772,14137.0,695,1,332.7,1,1,2,112,Lost Customer
1773,14138.0,1,2,965.8800000000001,5,2,3,523,Potential Loyalist
1774,14139.0,45,4,1086.8,4,3,3,433,Loyal Customer
1775,14140.0,3,2,935.05,5,2,3,523,Potential Loyalist
1776,14141.0,2,4,915.13,5,3,3,533,Loyal Customer
1777,14142.0,372,2,671.34,2,2,3,223,Lost Customer
1778,14143.0,133,1,115.8,3,1,1,311,Lost Customer
1779,14144.0,485,1,30.599999999999998,1,1,1,111,Lost Customer
1780,14145.0,46,7,7600.05,4,4,5,445,Champion
1781,14146.0,8,12,9450.3,5,5,5,555,Champion
1782,14147.0,77,9,2590.2,3,5,4,354,Loyal Customer
1783,14148.0,233,2,466.29,2,2,2,222,Lost Customer
1784,14149.0,220,1,446.62,2,1,2,212,Lost Customer
1785,14150.0,35,2,658.64,4,2,3,423,Potential Loyalist
1786,14151.0,672,2,679.45,1,2,3,123,Lost Customer
1787,14152.0,74,7,1997.3400000000001,3,4,4,344,Loyal Customer
1788,14153.0,482,1,233.4,1,1,1,111,Lost Customer
1789,14154.0,238,8,6460.7,2,4,5,245,At Risk
1790,14155.0,265,1,118.75,2,1,1,211,Lost Customer
1791,14156.0,9,156,313437.62,5,5,5,555,Champion
1792,14157.0,19,5,978.69,4,4,3,443,Loyal Customer
1793,14158.0,39,1,507.66,4,1,2,412,Potential Loyalist
1794,14159.0,19,20,7860.8,4,5,5,455,Champion
1795,14160.0,609,7,8421.47,1,4,5,145,At Risk
1796,14161.0,215,7,2996.93,2,4,5,245,At Risk
1797,14162.0,173,2,289.36,3,2,2,322,Lost Customer
1798,14163.0,86,5,2594.62,3,4,4,344,Loyal Customer
1799,14164.0,70,2,1631.77,3,2,4,324,Lost Customer
1800,14165.0,275,1,120.44,2,1,1,211,Lost Customer
1801,14166.0,504,2,251.15,1,2,1,121,Lost Customer
1802,14167.0,38,8,1274.29,4,4,4,444,Champion
1803,14168.0,420,2,370.45,1,2,2,122,Lost Customer
1804,14169.0,430,2,621.51,1,2,3,123,Lost Customer
1805,14170.0,374,3,570.18,2,3,2,232,At Risk
1806,14171.0,97,2,498.79,3,2,2,322,Lost Customer
1807,14172.0,604,3,369.02,1,3,2,132,At Risk
1808,14173.0,10,6,586.0,5,4,2,542,Loyal Customer
1809,14174.0,32,1,134.46,4,1,1,411,Potential Loyalist
1810,14175.0,59,8,7678.88,3,4,5,345,Loyal Customer
1811,14176.0,296,5,756.46,2,4,3,243,At Risk
1812,14177.0,85,13,2209.69,3,5,4,354,Loyal Customer
1813,14178.0,8,7,1600.26,5,4,4,544,Champion
1814,14179.0,40,2,701.57,4,2,3,423,Potential Loyalist
1815,14180.0,10,33,6117.5,5,5,5,555,Champion
1816,14181.0,410,2,308.35,2,2,2,222,Lost Customer
1817,14182.0,443,4,678.77,1,3,3,133,At Risk
1818,14183.0,410,2,278.34000000000003,2,2,1,221,Lost Customer
1819,14184.0,66,1,452.89,3,1,2,312,Lost Customer
1820,14185.0,330,1,197.65,2,1,1,211,Lost Customer
1821,14186.0,426,5,1550.63,1,4,4,144,At Risk
1822,14187.0,473,1,123.5,1,1,1,111,Lost Customer
1823,14188.0,30,6,2054.36,4,4,4,444,Champion
1824,14189.0,1,16,5503.15,5,5,5,555,Champion
1825,14190.0,665,1,79.9,1,1,1,111,Lost Customer
1826,14191.0,1,15,4817.66,5,5,5,555,Champion
1827,14192.0,387,1,293.74,2,1,2,212,Lost Customer
1828,14193.0,67,3,1210.19,3,3,3,333,Loyal Customer
1829,14194.0,4,36,18670.59,5,5,5,555,Champion
1830,14195.0,201,6,2615.6,2,4,4,244,At Risk
1831,14196.0,106,1,335.52,3,1,2,312,Lost Customer
1832,14197.0,410,1,390.05,2,1,2,212,Lost Customer
1833,14198.0,17,9,1569.73,5,5,4,554,Champion
1834,14199.0,217,4,1091.7,2,3,3,233,At Risk
1835,14200.0,616,1,379.2,1,1,2,112,Lost Customer
1836,14201.0,59,10,1193.54,3,5,3,353,Loyal Customer
1837,14202.0,380,3,847.76,2,3,3,233,At Risk
1838,14203.0,396,1,339.34,2,1,2,212,Lost Customer
1839,14204.0,1,4,1024.83,5,3,3,533,Loyal Customer
1840,14205.0,16,9,2414.2,5,5,4,554,Champion
1841,14206.0,238,3,1185.01,2,3,3,233,At Risk
1842,14207.0,687,1,157.8,1,1,1,111,Lost Customer
1843,14208.0,94,2,567.05,3,2,2,322,Lost Customer
1844,14209.0,10,15,4993.27,5,5,5,555,Champion
1845,14210.0,105,16,5556.570000000001,3,5,5,355,Loyal Customer
1846,14211.0,52,18,4402.29,4,5,5,455,Champion
1847,14212.0,89,2,2190.14,3,2,4,324,Lost Customer
1848,14213.0,404,1,1192.2,2,1,3,213,Lost Customer
1849,14214.0,30,5,1004.38,4,4,3,443,Loyal Customer
1850,14215.0,11,9,3250.33,5,5,5,555,Champion
1851,14216.0,2,5,2150.04,5,4,4,544,Champion
1852,14217.0,1,23,3298.59,5,5,5,555,Champion
1853,14218.0,42,1,169.48000000000002,4,1,1,411,Potential Loyalist
1854,14219.0,3,3,633.83,5,3,3,533,Loyal Customer
1855,14220.0,246,4,1515.0,2,3,4,234,At Risk
1856,14221.0,41,17,6517.49,4,5,5,455,Champion
1857,14222.0,176,1,683.17,3,1,3,313,Lost Customer
1858,14223.0,91,3,991.13,3,3,3,333,Loyal Customer
1859,14224.0,109,9,1841.71,3,5,4,354,Loyal Customer
1860,14225.0,434,4,2031.07,1,3,4,134,At Risk
1861,14226.0,28,6,2985.13,4,4,5,445,Champion
1862,14227.0,25,15,6368.71,4,5,5,455,Champion
1863,14228.0,437,3,745.5,1,3,3,133,At Risk
1864,14229.0,51,7,2594.04,4,4,4,444,Champion
1865,14230.0,435,3,979.8000000000001,1,3,3,133,At Risk
1866,14231.0,183,4,1235.6200000000001,3,3,4,334,Loyal Customer
1867,14232.0,42,5,2048.07,4,4,4,444,Champion
1868,14233.0,48,7,2904.27,4,4,4,444,Champion
1869,14234.0,21,4,754.12,4,3,3,433,Loyal Customer
1870,14235.0,74,9,4717.99,3,5,5,355,Loyal Customer
1871,14236.0,80,5,1555.34,3,4,4,344,Loyal Customer
1872,14237.0,372,2,471.14,2,2,2,222,Lost Customer
1873,14238.0,325,3,434.23,2,3,2,232,At Risk
1874,14239.0,42,21,4263.17,4,5,5,455,Champion
1875,14240.0,29,3,1247.49,4,3,4,434,Loyal Customer
1876,14241.0,183,2,333.70000000000005,3,2,2,322,Lost Customer
1877,14242.0,234,2,280.55,2,2,1,221,Lost Customer
1878,14243.0,8,17,7217.75,5,5,5,555,Champion
1879,14244.0,660,1,366.41999999999996,1,1,2,112,Lost Customer
1880,14245.0,219,2,1693.45,2,2,4,224,Lost Customer
1881,14246.0,110,3,1474.06,3,3,4,334,Loyal Customer
1882,14247.0,277,5,753.56,2,4,3,243,At Risk
1883,14248.0,317,3,1032.95,2,3,3,233,At Risk
1884,14249.0,410,12,5400.461,2,5,5,255,At Risk
1885,14250.0,6,3,1904.05,5,3,4,534,Loyal Customer
1886,14251.0,1,5,2879.7000000000003,5,4,4,544,Champion
1887,14252.0,380,1,350.99,2,1,2,212,Lost Customer
1888,14253.0,492,2,363.40000000000003,1,2,2,122,Lost Customer
1889,14254.0,432,1,601.03,1,1,2,112,Lost Customer
1890,14255.0,545,1,1000.63,1,1,3,113,Lost Customer
1891,14256.0,259,5,2460.79,2,4,4,244,At Risk
1892,14257.0,63,9,5954.45,3,5,5,355,Loyal Customer
1893,14258.0,8,25,32051.34,5,5,5,555,Champion
1894,14259.0,141,1,120.0,3,1,1,311,Lost Customer
1895,14260.0,470,3,824.28,1,3,3,133,At Risk
1896,14261.0,50,2,1163.45,4,2,3,423,Potential Loyalist
1897,14262.0,7,8,2618.23,5,4,4,544,Champion
1898,14263.0,422,1,322.93,1,1,2,112,Lost Customer
1899,14264.0,154,6,1517.3600000000001,3,4,4,344,Loyal Customer
1900,14265.0,108,4,1373.35,3,3,4,334,Loyal Customer
1901,14266.0,427,1,40.56,1,1,1,111,Lost Customer
1902,14267.0,162,3,1516.24,3,3,4,334,Loyal Customer
1903,14268.0,470,1,354.85,1,1,2,112,Lost Customer
1904,14269.0,438,1,295.73,1,1,2,112,Lost Customer
1905,14270.0,331,1,492.65000000000003,2,1,2,212,Lost Customer
1906,14271.0,225,2,214.18,2,2,1,221,Lost Customer
1907,14272.0,73,4,920.81,3,3,3,333,Loyal Customer
1908,14273.0,50,4,559.97,4,3,2,432,Loyal Customer
1909,14274.0,685,1,256.6,1,1,1,111,Lost Customer
1910,14275.0,395,6,1189.3799999999999,2,4,3,243,At Risk
1911,14276.0,98,7,2102.68,3,4,4,344,Loyal Customer
1912,14277.0,14,9,17197.61,5,5,5,555,Champion
1913,14278.0,409,1,205.83,2,1,1,211,Lost Customer
1914,14279.0,520,2,191.86,1,2,1,121,Lost Customer
1915,14280.0,196,1,134.04,2,1,1,211,Lost Customer
1916,14281.0,407,1,245.15,2,1,1,211,Lost Customer
1917,14282.0,2,25,7250.76,5,5,5,555,Champion
1918,14283.0,462,4,628.4399999999999,1,3,3,133,At Risk
1919,14284.0,30,3,1299.65,4,3,4,434,Loyal Customer
1920,14285.0,20,8,3284.42,4,4,5,445,Champion
1921,14286.0,23,7,8479.76,4,4,5,445,Champion
1922,14287.0,7,3,176.63,5,3,1,531,Loyal Customer
1923,14288.0,212,1,426.6,2,1,2,212,Lost Customer
1924,14289.0,8,6,911.26,5,4,3,543,Loyal Customer
1925,14290.0,10,8,4516.56,5,4,5,545,Champion
1926,14291.0,1,23,7904.1,5,5,5,555,Champion
1927,14292.0,7,16,9226.25,5,5,5,555,Champion
1928,14293.0,2,9,2903.01,5,5,4,554,Champion
1929,14294.0,406,1,375.34,2,1,2,212,Lost Customer
1930,14295.0,39,5,2362.91,4,4,4,444,Champion
1931,14296.0,420,2,456.40000000000003,1,2,2,122,Lost Customer
1932,14297.0,17,4,1305.33,5,3,4,534,Loyal Customer
1933,14298.0,7,82,91194.49,5,5,5,555,Champion
1934,14299.0,7,27,14070.25,5,5,5,555,Champion
1935,14300.0,18,1,43.2,5,1,1,511,Potential Loyalist
1936,14301.0,116,4,1992.18,3,3,4,334,Loyal Customer
1937,14302.0,430,3,742.9000000000001,1,3,3,133,At Risk
1938,14303.0,406,2,277.94,2,2,1,221,Lost Customer
1939,14304.0,222,3,1725.01,2,3,4,234,At Risk
1940,14305.0,70,3,1858.96,3,3,4,334,Loyal Customer
1941,14306.0,50,6,3151.4,4,4,5,445,Champion
1942,14307.0,88,10,4287.92,3,5,5,355,Loyal Customer
1943,14308.0,548,2,1147.02,1,2,3,123,Lost Customer
1944,14309.0,7,11,3780.81,5,5,5,555,Champion
1945,14310.0,432,1,492.1,1,1,2,112,Lost Customer
1946,14311.0,242,2,516.45,2,2,2,222,Lost Customer
1947,14312.0,46,11,3090.29,4,5,5,455,Champion
1948,14314.0,106,2,229.8,3,2,1,321,Lost Customer
1949,14315.0,44,8,3197.82,4,4,5,445,Champion
1950,14316.0,421,5,1370.34,1,4,4,144,At Risk
1951,14317.0,64,1,508.58000000000004,3,1,2,312,Lost Customer
1952,14318.0,459,1,158.02,1,1,1,111,Lost Customer
1953,14319.0,423,1,494.85,1,1,2,112,Lost Customer
1954,14320.0,206,5,1346.75,2,4,4,244,At Risk
1955,14321.0,10,7,2218.06,5,4,4,544,Champion
1956,14322.0,428,4,474.1,1,3,2,132,At Risk
1957,14323.0,114,2,605.0600000000001,3,2,2,322,Lost Customer
1958,14324.0,409,2,701.61,2,2,3,223,Lost Customer
1959,14325.0,569,1,245.48000000000002,1,1,1,111,Lost Customer
1960,14326.0,241,3,940.98,2,3,3,233,At Risk
1961,14327.0,162,6,1894.93,3,4,4,344,Loyal Customer
1962,14328.0,437,1,445.05,1,1,2,112,Lost Customer
1963,14329.0,16,15,9887.62,5,5,5,555,Champion
1964,14330.0,623,1,200.63,1,1,1,111,Lost Customer
1965,14331.0,123,2,462.65999999999997,3,2,2,322,Lost Customer
1966,14332.0,22,5,1917.41,4,4,4,444,Champion
1967,14333.0,67,1,415.2,3,1,2,312,Lost Customer
1968,14334.0,16,12,4318.48,5,5,5,555,Champion
1969,14335.0,15,2,454.86,5,2,2,522,Potential Loyalist
1970,14336.0,16,4,1614.91,5,3,4,534,Loyal Customer
1971,14338.0,160,3,928.1,3,3,3,333,Loyal Customer
1972,14339.0,242,2,620.27,2,2,3,223,Lost Customer
1973,14340.0,218,1,134.7,2,1,1,211,Lost Customer
1974,14341.0,44,18,4452.02,4,5,5,455,Champion
1975,14342.0,20,6,918.44,4,4,3,443,Loyal Customer
1976,14343.0,420,4,1079.66,1,3,3,133,At Risk
1977,14344.0,126,20,2993.05,3,5,5,355,Loyal Customer
1978,14345.0,38,1,108.97999999999999,4,1,1,411,Potential Loyalist
1979,14346.0,120,5,2315.75,3,4,4,344,Loyal Customer
1980,14347.0,736,1,82.6,1,1,1,111,Lost Customer
1981,14348.0,259,1,409.57,2,1,2,212,Lost Customer
1982,14349.0,9,1,133.5,5,1,1,511,Potential Loyalist
1983,14350.0,273,3,972.03,2,3,3,233,At Risk
1984,14351.0,164,1,51.0,3,1,1,311,Lost Customer
1985,14352.0,156,4,1078.96,3,3,3,333,Loyal Customer
1986,14353.0,214,3,376.5,2,3,2,232,At Risk
1987,14354.0,5,2,163.62,5,2,1,521,Potential Loyalist
1988,14355.0,365,3,840.0500000000001,2,3,3,233,At Risk
1989,14356.0,79,2,701.23,3,2,3,323,Lost Customer
1990,14357.0,42,1,225.12,4,1,1,411,Potential Loyalist
1991,14358.0,388,2,400.06,2,2,2,222,Lost Customer
1992,14359.0,18,3,912.18,5,3,3,533,Loyal Customer
1993,14360.0,31,4,2118.03,4,3,4,434,Loyal Customer
1994,14361.0,578,1,214.70999999999998,1,1,1,111,Lost Customer
1995,14362.0,21,1,151.5,4,1,1,411,Potential Loyalist
1996,14363.0,401,2,227.47000000000003,2,2,1,221,Lost Customer
1997,14364.0,108,8,3717.35,3,4,5,345,Loyal Customer
1998,14365.0,394,2,634.68,2,2,3,223,Lost Customer
1999,14366.0,524,1,136.0,1,1,1,111,Lost Customer
2000,14367.0,7,16,9227.82,5,5,5,555,Champion
2001,14368.0,319,1,155.0,2,1,1,211,Lost Customer
2002,14369.0,641,2,469.13,1,2,2,122,Lost Customer
2003,14370.0,450,6,1175.78,1,4,3,143,At Risk
2004,14371.0,294,1,100.5,2,1,1,211,Lost Customer
2005,14372.0,442,2,860.08,1,2,3,123,Lost Customer
2006,14373.0,357,1,76.55,2,1,1,211,Lost Customer
2007,14374.0,540,1,108.0,1,1,1,111,Lost Customer
2008,14375.0,184,3,1106.82,3,3,3,333,Loyal Customer
2009,14376.0,682,1,215.46,1,1,1,111,Lost Customer
2010,14377.0,190,2,617.05,2,2,3,223,Lost Customer
2011,14378.0,621,1,131.25,1,1,1,111,Lost Customer
2012,14379.0,43,4,1265.16,4,3,4,434,Loyal Customer
2013,14380.0,681,1,48.96,1,1,1,111,Lost Customer
2014,14381.0,51,2,625.9399999999999,4,2,3,423,Potential Loyalist
2015,14382.0,25,2,1193.6299999999999,4,2,3,423,Potential Loyalist
2016,14383.0,37,3,1247.69,4,3,4,434,Loyal Customer
2017,14384.0,500,1,58.5,1,1,1,111,Lost Customer
2018,14385.0,8,3,202.11,5,3,1,531,Loyal Customer
2019,14386.0,296,1,142.4,2,1,1,211,Lost Customer
2020,14387.0,32,3,1727.6,4,3,4,434,Loyal Customer
2021,14388.0,9,16,6388.2,5,5,5,555,Champion
2022,14389.0,64,5,1898.01,3,4,4,344,Loyal Customer
2023,14390.0,9,13,6150.03,5,5,5,555,Champion
2024,14391.0,576,1,135.6,1,1,1,111,Lost Customer
2025,14392.0,431,1,266.4,1,1,1,111,Lost Customer
2026,14393.0,217,1,67.95,2,1,1,211,Lost Customer
2027,14394.0,564,1,93.8,1,1,1,111,Lost Customer
2028,14395.0,1,20,7801.93,5,5,5,555,Champion
2029,14396.0,64,7,1969.38,3,4,4,344,Loyal Customer
2030,14397.0,2,19,2612.96,5,5,4,554,Champion
2031,14398.0,400,2,707.79,2,2,3,223,Lost Customer
2032,14399.0,393,8,2108.21,2,4,4,244,At Risk
2033,14400.0,148,3,1732.47,3,3,4,334,Loyal Customer
2034,14401.0,3,22,6795.9,5,5,5,555,Champion
2035,14402.0,651,1,285.6,1,1,2,112,Lost Customer
2036,14403.0,129,6,1880.51,3,4,4,344,Loyal Customer
2037,14404.0,33,13,2724.13,4,5,4,454,Champion
2038,14405.0,386,1,195.0,2,1,1,211,Lost Customer
2039,14406.0,118,1,156.75,3,1,1,311,Lost Customer
2040,14407.0,106,6,2157.73,3,4,4,344,Loyal Customer
2041,14408.0,10,11,4102.27,5,5,5,555,Champion
2042,14409.0,70,9,3427.29,3,5,5,355,Loyal Customer
2043,14410.0,91,11,2631.9,3,5,4,354,Loyal Customer
2044,14411.0,310,1,1063.0,2,1,3,213,Lost Customer
2045,14412.0,42,3,1426.19,4,3,4,434,Loyal Customer
2046,14413.0,361,4,764.52,2,3,3,233,At Risk
2047,14414.0,91,8,2399.33,3,4,4,344,Loyal Customer
2048,14415.0,0,23,11980.09,5,5,5,555,Champion
2049,14416.0,21,2,490.22,4,2,2,422,Potential Loyalist
2050,14417.0,387,1,524.65,2,1,2,212,Lost Customer
2051,14418.0,3,3,1937.25,5,3,4,534,Loyal Customer
2052,14419.0,10,7,1254.64,5,4,4,544,Champion
2053,14420.0,98,4,1639.17,3,3,4,334,Loyal Customer
2054,14421.0,56,6,2469.37,4,4,4,444,Champion
2055,14422.0,0,19,10271.52,5,5,5,555,Champion
2056,14423.0,217,3,916.6099999999999,2,3,3,233,At Risk
2057,14424.0,17,1,322.08,5,1,2,512,Potential Loyalist
2058,14425.0,434,3,661.39,1,3,3,133,At Risk
2059,14426.0,23,17,11727.94,4,5,5,455,Champion
2060,14427.0,49,4,1263.52,4,3,4,434,Loyal Customer
2061,14428.0,6,5,1224.06,5,4,4,544,Champion
2062,14429.0,403,1,516.28,2,1,2,212,Lost Customer
2063,14430.0,511,3,1220.9,1,3,4,134,At Risk
2064,14431.0,302,4,2614.2,2,3,4,234,At Risk
2065,14432.0,9,6,2248.5,5,4,4,544,Champion
2066,14433.0,465,1,280.7,1,1,1,111,Lost Customer
2067,14434.0,21,6,1372.8,4,4,4,444,Champion
2068,14435.0,501,1,90.42,1,1,1,111,Lost Customer
2069,14436.0,98,2,271.70000000000005,3,2,1,321,Lost Customer
2070,14437.0,365,5,873.34,2,4,3,243,At Risk
2071,14438.0,305,1,131.9,2,1,1,211,Lost Customer
2072,14439.0,319,5,9443.04,2,4,5,245,At Risk
2073,14440.0,7,13,5982.03,5,5,5,555,Champion
2074,14441.0,0,11,4611.6900000000005,5,5,5,555,Champion
2075,14442.0,204,7,5367.0199999999995,2,4,5,245,At Risk
2076,14443.0,53,5,2082.97,4,4,4,444,Champion
2077,14444.0,455,1,120.44,1,1,1,111,Lost Customer
2078,14445.0,455,1,221.65,1,1,1,111,Lost Customer
2079,14446.0,0,5,1200.28,5,4,3,543,Loyal Customer
2080,14447.0,18,6,1711.73,5,4,4,544,Champion
2081,14448.0,8,2,375.35,5,2,2,522,Potential Loyalist
2082,14449.0,18,8,2230.96,5,4,4,544,Champion
2083,14450.0,180,7,1128.44,3,4,3,343,Loyal Customer
2084,14451.0,59,12,3258.68,3,5,5,355,Loyal Customer
2085,14452.0,10,4,658.95,5,3,3,533,Loyal Customer
2086,14453.0,189,1,119.93,2,1,1,211,Lost Customer
2087,14454.0,375,5,977.3,2,4,3,243,At Risk
2088,14455.0,431,4,617.72,1,3,3,133,At Risk
2089,14456.0,4,9,3017.28,5,5,5,555,Champion
2090,14457.0,310,1,113.64,2,1,1,211,Lost Customer
2091,14458.0,380,1,228.07,2,1,1,211,Lost Customer
2092,14459.0,154,2,5375.741,3,2,5,325,Lost Customer
2093,14460.0,109,9,1093.5,3,5,3,353,Loyal Customer
2094,14461.0,147,13,6676.91,3,5,5,355,Loyal Customer
2095,14462.0,65,12,2242.81,3,5,4,354,Loyal Customer
2096,14463.0,97,4,786.5699999999999,3,3,3,333,Loyal Customer
2097,14464.0,567,2,111.0,1,2,1,121,Lost Customer
2098,14465.0,246,11,3925.85,2,5,5,255,At Risk
2099,14466.0,28,13,4267.15,4,5,5,455,Champion
2100,14467.0,17,12,2203.2400000000002,5,5,4,554,Champion
2101,14468.0,733,1,204.24,1,1,1,111,Lost Customer
2102,14469.0,415,4,2093.46,1,3,4,134,At Risk
2103,14470.0,11,3,712.04,5,3,3,533,Loyal Customer
2104,14471.0,590,2,400.95,1,2,2,122,Lost Customer
2105,14472.0,103,9,2118.72,3,5,4,354,Loyal Customer
2106,14473.0,73,2,234.34000000000003,3,2,1,321,Lost Customer
2107,14474.0,45,2,1258.8899999999999,4,2,4,424,Potential Loyalist
2108,14475.0,71,4,1151.15,3,3,3,333,Loyal Customer
2109,14476.0,256,1,193.0,2,1,1,211,Lost Customer
2110,14477.0,19,7,1969.6,4,4,4,444,Champion
2111,14478.0,381,4,1276.66,2,3,4,234,At Risk
2112,14479.0,253,4,1124.71,2,3,3,233,At Risk
2113,14480.0,10,4,1299.52,5,3,4,534,Loyal Customer
2114,14481.0,164,5,2284.69,3,4,4,344,Loyal Customer
2115,14482.0,17,12,4306.72,5,5,5,555,Champion
2116,14483.0,281,2,257.1,2,2,1,221,Lost Customer
2117,14484.0,49,4,1070.98,4,3,3,433,Loyal Customer
2118,14485.0,38,1,162.8,4,1,1,411,Potential Loyalist
2119,14486.0,511,2,175.5,1,2,1,121,Lost Customer
2120,14487.0,26,7,1266.27,4,4,4,444,Champion
2121,14488.0,67,1,1064.28,3,1,3,313,Lost Customer
2122,14489.0,206,4,1574.93,2,3,4,234,At Risk
2123,14490.0,405,2,1273.47,2,2,4,224,Lost Customer
2124,14491.0,174,2,340.93,3,2,2,322,Lost Customer
2125,14492.0,429,7,1921.91,1,4,4,144,At Risk
2126,14493.0,6,10,5087.86,5,5,5,555,Champion
2127,14494.0,25,3,401.46,4,3,2,432,Loyal Customer
2128,14495.0,50,3,174.8,4,3,1,431,Loyal Customer
2129,14496.0,311,7,2363.89,2,4,4,244,At Risk
2130,14497.0,308,2,697.0600000000001,2,2,3,223,Lost Customer
2131,14498.0,42,10,3900.83,4,5,5,455,Champion
2132,14499.0,25,7,2101.79,4,4,4,444,Champion
2133,14500.0,87,3,356.85,3,3,2,332,Loyal Customer
2134,14501.0,183,2,251.21,3,2,1,321,Lost Customer
2135,14502.0,19,11,2429.83,4,5,4,454,Champion
2136,14503.0,2,6,3543.26,5,4,5,545,Champion
2137,14504.0,46,4,673.26,4,3,3,433,Loyal Customer
2138,14505.0,16,19,11879.08,5,5,5,555,Champion
2139,14506.0,16,7,2960.25,5,4,5,545,Champion
2140,14507.0,23,11,3216.7400000000002,4,5,5,455,Champion
2141,14508.0,21,5,822.92,4,4,3,443,Loyal Customer
2142,14509.0,533,1,110.95,1,1,1,111,Lost Customer
2143,14510.0,375,3,979.85,2,3,3,233,At Risk
2144,14511.0,10,5,1314.81,5,4,4,544,Champion
2145,14512.0,187,7,1215.97,3,4,3,343,Loyal Customer
2146,14513.0,100,6,788.01,3,4,3,343,Loyal Customer
2147,14514.0,60,9,4380.04,3,5,5,355,Loyal Customer
2148,14515.0,17,12,3724.06,5,5,5,555,Champion
2149,14516.0,515,1,151.17,1,1,1,111,Lost Customer
2150,14517.0,32,2,330.45,4,2,2,422,Potential Loyalist
2151,14518.0,63,1,174.37,3,1,1,311,Lost Customer
2152,14519.0,683,2,203.14,1,2,1,121,Lost Customer
2153,14520.0,1,2,270.6,5,2,1,521,Potential Loyalist
2154,14521.0,490,1,199.45000000000002,1,1,1,111,Lost Customer
2155,14522.0,23,8,1748.42,4,4,4,444,Champion
2156,14523.0,107,1,241.09,3,1,1,311,Lost Customer
2157,14524.0,31,13,2909.86,4,5,4,454,Champion
2158,14525.0,19,17,8026.54,4,5,5,455,Champion
2159,14526.0,388,1,258.65,2,1,1,211,Lost Customer
2160,14527.0,2,122,27246.88,5,5,5,555,Champion
2161,14528.0,36,1,364.21999999999997,4,1,2,412,Potential Loyalist
2162,14529.0,59,3,578.61,3,3,2,332,Loyal Customer
2163,14530.0,25,16,6088.87,4,5,5,455,Champion
2164,14531.0,479,1,376.34,1,1,2,112,Lost Customer
2165,14532.0,235,11,3845.78,2,5,5,255,At Risk
2166,14533.0,24,11,3466.37,4,5,5,455,Champion
2167,14534.0,2,26,6187.66,5,5,5,555,Champion
2168,14535.0,59,9,5973.2300000000005,3,5,5,355,Loyal Customer
2169,14536.0,259,1,170.95,2,1,1,211,Lost Customer
2170,14537.0,57,2,641.4,4,2,3,423,Potential Loyalist
2171,14538.0,64,5,1370.8400000000001,3,4,4,344,Loyal Customer
2172,14539.0,15,2,537.48,5,2,2,522,Potential Loyalist
2173,14540.0,9,11,3709.64,5,5,5,555,Champion
2174,14541.0,58,14,2491.38,4,5,4,454,Champion
2175,14542.0,185,1,103.25,3,1,1,311,Lost Customer
2176,14543.0,28,39,14587.87,4,5,5,455,Champion
2177,14544.0,23,3,2938.53,4,3,5,435,Loyal Customer
2178,14545.0,673,1,349.25,1,1,2,112,Lost Customer
2179,14546.0,4,11,5184.84,5,5,5,555,Champion
2180,14547.0,3,8,3974.75,5,4,5,545,Champion
2181,14548.0,150,9,2541.29,3,5,4,354,Loyal Customer
2182,14549.0,310,4,913.6,2,3,3,233,At Risk
2183,14550.0,10,4,1345.06,5,3,4,534,Loyal Customer
2184,14551.0,17,7,878.09,5,4,3,543,Loyal Customer
2185,14552.0,151,3,507.93,3,3,2,332,Loyal Customer
2186,14553.0,18,9,1818.6,5,5,4,554,Champion
2187,14554.0,9,4,2279.4900000000002,5,3,4,534,Loyal Customer
2188,14555.0,56,6,2304.03,4,4,4,444,Champion
2189,14556.0,595,3,815.69,1,3,3,133,At Risk
2190,14557.0,84,1,788.38,3,1,3,313,Lost Customer
2191,14558.0,653,3,655.5,1,3,3,133,At Risk
2192,14559.0,389,1,75.6,2,1,1,211,Lost Customer
2193,14560.0,6,44,6114.03,5,5,5,555,Champion
2194,14561.0,75,3,1080.76,3,3,3,333,Loyal Customer
2195,14562.0,3,26,6638.150000000001,5,5,5,555,Champion
2196,14563.0,509,2,640.54,1,2,3,123,Lost Customer
2197,14564.0,434,2,2605.62,1,2,4,124,Lost Customer
2198,14565.0,95,5,3859.2200000000003,3,4,5,345,Loyal Customer
2199,14566.0,110,4,4092.0,3,3,5,335,Loyal Customer
2200,14567.0,56,2,1530.3600000000001,4,2,4,424,Potential Loyalist
2201,14568.0,434,1,919.7,1,1,3,113,Lost Customer
2202,14569.0,0,4,597.3299999999999,5,3,2,532,Loyal Customer
2203,14570.0,280,3,613.75,2,3,3,233,At Risk
2204,14571.0,424,1,160.0,1,1,1,111,Lost Customer
2205,14572.0,2,11,5526.88,5,5,5,555,Champion
2206,14573.0,179,13,2163.12,3,5,4,354,Loyal Customer
2207,14574.0,732,1,143.70000000000002,1,1,1,111,Lost Customer
2208,14575.0,487,1,420.22,1,1,2,112,Lost Customer
2209,14576.0,371,1,35.400000000000006,2,1,1,211,Lost Customer
2210,14577.0,12,7,1364.15,5,4,4,544,Champion
2211,14578.0,2,1,168.63,5,1,1,511,Potential Loyalist
2212,14579.0,431,1,105.56,1,1,1,111,Lost Customer
2213,14580.0,517,1,14.850000000000001,1,1,1,111,Lost Customer
2214,14581.0,16,2,409.65,5,2,2,522,Potential Loyalist
2215,14582.0,40,1,114.11,4,1,1,411,Potential Loyalist
2216,14583.0,5,8,1660.29,5,4,4,544,Champion
2217,14584.0,168,8,1738.16,3,4,4,344,Loyal Customer
2218,14585.0,49,5,1143.27,4,4,3,443,Loyal Customer
2219,14586.0,276,1,237.36,2,1,1,211,Lost Customer
2220,14587.0,18,9,1580.29,5,5,4,554,Champion
2221,14588.0,577,1,135.39,1,1,1,111,Lost Customer
2222,14589.0,371,1,39.75,2,1,1,211,Lost Customer
2223,14590.0,424,20,2993.37,1,5,5,155,At Risk
2224,14591.0,14,4,1320.21,5,3,4,534,Loyal Customer
2225,14592.0,34,3,557.94,4,3,2,432,Loyal Customer
2226,14593.0,21,12,3665.5299999999997,4,5,5,455,Champion
2227,14594.0,6,2,363.33,5,2,2,522,Potential Loyalist
2228,14595.0,19,8,2164.45,4,4,4,444,Champion
2229,14596.0,626,1,222.22000000000003,1,1,1,111,Lost Customer
2230,14597.0,10,6,2184.63,5,4,4,544,Champion
2231,14598.0,43,2,384.04,4,2,2,422,Potential Loyalist
2232,14599.0,389,2,457.89,2,2,2,222,Lost Customer
2233,14600.0,305,2,865.1700000000001,2,2,3,223,Lost Customer
2234,14601.0,10,1,213.96,5,1,1,511,Potential Loyalist
2235,14602.0,655,1,205.35999999999999,1,1,1,111,Lost Customer
2236,14603.0,274,1,660.0,2,1,3,213,Lost Customer
2237,14604.0,632,1,143.85999999999999,1,1,1,111,Lost Customer
2238,14605.0,373,4,921.5600000000001,2,3,3,233,At Risk
2239,14606.0,0,192,29951.37,5,5,5,555,Champion
2240,14607.0,15,22,23763.13,5,5,5,555,Champion
2241,14608.0,3,11,3352.94,5,5,5,555,Champion
2242,14609.0,71,10,1486.2,3,5,4,354,Loyal Customer
2243,14610.0,395,2,24.35,2,2,1,221,Lost Customer
2244,14611.0,443,2,604.3299999999999,1,2,2,122,Lost Customer
2245,14612.0,414,1,877.7,1,1,3,113,Lost Customer
2246,14613.0,679,1,76.32000000000001,1,1,1,111,Lost Customer
2247,14614.0,385,1,295.13,2,1,2,212,Lost Customer
2248,14615.0,393,5,951.76,2,4,3,243,At Risk
2249,14616.0,242,5,527.78,2,4,2,242,At Risk
2250,14617.0,402,2,190.47000000000003,2,2,1,221,Lost Customer
2251,14618.0,8,7,1342.32,5,4,4,544,Champion
2252,14619.0,245,2,1291.24,2,2,4,224,Lost Customer
2253,14620.0,205,2,412.78000000000003,2,2,2,222,Lost Customer
2254,14621.0,0,9,3000.57,5,5,5,555,Champion
2255,14622.0,184,1,320.58000000000004,3,1,2,312,Lost Customer
2256,14623.0,31,10,2016.98,4,5,4,454,Champion
2257,14624.0,56,6,814.07,4,4,3,443,Loyal Customer
2258,14625.0,195,11,4497.88,2,5,5,255,At Risk
2259,14626.0,23,11,5410.92,4,5,5,455,Champion
2260,14627.0,378,1,462.75,2,1,2,212,Lost Customer
2261,14628.0,90,5,1998.0,3,4,4,344,Loyal Customer
2262,14629.0,3,2,955.26,5,2,3,523,Potential Loyalist
2263,14630.0,483,1,338.65,1,1,2,112,Lost Customer
2264,14631.0,50,6,2025.69,4,4,4,444,Champion
2265,14632.0,262,1,114.56,2,1,1,211,Lost Customer
2266,14633.0,265,1,344.90000000000003,2,1,2,212,Lost Customer
2267,14634.0,437,4,2124.46,1,3,4,134,At Risk
2268,14635.0,453,1,215.22,1,1,1,111,Lost Customer
2269,14636.0,35,2,609.85,4,2,3,423,Potential Loyalist
2270,14637.0,676,1,106.67999999999999,1,1,1,111,Lost Customer
2271,14638.0,50,1,443.6,4,1,2,412,Potential Loyalist
2272,14639.0,51,9,4978.96,4,5,5,455,Champion
2273,14640.0,23,10,3649.36,4,5,5,455,Champion
2274,14641.0,21,1,110.46,4,1,1,411,Potential Loyalist
2275,14642.0,58,1,96.12,4,1,1,411,Potential Loyalist
2276,14643.0,169,5,1679.89,3,4,4,344,Loyal Customer
2277,14644.0,67,7,2247.72,3,4,4,344,Loyal Customer
2278,14645.0,156,3,876.89,3,3,3,333,Loyal Customer
2279,14646.0,1,152,528602.52,5,5,5,555,Champion
2280,14647.0,200,2,506.04,2,2,2,222,Lost Customer
2281,14648.0,415,15,4466.65,1,5,5,155,At Risk
2282,14649.0,4,9,3651.19,5,5,5,555,Champion
2283,14650.0,588,1,62.5,1,1,1,111,Lost Customer
2284,14651.0,66,9,2025.52,3,5,4,354,Loyal Customer
2285,14652.0,76,1,114.18,3,1,1,311,Lost Customer
2286,14653.0,0,12,3593.06,5,5,5,555,Champion
2287,14654.0,737,1,246.86,1,1,1,111,Lost Customer
2288,14655.0,7,7,3878.51,5,4,5,545,Champion
2289,14656.0,168,5,790.0,3,4,3,343,Loyal Customer
2290,14657.0,17,6,1450.19,5,4,4,544,Champion
2291,14658.0,4,2,247.15,5,2,1,521,Potential Loyalist
2292,14659.0,8,9,2529.93,5,5,4,554,Champion
2293,14660.0,86,2,285.74,3,2,2,322,Lost Customer
2294,14661.0,26,1,107.95,4,1,1,411,Potential Loyalist
2295,14662.0,28,7,1376.43,4,4,4,444,Champion
2296,14663.0,429,2,490.6,1,2,2,122,Lost Customer
2297,14664.0,19,2,636.24,4,2,3,423,Potential Loyalist
2298,14665.0,60,7,2749.65,3,4,4,344,Loyal Customer
2299,14666.0,23,1,195.25,4,1,1,411,Potential Loyalist
2300,14667.0,10,54,20395.34,5,5,5,555,Champion
2301,14668.0,444,1,111.63,1,1,1,111,Lost Customer
2302,14669.0,241,7,3216.78,2,4,5,245,At Risk
2303,14670.0,279,3,583.33,2,3,2,232,At Risk
2304,14671.0,548,2,1127.45,1,2,3,123,Lost Customer
2305,14672.0,234,4,1113.14,2,3,3,233,At Risk
2306,14673.0,2,7,3037.32,5,4,5,545,Champion
2307,14674.0,508,1,173.66,1,1,1,111,Lost Customer
2308,14675.0,15,2,1015.58,5,2,3,523,Potential Loyalist
2309,14676.0,30,12,8356.79,4,5,5,455,Champion
2310,14677.0,592,1,184.91,1,1,1,111,Lost Customer
2311,14678.0,578,1,403.39,1,1,2,112,Lost Customer
2312,14679.0,381,3,1289.44,2,3,4,234,At Risk
2313,14680.0,24,58,55688.5,4,5,5,455,Champion
2314,14681.0,70,6,875.1500000000001,3,4,3,343,Loyal Customer
2315,14682.0,187,6,1514.81,3,4,4,344,Loyal Customer
2316,14683.0,587,1,146.56,1,1,1,111,Lost Customer
2317,14684.0,25,6,1430.03,4,4,4,444,Champion
2318,14685.0,575,8,4536.64,1,4,5,145,At Risk
2319,14686.0,413,5,852.53,1,4,3,143,At Risk
2320,14687.0,106,3,1402.06,3,3,4,334,Loyal Customer
2321,14688.0,7,28,7190.42,5,5,5,555,Champion
2322,14689.0,208,1,112.8,2,1,1,211,Lost Customer
2323,14690.0,43,4,777.68,4,3,3,433,Loyal Customer
2324,14691.0,30,5,2114.33,4,4,4,444,Champion
2325,14692.0,136,12,1715.1399999999999,3,5,4,354,Loyal Customer
2326,14693.0,264,7,1165.36,2,4,3,243,At Risk
2327,14694.0,616,1,244.31,1,1,1,111,Lost Customer
2328,14695.0,518,3,1534.22,1,3,4,134,At Risk
2329,14696.0,3,8,2473.28,5,4,4,544,Champion
2330,14697.0,217,2,188.60999999999999,2,2,1,221,Lost Customer
2331,14698.0,1,5,1217.27,5,4,3,543,Loyal Customer
2332,14699.0,213,4,702.6,2,3,3,233,At Risk
2333,14700.0,31,5,3076.06,4,4,5,445,Champion
2334,14701.0,10,15,4487.11,5,5,5,555,Champion
2335,14702.0,0,29,6368.78,5,5,5,555,Champion
2336,14703.0,14,1,318.17,5,1,2,512,Potential Loyalist
2337,14704.0,10,11,1752.92,5,5,4,554,Champion
2338,14705.0,198,1,179.0,2,1,1,211,Lost Customer
2339,14706.0,618,1,367.54,1,1,2,112,Lost Customer
2340,14707.0,435,2,139.2,1,2,1,121,Lost Customer
2341,14708.0,2,5,1793.22,5,4,4,544,Champion
2342,14709.0,14,25,8886.33,5,5,5,555,Champion
2343,14710.0,13,13,1899.79,5,5,4,554,Champion
2344,14711.0,9,11,2839.62,5,5,4,554,Champion
2345,14712.0,28,4,1328.0700000000002,4,3,4,434,Loyal Customer
2346,14713.0,8,21,5115.76,5,5,5,555,Champion
2347,14714.0,23,4,906.24,4,3,3,433,Loyal Customer
2348,14715.0,24,8,1825.45,4,4,4,444,Champion
2349,14716.0,42,3,543.28,4,3,2,432,Loyal Customer
2350,14717.0,732,1,81.3,1,1,1,111,Lost Customer
2351,14718.0,409,1,226.42,2,1,1,211,Lost Customer
2352,14719.0,1,5,1581.84,5,4,4,544,Champion
2353,14720.0,5,3,663.81,5,3,3,533,Loyal Customer
2354,14721.0,378,1,109.07,2,1,1,211,Lost Customer
2355,14722.0,146,3,489.52,3,3,2,332,Loyal Customer
2356,14723.0,9,11,1803.06,5,5,4,554,Champion
2357,14724.0,589,1,341.9,1,1,2,112,Lost Customer
2358,14725.0,24,4,1252.74,4,3,4,434,Loyal Customer
2359,14726.0,654,1,116.5,1,1,1,111,Lost Customer
2360,14727.0,273,3,463.72999999999996,2,3,2,232,At Risk
2361,14728.0,412,1,190.58,1,1,1,111,Lost Customer
2362,14729.0,373,3,586.24,2,3,2,232,At Risk
2363,14730.0,0,8,1897.57,5,4,4,544,Champion
2364,14731.0,46,3,380.02,4,3,2,432,Loyal Customer
2365,14732.0,7,19,5517.07,5,5,5,555,Champion
2366,14733.0,15,15,14335.15,5,5,5,555,Champion
2367,14734.0,425,4,1056.42,1,3,3,133,At Risk
2368,14735.0,3,56,12240.16,5,5,5,555,Champion
2369,14736.0,484,2,374.05,1,2,2,122,Lost Customer
2370,14737.0,3,4,3554.17,5,3,5,535,Loyal Customer
2371,14738.0,42,9,1821.9,4,5,4,454,Champion
2372,14739.0,3,25,11573.62,5,5,5,555,Champion
2373,14740.0,196,11,4161.06,2,5,5,255,At Risk
2374,14741.0,11,7,1713.09,5,4,4,544,Champion
2375,14742.0,434,1,579.85,1,1,2,112,Lost Customer
2376,14743.0,592,1,50.48,1,1,1,111,Lost Customer
2377,14744.0,15,14,3660.08,5,5,5,555,Champion
2378,14745.0,112,12,2551.41,3,5,4,354,Loyal Customer
2379,14746.0,405,4,593.5,2,3,2,232,At Risk
2380,14747.0,248,1,328.2,2,1,2,212,Lost Customer
2381,14748.0,28,10,2681.9,4,5,4,454,Champion
2382,14749.0,479,1,310.15,1,1,2,112,Lost Customer
2383,14750.0,735,1,112.03,1,1,1,111,Lost Customer
2384,14751.0,683,2,126.45,1,2,1,121,Lost Customer
2385,14752.0,43,1,389.64,4,1,2,412,Potential Loyalist
2386,14753.0,86,2,869.51,3,2,3,323,Lost Customer
2387,14754.0,44,6,1547.93,4,4,4,444,Champion
2388,14755.0,9,25,9972.550000000001,5,5,5,555,Champion
2389,14756.0,14,3,2653.76,5,3,4,534,Loyal Customer
2390,14757.0,74,1,420.5,3,1,2,312,Lost Customer
2391,14758.0,144,7,2864.97,3,4,4,344,Loyal Customer
2392,14759.0,4,3,1625.97,5,3,4,534,Loyal Customer
2393,14760.0,296,1,89.2,2,1,1,211,Lost Customer
2394,14761.0,58,3,447.92,4,3,2,432,Loyal Customer
2395,14762.0,263,2,417.57,2,2,2,222,Lost Customer
2396,14764.0,46,1,278.3,4,1,1,411,Potential Loyalist
2397,14765.0,28,3,254.11,4,3,1,431,Loyal Customer
2398,14766.0,7,11,6375.7300000000005,5,5,5,555,Champion
2399,14767.0,473,1,382.81,1,1,2,112,Lost Customer
2400,14768.0,16,2,192.60000000000002,5,2,1,521,Potential Loyalist
2401,14769.0,2,17,15514.11,5,5,5,555,Champion
2402,14770.0,231,8,3637.64,2,4,5,245,At Risk
2403,14771.0,620,2,594.62,1,2,2,122,Lost Customer
2404,14772.0,111,1,139.26,3,1,1,311,Lost Customer
2405,14773.0,592,1,140.55,1,1,1,111,Lost Customer
2406,14774.0,528,1,241.45,1,1,1,111,Lost Customer
2407,14775.0,57,3,1011.9,4,3,3,433,Loyal Customer
2408,14776.0,50,15,3708.3,4,5,5,455,Champion
2409,14777.0,403,1,307.56,2,1,2,212,Lost Customer
2410,14778.0,126,2,730.86,3,2,3,323,Lost Customer
2411,14779.0,280,3,386.15,2,3,2,232,At Risk
2412,14780.0,54,2,447.68,4,2,2,422,Potential Loyalist
2413,14782.0,319,1,200.10000000000002,2,1,1,211,Lost Customer
2414,14783.0,658,1,307.3,1,1,2,112,Lost Customer
2415,14784.0,25,3,449.93,4,3,2,432,Loyal Customer
2416,14785.0,9,2,77.4,5,2,1,521,Potential Loyalist
2417,14786.0,549,1,90.96,1,1,1,111,Lost Customer
2418,14787.0,470,1,110.65,1,1,1,111,Lost Customer
2419,14788.0,6,3,1156.32,5,3,3,533,Loyal Customer
2420,14789.0,28,1,197.64,4,1,1,411,Potential Loyalist
2421,14790.0,16,10,2526.62,5,5,4,554,Champion
2422,14791.0,606,1,303.63,1,1,2,112,Lost Customer
2423,14792.0,63,1,6.2,3,1,1,311,Lost Customer
2424,14793.0,20,2,625.9,4,2,3,423,Potential Loyalist
2425,14794.0,2,10,1953.9,5,5,4,554,Champion
2426,14795.0,165,1,131.45000000000002,3,1,1,311,Lost Customer
2427,14796.0,0,27,10169.33,5,5,5,555,Champion
2428,14797.0,506,1,300.31,1,1,2,112,Lost Customer
2429,14798.0,52,8,724.31,4,4,3,443,Loyal Customer
2430,14799.0,50,2,338.15,4,2,2,422,Potential Loyalist
2431,14800.0,47,17,7191.33,4,5,5,455,Champion
2432,14801.0,60,1,189.34,3,1,1,311,Lost Customer
2433,14802.0,437,2,1502.98,1,2,4,124,Lost Customer
2434,14803.0,161,3,845.55,3,3,3,333,Loyal Customer
2435,14804.0,8,1,353.27,5,1,2,512,Potential Loyalist
2436,14805.0,14,7,1082.55,5,4,3,543,Loyal Customer
2437,14806.0,74,2,303.43,3,2,2,322,Lost Customer
2438,14807.0,390,2,504.14,2,2,2,222,Lost Customer
2439,14808.0,39,8,2718.6,4,4,4,444,Champion
2440,14809.0,620,2,686.76,1,2,3,123,Lost Customer
2441,14810.0,40,13,2354.03,4,5,4,454,Champion
2442,14811.0,386,1,170.5,2,1,1,211,Lost Customer
2443,14812.0,598,1,178.85,1,1,1,111,Lost Customer
2444,14813.0,369,4,888.91,2,3,3,233,At Risk
2445,14814.0,580,1,154.21,1,1,1,111,Lost Customer
2446,14815.0,36,2,778.5,4,2,3,423,Potential Loyalist
2447,14816.0,196,1,271.85,2,1,1,211,Lost Customer
2448,14817.0,199,7,3959.86,2,4,5,245,At Risk
2449,14818.0,73,6,1153.56,3,4,3,343,Loyal Customer
2450,14819.0,63,4,456.41,3,3,2,332,Loyal Customer
2451,14820.0,20,9,1274.76,4,5,4,454,Champion
2452,14821.0,366,7,1230.15,2,4,4,244,At Risk
2453,14822.0,484,1,157.70000000000002,1,1,1,111,Lost Customer
2454,14823.0,179,3,321.43,3,3,2,332,Loyal Customer
2455,14824.0,9,10,4022.9100000000003,5,5,5,555,Champion
2456,14825.0,3,24,4735.08,5,5,5,555,Champion
2457,14826.0,581,2,385.2,1,2,2,122,Lost Customer
2458,14827.0,664,1,0.0,1,1,1,111,Lost Customer
2459,14828.0,196,13,9839.460000000001,2,5,5,255,At Risk
2460,14829.0,28,7,1455.8700000000001,4,4,4,444,Champion
2461,14830.0,52,1,188.88,4,1,1,411,Potential Loyalist
2462,14831.0,679,3,1676.57,1,3,4,134,At Risk
2463,14832.0,629,1,322.69,1,1,2,112,Lost Customer
2464,14833.0,498,1,94.8,1,1,1,111,Lost Customer
2465,14834.0,17,7,2206.16,5,4,4,544,Champion
2466,14835.0,528,2,297.0,1,2,2,122,Lost Customer
2467,14836.0,9,3,102.44999999999999,5,3,1,531,Loyal Customer
2468,14837.0,89,9,3460.32,3,5,5,355,Loyal Customer
2469,14838.0,422,2,769.9200000000001,1,2,3,123,Lost Customer
2470,14839.0,417,3,915.28,1,3,3,133,At Risk
2471,14840.0,267,2,362.71,2,2,2,222,Lost Customer
2472,14841.0,52,14,7163.0,4,5,5,455,Champion
2473,14842.0,43,4,2824.69,4,3,4,434,Loyal Customer
2474,14843.0,436,1,211.79999999999998,1,1,1,111,Lost Customer
2475,14844.0,63,10,6702.43,3,5,5,355,Loyal Customer
2476,14845.0,599,1,150.0,1,1,1,111,Lost Customer
2477,14846.0,426,1,437.4,1,1,2,112,Lost Customer
2478,14847.0,148,3,1348.95,3,3,4,334,Loyal Customer
2479,14848.0,404,1,310.56,2,1,2,212,Lost Customer
2480,14849.0,21,43,15407.61,4,5,5,455,Champion
2481,14850.0,311,7,1770.96,2,4,4,244,At Risk
2482,14851.0,22,3,829.4100000000001,4,3,3,433,Loyal Customer
2483,14852.0,57,18,6132.43,4,5,5,455,Champion
2484,14853.0,23,5,1376.87,4,4,4,444,Champion
2485,14854.0,77,11,4303.06,3,5,5,355,Loyal Customer
2486,14855.0,118,7,6520.3,3,4,5,345,Loyal Customer
2487,14856.0,35,3,1290.53,4,3,4,434,Loyal Customer
2488,14857.0,59,7,3651.851,3,4,5,345,Loyal Customer
2489,14858.0,505,1,180.75,1,1,1,111,Lost Customer
2490,14859.0,12,5,1705.64,5,4,4,544,Champion
2491,14860.0,18,1,170.32,5,1,1,511,Potential Loyalist
2492,14861.0,51,10,1380.73,4,5,4,454,Champion
2493,14862.0,25,2,841.1999999999999,4,2,3,423,Potential Loyalist
2494,14863.0,28,1,266.76,4,1,1,411,Potential Loyalist
2495,14865.0,6,4,92.52000000000001,5,3,1,531,Loyal Customer
2496,14866.0,10,19,20746.54,5,5,5,555,Champion
2497,14867.0,185,16,2952.06,3,5,5,355,Loyal Customer
2498,14868.0,2,12,4184.01,5,5,5,555,Champion
2499,14869.0,8,6,2778.14,5,4,4,544,Champion
2500,14870.0,261,6,1838.95,2,4,4,244,At Risk
2501,14871.0,2,9,1228.17,5,5,4,554,Champion
2502,14872.0,483,3,816.6,1,3,3,133,At Risk
2503,14873.0,209,2,854.13,2,2,3,223,Lost Customer
2504,14874.0,534,1,116.18,1,1,1,111,Lost Customer
2505,14875.0,107,3,2862.4,3,3,4,334,Loyal Customer
2506,14876.0,520,2,256.7,1,2,1,121,Lost Customer
2507,14877.0,417,2,425.85,1,2,2,122,Lost Customer
2508,14878.0,12,25,4076.5,5,5,5,555,Champion
2509,14879.0,684,1,185.06,1,1,1,111,Lost Customer
2510,14880.0,76,3,690.59,3,3,3,333,Loyal Customer
2511,14881.0,19,1,255.4,4,1,1,411,Potential Loyalist
2512,14882.0,26,14,3546.65,4,5,5,455,Champion
2513,14883.0,18,6,761.59,5,4,3,543,Loyal Customer
2514,14884.0,668,1,120.6,1,1,1,111,Lost Customer
2515,14885.0,131,3,1598.12,3,3,4,334,Loyal Customer
2516,14886.0,252,1,364.8,2,1,2,212,Lost Customer
2517,14887.0,78,1,1862.0,3,1,4,314,Lost Customer
2518,14888.0,206,1,369.2,2,1,2,212,Lost Customer
2519,14889.0,335,1,135.9,2,1,1,211,Lost Customer
2520,14890.0,253,3,817.25,2,3,3,233,At Risk
2521,14891.0,147,4,1106.73,3,3,3,333,Loyal Customer
2522,14892.0,690,1,202.35000000000002,1,1,1,111,Lost Customer
2523,14893.0,9,3,1809.6100000000001,5,3,4,534,Loyal Customer
2524,14894.0,84,3,1492.81,3,3,4,334,Loyal Customer
2525,14895.0,7,38,25119.54,5,5,5,555,Champion
2526,14896.0,204,8,1826.0,2,4,4,244,At Risk
2527,14897.0,7,8,3140.54,5,4,5,545,Champion
2528,14898.0,22,14,3365.95,4,5,5,455,Champion
2529,14899.0,394,1,1331.38,2,1,4,214,Lost Customer
2530,14900.0,521,1,13.919999999999998,1,1,1,111,Lost Customer
2531,14901.0,10,12,1919.0,5,5,4,554,Champion
2532,14902.0,25,3,1035.6200000000001,4,3,3,433,Loyal Customer
2533,14903.0,20,5,2795.33,4,4,4,444,Champion
2534,14904.0,1,4,1630.49,5,3,4,534,Loyal Customer
2535,14905.0,157,8,1971.39,3,4,4,344,Loyal Customer
2536,14906.0,444,1,68.44,1,1,1,111,Lost Customer
2537,14907.0,2,16,5547.72,5,5,5,555,Champion
2538,14908.0,73,2,381.9,3,2,2,322,Lost Customer
2539,14909.0,436,3,1404.68,1,3,4,134,At Risk
2540,14910.0,2,4,434.35,5,3,2,532,Loyal Customer
2541,14911.0,0,398,291420.81,5,5,5,555,Champion
2542,14912.0,16,6,1889.25,5,4,4,544,Champion
2543,14913.0,35,8,4073.13,4,4,5,445,Champion
2544,14915.0,90,11,1811.25,3,5,4,354,Loyal Customer
2545,14916.0,70,8,3042.95,3,4,5,345,Loyal Customer
2546,14917.0,596,2,1123.75,1,2,3,123,Lost Customer
2547,14918.0,115,9,5955.81,3,5,5,355,Loyal Customer
2548,14919.0,538,1,359.35,1,1,2,112,Lost Customer
2549,14920.0,212,3,1607.17,2,3,4,234,At Risk
2550,14921.0,29,2,1316.07,4,2,4,424,Potential Loyalist
2551,14922.0,393,2,843.74,2,2,3,223,Lost Customer
2552,14923.0,50,1,749.1,4,1,3,413,Potential Loyalist
2553,14924.0,245,3,931.01,2,3,3,233,At Risk
2554,14926.0,381,2,359.4,2,2,2,222,Lost Customer
2555,14927.0,396,1,308.2,2,1,2,212,Lost Customer
2556,14928.0,627,1,223.91000000000003,1,1,1,111,Lost Customer
2557,14929.0,31,2,836.69,4,2,3,423,Potential Loyalist
2558,14930.0,108,6,5236.7300000000005,3,4,5,345,Loyal Customer
2559,14931.0,4,5,1257.68,5,4,4,544,Champion
2560,14932.0,365,2,666.13,2,2,3,223,Lost Customer
2561,14933.0,443,4,1770.0,1,3,4,134,At Risk
2562,14934.0,81,5,3503.5,3,4,5,345,Loyal Customer
2563,14935.0,296,2,2849.83,2,2,4,224,Lost Customer
2564,14936.0,33,12,12410.81,4,5,5,455,Champion
2565,14937.0,56,3,1621.88,4,3,4,434,Loyal Customer
2566,14938.0,561,2,2322.43,1,2,4,124,Lost Customer
2567,14940.0,417,2,531.49,1,2,2,122,Lost Customer
2568,14941.0,578,1,182.1,1,1,1,111,Lost Customer
2569,14942.0,401,4,746.56,2,3,3,233,At Risk
2570,14943.0,662,1,107.62,1,1,1,111,Lost Customer
2571,14944.0,29,19,9784.67,4,5,5,455,Champion
2572,14945.0,413,1,179.4,1,1,1,111,Lost Customer
2573,14946.0,13,1,100.9,5,1,1,511,Potential Loyalist
2574,14947.0,71,6,1049.79,3,4,3,343,Loyal Customer
2575,14948.0,22,6,1101.97,4,4,3,443,Loyal Customer
2576,14949.0,468,4,515.0,1,3,2,132,At Risk
2577,14950.0,18,1,371.2,5,1,2,512,Potential Loyalist
2578,14951.0,78,1,311.69,3,1,2,312,Lost Customer
2579,14952.0,59,32,17629.35,3,5,5,355,Loyal Customer
2580,14953.0,24,4,971.32,4,3,3,433,Loyal Customer
2581,14954.0,11,2,462.12,5,2,2,522,Potential Loyalist
2582,14955.0,732,1,163.77,1,1,1,111,Lost Customer
2583,14956.0,420,1,1325.0,1,1,4,114,Lost Customer
2584,14957.0,252,2,261.69,2,2,1,221,Lost Customer
2585,14958.0,146,6,941.99,3,4,3,343,Loyal Customer
2586,14959.0,63,4,695.42,3,3,3,333,Loyal Customer
2587,14960.0,7,2,221.27,5,2,1,521,Potential Loyalist
2588,14961.0,10,22,16410.15,5,5,5,555,Champion
2589,14962.0,270,4,366.91,2,3,2,232,At Risk
2590,14963.0,9,12,3123.57,5,5,5,555,Champion
2591,14964.0,246,1,206.21,2,1,1,211,Lost Customer
2592,14965.0,95,2,596.09,3,2,2,322,Lost Customer
2593,14966.0,14,6,1064.26,5,4,3,543,Loyal Customer
2594,14967.0,49,6,1982.6100000000001,4,4,4,444,Champion
2595,14968.0,29,2,501.24,4,2,2,422,Potential Loyalist
2596,14969.0,703,1,906.23,1,1,3,113,Lost Customer
2597,14970.0,67,12,4919.35,3,5,5,355,Loyal Customer
2598,14971.0,34,3,1097.98,4,3,3,433,Loyal Customer
2599,14972.0,127,2,145.07,3,2,1,321,Lost Customer
2600,14973.0,106,3,1314.45,3,3,4,334,Loyal Customer
2601,14974.0,36,1,89.94,4,1,1,411,Potential Loyalist
2602,14975.0,56,2,472.39,4,2,2,422,Potential Loyalist
2603,14976.0,56,7,790.86,4,4,3,443,Loyal Customer
2604,14977.0,725,1,31.929999999999996,1,1,1,111,Lost Customer
2605,14978.0,71,10,3112.19,3,5,5,355,Loyal Customer
2606,14979.0,734,1,429.66,1,1,2,112,Lost Customer
2607,14980.0,736,1,150.68,1,1,1,111,Lost Customer
2608,14981.0,245,2,372.92,2,2,2,222,Lost Customer
2609,14982.0,571,1,237.78,1,1,1,111,Lost Customer
2610,14983.0,688,1,183.20000000000002,1,1,1,111,Lost Customer
2611,14984.0,18,6,1260.51,5,4,4,544,Champion
2612,14985.0,197,2,292.01,2,2,2,222,Lost Customer
2613,14986.0,375,2,563.1,2,2,2,222,Lost Customer
2614,14987.0,15,8,1550.6499999999999,5,4,4,544,Champion
2615,14988.0,211,7,2038.65,2,4,4,244,At Risk
2616,14989.0,661,1,342.4,1,1,2,112,Lost Customer
2617,14990.0,611,2,304.17,1,2,2,122,Lost Customer
2618,14991.0,429,1,314.67,1,1,2,112,Lost Customer
2619,14992.0,441,1,210.5,1,1,1,111,Lost Customer
2620,14993.0,563,1,36.13,1,1,1,111,Lost Customer
2621,14994.0,381,5,946.72,2,4,3,243,At Risk
2622,14995.0,38,2,231.98000000000002,4,2,1,421,Potential Loyalist
2623,14996.0,480,2,442.28999999999996,1,2,2,122,Lost Customer
2624,14997.0,45,4,776.5999999999999,4,3,3,433,Loyal Customer
2625,14998.0,169,4,753.18,3,3,3,333,Loyal Customer
2626,14999.0,592,1,129.48000000000002,1,1,1,111,Lost Customer
2627,15000.0,47,1,490.52,4,1,2,412,Potential Loyalist
2628,15001.0,393,2,199.10999999999999,2,2,1,221,Lost Customer
2629,15002.0,115,9,4138.08,3,5,5,355,Loyal Customer
2630,15003.0,472,6,1027.03,1,4,3,143,At Risk
2631,15004.0,146,1,1220.77,3,1,3,313,Lost Customer
2632,15005.0,15,56,13754.58,5,5,5,555,Champion
2633,15006.0,50,2,757.78,4,2,3,423,Potential Loyalist
2634,15007.0,158,1,156.91,3,1,1,311,Lost Customer
2635,15008.0,479,2,360.0,1,2,2,122,Lost Customer
2636,15009.0,11,3,1259.43,5,3,4,534,Loyal Customer
2637,15010.0,35,1,308.94,4,1,2,412,Potential Loyalist
2638,15011.0,395,2,416.6,2,2,2,222,Lost Customer
2639,15012.0,53,3,646.26,4,3,3,433,Loyal Customer
2640,15013.0,487,10,1610.82,1,5,4,154,At Risk
2641,15014.0,42,2,257.67,4,2,1,421,Potential Loyalist
2642,15015.0,500,13,2354.97,1,5,4,154,At Risk
2643,15016.0,172,5,620.89,3,4,3,343,Loyal Customer
2644,15017.0,33,1,125.58,4,1,1,411,Potential Loyalist
2645,15018.0,38,3,496.21000000000004,4,3,2,432,Loyal Customer
2646,15019.0,266,1,252.81,2,1,1,211,Lost Customer
2647,15020.0,378,1,198.47,2,1,1,211,Lost Customer
2648,15021.0,8,12,2500.59,5,5,4,554,Champion
2649,15022.0,11,5,1133.44,5,4,3,543,Loyal Customer
2650,15023.0,2,20,11578.65,5,5,5,555,Champion
2651,15024.0,9,16,3559.39,5,5,5,555,Champion
2652,15025.0,32,2,979.79,4,2,3,423,Potential Loyalist
2653,15026.0,79,5,1048.8899999999999,3,4,3,343,Loyal Customer
2654,15027.0,30,10,3195.6,4,5,5,455,Champion
2655,15028.0,7,6,962.94,5,4,3,543,Loyal Customer
2656,15029.0,619,1,365.1,1,1,2,112,Lost Customer
2657,15030.0,71,8,1979.91,3,4,4,344,Loyal Customer
2658,15031.0,3,14,3102.94,5,5,5,555,Champion
2659,15032.0,255,8,11010.05,2,4,5,245,At Risk
2660,15033.0,4,10,2557.18,5,5,4,554,Champion
2661,15034.0,15,14,8231.2,5,5,5,555,Champion
2662,15035.0,89,1,252.73000000000002,3,1,1,311,Lost Customer
2663,15036.0,71,3,429.56,3,3,2,332,Loyal Customer
2664,15037.0,375,2,397.76,2,2,2,222,Lost Customer
2665,15038.0,58,9,1146.53,4,5,3,453,Loyal Customer
2666,15039.0,9,93,39141.48,5,5,5,555,Champion
2667,15040.0,541,1,7.49,1,1,1,111,Lost Customer
2668,15041.0,169,2,289.4,3,2,2,322,Lost Customer
2669,15042.0,198,2,315.45,2,2,2,222,Lost Customer
2670,15043.0,30,6,2870.3199999999997,4,4,4,444,Champion
2671,15044.0,18,35,16024.15,5,5,5,555,Champion
2672,15045.0,151,2,735.66,3,2,3,323,Lost Customer
2673,15046.0,8,25,7623.79,5,5,5,555,Champion
2674,15047.0,269,1,343.62,2,1,2,212,Lost Customer
2675,15048.0,64,4,381.0,3,3,2,332,Loyal Customer
2676,15049.0,273,1,121.17000000000002,2,1,1,211,Lost Customer
2677,15050.0,24,5,4087.19,4,4,5,445,Champion
2678,15051.0,22,9,3926.91,4,5,5,455,Champion
2679,15052.0,318,1,207.73000000000002,2,1,1,211,Lost Customer
2680,15053.0,4,3,693.95,5,3,3,533,Loyal Customer
2681,15054.0,11,2,302.1,5,2,2,522,Potential Loyalist
2682,15055.0,474,3,549.12,1,3,2,132,At Risk
2683,15056.0,519,1,113.64999999999999,1,1,1,111,Lost Customer
2684,15057.0,274,5,3255.96,2,4,5,245,At Risk
2685,15058.0,24,16,3387.58,4,5,5,455,Champion
2686,15059.0,40,19,3491.2,4,5,5,455,Champion
2687,15060.0,7,4,294.25,5,3,2,532,Loyal Customer
2688,15061.0,3,127,126389.02,5,5,5,555,Champion
2689,15062.0,70,8,2585.62,3,4,4,344,Loyal Customer
2690,15063.0,212,1,370.79999999999995,2,1,2,212,Lost Customer
2691,15064.0,409,4,1254.41,2,3,4,234,At Risk
2692,15065.0,37,5,3326.86,4,4,5,445,Champion
2693,15066.0,52,1,893.59,4,1,3,413,Potential Loyalist
2694,15067.0,77,5,3862.88,3,4,5,345,Loyal Customer
2695,15068.0,45,4,1174.9,4,3,3,433,Loyal Customer
2696,15069.0,178,1,1109.53,3,1,3,313,Lost Customer
2697,15070.0,372,3,737.0500000000001,2,3,3,233,At Risk
2698,15071.0,93,4,1455.56,3,3,4,334,Loyal Customer
2699,15072.0,478,1,187.51999999999998,1,1,1,111,Lost Customer
2700,15073.0,9,8,2788.02,5,4,4,544,Champion
2701,15074.0,104,3,1553.1299999999999,3,3,4,334,Loyal Customer
2702,15075.0,77,1,773.03,3,1,3,313,Lost Customer
2703,15076.0,172,3,1447.74,3,3,4,334,Loyal Customer
2704,15077.0,494,2,2428.08,1,2,4,124,Lost Customer
2705,15078.0,6,53,17286.73,5,5,5,555,Champion
2706,15079.0,212,11,3625.4,2,5,5,255,At Risk
2707,15080.0,427,2,546.25,1,2,2,122,Lost Customer
2708,15081.0,21,12,1854.57,4,5,4,454,Champion
2709,15082.0,668,1,93.35000000000001,1,1,1,111,Lost Customer
2710,15083.0,256,1,88.2,2,1,1,211,Lost Customer
2711,15084.0,379,2,965.2,2,2,3,223,Lost Customer
2712,15085.0,729,1,347.54,1,1,2,112,Lost Customer
2713,15086.0,564,2,218.53,1,2,1,121,Lost Customer
2714,15087.0,281,1,306.94,2,1,2,212,Lost Customer
2715,15088.0,20,2,1160.07,4,2,3,423,Potential Loyalist
2716,15089.0,9,6,2420.84,5,4,4,544,Champion
2717,15090.0,307,1,381.32,2,1,2,212,Lost Customer
2718,15091.0,67,3,1046.6100000000001,3,3,3,333,Loyal Customer
2719,15092.0,214,3,776.46,2,3,3,233,At Risk
2720,15093.0,17,23,13702.38,5,5,5,555,Champion
2721,15094.0,462,2,83.0,1,2,1,121,Lost Customer
2722,15095.0,103,10,3141.64,3,5,5,355,Loyal Customer
2723,15096.0,42,1,219.39000000000001,4,1,1,411,Potential Loyalist
2724,15097.0,3,3,908.35,5,3,3,533,Loyal Customer
2725,15098.0,181,3,39916.5,3,3,5,335,Loyal Customer
2726,15099.0,83,1,410.48,3,1,2,312,Lost Customer
2727,15100.0,333,7,2193.8999999999996,2,4,4,244,At Risk
2728,15101.0,8,6,1477.94,5,4,4,544,Champion
2729,15102.0,530,2,554.67,1,2,2,122,Lost Customer
2730,15103.0,30,2,703.36,4,2,3,423,Potential Loyalist
2731,15104.0,196,2,993.54,2,2,3,223,Lost Customer
2732,15105.0,17,9,3094.91,5,5,5,555,Champion
2733,15106.0,17,5,1422.52,5,4,4,544,Champion
2734,15107.0,310,9,824.35,2,5,3,253,At Risk
2735,15108.0,141,4,1300.25,3,3,4,334,Loyal Customer
2736,15109.0,245,3,983.1,2,3,3,233,At Risk
2737,15110.0,23,6,1505.8500000000001,4,4,4,444,Champion
2738,15111.0,28,5,2442.37,4,4,4,444,Champion
2739,15112.0,610,1,209.4,1,1,1,111,Lost Customer
2740,15113.0,9,3,3509.43,5,3,5,535,Loyal Customer
2741,15114.0,29,12,3400.12,4,5,5,455,Champion
2742,15115.0,17,2,531.85,5,2,2,522,Potential Loyalist
2743,15116.0,17,4,1352.75,5,3,4,534,Loyal Customer
2744,15117.0,14,8,2485.9700000000003,5,4,4,544,Champion
2745,15118.0,133,1,244.8,3,1,1,311,Lost Customer
2746,15119.0,245,1,266.4,2,1,1,211,Lost Customer
2747,15120.0,133,1,358.82,3,1,2,312,Lost Customer
2748,15121.0,49,2,457.72,4,2,2,422,Potential Loyalist
2749,15122.0,113,11,4487.27,3,5,5,355,Loyal Customer
2750,15123.0,6,5,4656.17,5,4,5,545,Champion
2751,15124.0,22,4,450.82,4,3,2,432,Loyal Customer
2752,15125.0,24,24,17024.87,4,5,5,455,Champion
2753,15126.0,536,2,449.49,1,2,2,122,Lost Customer
2754,15127.0,65,2,711.5,3,2,3,323,Lost Customer
2755,15128.0,59,5,1783.68,3,4,4,344,Loyal Customer
2756,15129.0,49,23,6860.18,4,5,5,455,Champion
2757,15130.0,169,1,330.11,3,1,2,312,Lost Customer
2758,15131.0,394,1,80.28,2,1,1,211,Lost Customer
2759,15132.0,17,5,977.9300000000001,5,4,3,543,Loyal Customer
2760,15133.0,127,5,1806.9,3,4,4,344,Loyal Customer
2761,15134.0,14,10,1596.29,5,5,4,554,Champion
2762,15135.0,238,2,305.68,2,2,2,222,Lost Customer
2763,15136.0,2,4,1286.7,5,3,4,534,Loyal Customer
2764,15137.0,520,2,823.4,1,2,3,123,Lost Customer
2765,15138.0,393,1,502.52,2,1,2,212,Lost Customer
2766,15139.0,239,2,178.96,2,2,1,221,Lost Customer
2767,15140.0,51,8,3243.69,4,4,5,445,Champion
2768,15141.0,457,7,1388.47,1,4,4,144,At Risk
2769,15142.0,45,6,2619.92,4,4,4,444,Champion
2770,15143.0,225,2,563.63,2,2,2,222,Lost Customer
2771,15144.0,7,29,12160.31,5,5,5,555,Champion
2772,15145.0,3,4,1194.73,5,3,3,533,Loyal Customer
2773,15146.0,164,2,1327.16,3,2,4,324,Lost Customer
2774,15147.0,239,1,623.5,2,1,3,213,Lost Customer
2775,15148.0,10,1,301.29,5,1,2,512,Potential Loyalist
2776,15149.0,133,5,1554.6100000000001,3,4,4,344,Loyal Customer
2777,15150.0,16,13,8977.94,5,5,5,555,Champion
2778,15151.0,422,2,2085.61,1,2,4,124,Lost Customer
2779,15152.0,9,14,5263.83,5,5,5,555,Champion
2780,15153.0,30,1,329.25,4,1,2,412,Potential Loyalist
2781,15154.0,74,3,1343.72,3,3,4,334,Loyal Customer
2782,15155.0,382,1,383.96999999999997,2,1,2,212,Lost Customer
2783,15156.0,0,3,961.49,5,3,3,533,Loyal Customer
2784,15157.0,3,5,2654.11,5,4,4,544,Champion
2785,15158.0,44,2,606.02,4,2,2,422,Potential Loyalist
2786,15159.0,1,34,22116.73,5,5,5,555,Champion
2787,15160.0,356,4,589.27,2,3,2,232,At Risk
2788,15161.0,387,1,119.92,2,1,1,211,Lost Customer
2789,15162.0,730,1,312.9,1,1,2,112,Lost Customer
2790,15163.0,17,2,304.47,5,2,2,522,Potential Loyalist
2791,15164.0,68,9,2028.1100000000001,3,5,4,354,Loyal Customer
2792,15165.0,372,1,487.75,2,1,2,212,Lost Customer
2793,15166.0,467,1,167.16,1,1,1,111,Lost Customer
2794,15167.0,320,5,1627.62,2,4,4,244,At Risk
2795,15168.0,25,1,106.56,4,1,1,411,Potential Loyalist
2796,15169.0,381,2,569.22,2,2,2,222,Lost Customer
2797,15170.0,406,1,81.15,2,1,1,211,Lost Customer
2798,15171.0,330,1,1289.5,2,1,4,214,Lost Customer
2799,15172.0,8,5,1624.05,5,4,4,544,Champion
2800,15173.0,380,7,1494.6,2,4,4,244,At Risk
2801,15174.0,322,2,481.46,2,2,2,222,Lost Customer
2802,15175.0,71,1,224.14,3,1,1,311,Lost Customer
2803,15176.0,667,1,988.04,1,1,3,113,Lost Customer
2804,15177.0,425,1,948.93,1,1,3,113,Lost Customer
2805,15178.0,259,1,40.5,2,1,1,211,Lost Customer
2806,15179.0,17,13,7491.92,5,5,5,555,Champion
2807,15180.0,366,3,816.9300000000001,2,3,3,233,At Risk
2808,15181.0,65,5,1200.2,3,4,3,343,Loyal Customer
2809,15182.0,153,11,2998.952,3,5,5,355,Loyal Customer
2810,15183.0,547,3,639.93,1,3,3,133,At Risk
2811,15184.0,28,4,685.39,4,3,3,433,Loyal Customer
2812,15185.0,69,1,310.62,3,1,2,312,Lost Customer
2813,15186.0,13,5,1403.2,5,4,4,544,Champion
2814,15187.0,1,16,4777.18,5,5,5,555,Champion
2815,15188.0,724,1,310.43,1,1,2,112,Lost Customer
2816,15189.0,0,46,17524.38,5,5,5,555,Champion
2817,15190.0,433,1,834.4399999999999,1,1,3,113,Lost Customer
2818,15191.0,462,3,588.05,1,3,2,132,At Risk
2819,15192.0,119,5,1666.39,3,4,4,344,Loyal Customer
2820,15193.0,60,1,499.32,3,1,2,312,Lost Customer
2821,15194.0,2,28,12021.53,5,5,5,555,Champion
2822,15195.0,2,1,3861.0,5,1,5,515,Potential Loyalist
2823,15196.0,432,2,313.7,1,2,2,122,Lost Customer
2824,15197.0,10,6,1877.51,5,4,4,544,Champion
2825,15198.0,91,5,571.35,3,4,2,342,Loyal Customer
2826,15199.0,58,10,3122.4,4,5,5,455,Champion
2827,15200.0,494,1,549.05,1,1,2,112,Lost Customer
2828,15201.0,86,7,1842.95,3,4,4,344,Loyal Customer
2829,15202.0,419,3,6001.49,1,3,5,135,At Risk
2830,15203.0,25,15,4400.18,4,5,5,455,Champion
2831,15204.0,356,1,316.58,2,1,2,212,Lost Customer
2832,15205.0,84,2,653.24,3,2,3,323,Lost Customer
2833,15206.0,9,4,420.29999999999995,5,3,2,532,Loyal Customer
2834,15207.0,415,3,683.9200000000001,1,3,3,133,At Risk
2835,15208.0,0,6,970.52,5,4,3,543,Loyal Customer
2836,15209.0,729,1,178.98000000000002,1,1,1,111,Lost Customer
2837,15210.0,224,3,1176.19,2,3,3,233,At Risk
2838,15211.0,59,2,894.4100000000001,3,2,3,323,Lost Customer
2839,15212.0,240,2,208.28,2,2,1,221,Lost Customer
2840,15213.0,318,2,328.35,2,2,2,222,Lost Customer
2841,15214.0,1,8,1661.44,5,4,4,544,Champion
2842,15215.0,46,7,2422.43,4,4,4,444,Champion
2843,15216.0,87,2,486.09,3,2,2,322,Lost Customer
2844,15217.0,562,1,426.24,1,1,2,112,Lost Customer
2845,15218.0,10,22,11468.83,5,5,5,555,Champion
2846,15219.0,175,2,685.45,3,2,3,323,Lost Customer
2847,15220.0,51,6,1778.96,4,4,4,444,Champion
2848,15221.0,365,4,2062.2000000000003,2,3,4,234,At Risk
2849,15222.0,318,11,3550.91,2,5,5,255,At Risk
2850,15223.0,225,5,1417.95,2,4,4,244,At Risk
2851,15224.0,357,5,871.36,2,4,3,243,At Risk
2852,15225.0,233,1,409.40000000000003,2,1,2,212,Lost Customer
2853,15226.0,310,1,154.41,2,1,1,211,Lost Customer
2854,15227.0,36,9,2488.4900000000002,4,5,4,454,Champion
2855,15228.0,65,6,5580.2699999999995,3,4,5,345,Loyal Customer
2856,15229.0,585,1,160.5,1,1,1,111,Lost Customer
2857,15230.0,238,2,429.6,2,2,2,222,Lost Customer
2858,15231.0,620,1,250.26,1,1,1,111,Lost Customer
2859,15232.0,112,2,612.06,3,2,3,323,Lost Customer
2860,15233.0,400,1,59.400000000000006,2,1,1,211,Lost Customer
2861,15234.0,276,1,197.0,2,1,1,211,Lost Customer
2862,15235.0,217,16,2772.76,2,5,4,254,At Risk
2863,15236.0,298,1,321.05,2,1,2,212,Lost Customer
2864,15237.0,1,4,1412.32,5,3,4,534,Loyal Customer
2865,15238.0,28,3,1071.99,4,3,3,433,Loyal Customer
2866,15239.0,9,2,780.59,5,2,3,523,Potential Loyalist
2867,15240.0,44,12,4459.98,4,5,5,455,Champion
2868,15241.0,66,11,3050.16,3,5,5,355,Loyal Customer
2869,15242.0,421,1,302.04,1,1,2,112,Lost Customer
2870,15243.0,73,2,927.2800000000001,3,2,3,323,Lost Customer
2871,15244.0,64,3,912.08,3,3,3,333,Loyal Customer
2872,15245.0,133,8,4610.84,3,4,5,345,Loyal Customer
2873,15246.0,237,3,780.4,2,3,3,233,At Risk
2874,15247.0,121,3,976.06,3,3,3,333,Loyal Customer
2875,15248.0,410,3,1893.93,2,3,4,234,At Risk
2876,15249.0,31,18,9266.0,4,5,5,455,Champion
2877,15250.0,640,1,60.0,1,1,1,111,Lost Customer
2878,15251.0,8,21,20324.54,5,5,5,555,Champion
2879,15252.0,35,5,2103.41,4,4,4,444,Champion
2880,15253.0,15,8,2055.09,5,4,4,544,Champion
2881,15254.0,126,3,1088.35,3,3,3,333,Loyal Customer
2882,15255.0,66,9,3706.02,3,5,5,355,Loyal Customer
2883,15256.0,148,2,170.4,3,2,1,321,Lost Customer
2884,15257.0,282,2,685.9,2,2,3,223,Lost Customer
2885,15258.0,168,2,623.16,3,2,3,323,Lost Customer
2886,15259.0,512,4,1182.3799999999999,1,3,3,133,At Risk
2887,15260.0,99,25,8767.73,3,5,5,355,Loyal Customer
2888,15261.0,134,4,1508.0,3,3,4,334,Loyal Customer
2889,15262.0,323,3,418.82,2,3,2,232,At Risk
2890,15263.0,106,1,156.51,3,1,1,311,Lost Customer
2891,15264.0,63,2,848.4,3,2,3,323,Lost Customer
2892,15265.0,150,4,3345.64,3,3,5,335,Loyal Customer
2893,15266.0,337,5,852.21,2,4,3,243,At Risk
2894,15267.0,21,5,1717.36,4,4,4,444,Champion
2895,15268.0,478,3,961.9000000000001,1,3,3,133,At Risk
2896,15269.0,23,3,1225.3600000000001,4,3,4,434,Loyal Customer
2897,15270.0,15,21,8524.86,5,5,5,555,Champion
2898,15271.0,6,24,4528.54,5,5,5,555,Champion
2899,15272.0,56,6,2030.95,4,4,4,444,Champion
2900,15273.0,599,1,228.96,1,1,1,111,Lost Customer
2901,15274.0,3,2,716.57,5,2,3,523,Potential Loyalist
2902,15275.0,37,1,615.14,4,1,3,413,Potential Loyalist
2903,15276.0,65,4,619.8,3,3,3,333,Loyal Customer
2904,15277.0,46,2,476.34,4,2,2,422,Potential Loyalist
2905,15278.0,561,4,496.15999999999997,1,3,2,132,At Risk
2906,15279.0,354,5,1580.54,2,4,4,244,At Risk
2907,15280.0,171,3,397.52,3,3,2,332,Loyal Customer
2908,15281.0,58,16,8543.57,4,5,5,455,Champion
2909,15282.0,569,1,348.59,1,1,2,112,Lost Customer
2910,15283.0,389,3,148.33,2,3,1,231,At Risk
2911,15284.0,499,1,24.75,1,1,1,111,Lost Customer
2912,15285.0,407,1,94.92,2,1,1,211,Lost Customer
2913,15286.0,49,1,240.55,4,1,1,411,Potential Loyalist
2914,15287.0,21,5,856.03,4,4,3,443,Loyal Customer
2915,15288.0,42,10,3715.38,4,5,5,455,Champion
2916,15289.0,28,5,1593.09,4,4,4,444,Champion
2917,15290.0,4,26,10496.28,5,5,5,555,Champion
2918,15291.0,25,40,13517.76,4,5,5,455,Champion
2919,15292.0,200,1,178.39,2,1,1,211,Lost Customer
2920,15293.0,665,1,247.5,1,1,1,111,Lost Customer
2921,15294.0,410,1,233.35,2,1,1,211,Lost Customer
2922,15295.0,653,1,207.04,1,1,1,111,Lost Customer
2923,15296.0,50,12,10323.03,4,5,5,455,Champion
2924,15297.0,9,3,641.94,5,3,3,533,Loyal Customer
2925,15298.0,1,23,9061.77,5,5,5,555,Champion
2926,15299.0,66,10,6156.53,3,5,5,355,Loyal Customer
2927,15300.0,63,1,496.44,3,1,2,312,Lost Customer
2928,15301.0,50,17,6909.67,4,5,5,455,Champion
2929,15302.0,729,1,308.0,1,1,2,112,Lost Customer
2930,15303.0,289,3,1224.18,2,3,4,234,At Risk
2931,15304.0,60,9,796.4000000000001,3,5,3,353,Loyal Customer
2932,15305.0,554,1,93.6,1,1,1,111,Lost Customer
2933,15306.0,63,9,3484.73,3,5,5,355,Loyal Customer
2934,15307.0,95,1,205.3,3,1,1,311,Lost Customer
2935,15308.0,273,1,310.47,2,1,2,212,Lost Customer
2936,15309.0,610,4,797.96,1,3,3,133,At Risk
2937,15310.0,478,1,1634.64,1,1,4,114,Lost Customer
2938,15311.0,0,208,114966.42,5,5,5,555,Champion
2939,15312.0,74,12,2930.19,3,5,5,355,Loyal Customer
2940,15313.0,109,1,52.0,3,1,1,311,Lost Customer
2941,15314.0,198,3,820.4499999999999,2,3,3,233,At Risk
2942,15315.0,63,2,570.5,3,2,2,322,Lost Customer
2943,15316.0,326,1,165.0,2,1,1,211,Lost Customer
2944,15317.0,676,1,129.75,1,1,1,111,Lost Customer
2945,15318.0,3,1,312.62,5,1,2,512,Potential Loyalist
2946,15319.0,283,1,204.5,2,1,1,211,Lost Customer
2947,15320.0,43,1,267.13,4,1,1,411,Potential Loyalist
2948,15321.0,70,12,6709.7300000000005,3,5,5,355,Loyal Customer
2949,15322.0,85,2,1390.86,3,2,4,324,Lost Customer
2950,15323.0,562,3,434.6,1,3,2,132,At Risk
2951,15324.0,700,1,140.22000000000003,1,1,1,111,Lost Customer
2952,15325.0,103,8,1601.46,3,4,4,344,Loyal Customer
2953,15326.0,333,5,1700.52,2,4,4,244,At Risk
2954,15327.0,52,1,208.75,4,1,1,411,Potential Loyalist
2955,15328.0,407,1,107.24,2,1,1,211,Lost Customer
2956,15329.0,38,11,2958.83,4,5,5,455,Champion
2957,15330.0,31,2,714.96,4,2,3,423,Potential Loyalist
2958,15331.0,499,3,767.91,1,3,3,133,At Risk
2959,15332.0,365,6,4892.68,2,4,5,245,At Risk
2960,15333.0,207,1,1028.56,2,1,3,213,Lost Customer
2961,15334.0,156,3,350.82,3,3,2,332,Loyal Customer
2962,15335.0,53,1,170.22,4,1,1,411,Potential Loyalist
2963,15336.0,401,1,240.5,2,1,1,211,Lost Customer
2964,15337.0,410,1,373.02,2,1,2,212,Lost Customer
2965,15338.0,676,1,277.93,1,1,1,111,Lost Customer
2966,15339.0,65,7,1821.02,3,4,4,344,Loyal Customer
2967,15340.0,561,1,105.5,1,1,1,111,Lost Customer
2968,15341.0,80,2,2402.7200000000003,3,2,4,324,Lost Customer
2969,15342.0,129,1,406.09,3,1,2,312,Lost Customer
2970,15343.0,86,1,364.5,3,1,2,312,Lost Customer
2971,15344.0,0,3,563.94,5,3,2,532,Loyal Customer
2972,15345.0,45,1,393.54,4,1,2,412,Potential Loyalist
2973,15346.0,332,3,596.12,2,3,2,232,At Risk
2974,15347.0,365,4,1162.0,2,3,3,233,At Risk
2975,15348.0,71,1,158.04,3,1,1,311,Lost Customer
2976,15349.0,157,2,463.90999999999997,3,2,2,322,Lost Customer
2977,15350.0,372,2,547.6,2,2,2,222,Lost Customer
2978,15351.0,11,10,3430.22,5,5,5,555,Champion
2979,15352.0,548,1,111.15,1,1,1,111,Lost Customer
2980,15353.0,254,7,2794.4700000000003,2,4,4,244,At Risk
2981,15354.0,602,3,284.4,1,3,1,131,At Risk
2982,15355.0,28,2,277.05,4,2,1,421,Potential Loyalist
2983,15356.0,30,13,3239.57,4,5,5,455,Champion
2984,15358.0,4,42,16425.86,5,5,5,555,Champion
2985,15359.0,662,8,181.35,1,4,1,141,At Risk
2986,15360.0,39,1,427.93,4,1,2,412,Potential Loyalist
2987,15361.0,361,4,689.07,2,3,3,233,At Risk
2988,15362.0,448,2,613.08,1,2,3,123,Lost Customer
2989,15363.0,372,2,678.11,2,2,3,223,Lost Customer
2990,15364.0,95,2,913.19,3,2,3,323,Lost Customer
2991,15365.0,25,13,4557.13,4,5,5,455,Champion
2992,15366.0,74,7,2389.08,3,4,4,344,Loyal Customer
2993,15367.0,56,11,5081.33,4,5,5,455,Champion
2994,15368.0,20,2,722.74,4,2,3,423,Potential Loyalist
2995,15369.0,491,11,6251.26,1,5,5,155,At Risk
2996,15370.0,40,8,3739.01,4,4,5,445,Champion
2997,15371.0,661,1,59.400000000000006,1,1,1,111,Lost Customer
2998,15372.0,136,8,6017.06,3,4,5,345,Loyal Customer
2999,15373.0,7,17,3084.54,5,5,5,555,Champion
3000,15374.0,128,2,307.32,3,2,2,322,Lost Customer
3001,15375.0,689,1,60.959999999999994,1,1,1,111,Lost Customer
3002,15376.0,39,3,1221.56,4,3,4,434,Loyal Customer
3003,15377.0,382,4,1211.75,2,3,3,233,At Risk
3004,15378.0,462,2,246.5,1,2,1,121,Lost Customer
3005,15379.0,168,8,4877.84,3,4,5,345,Loyal Customer
3006,15380.0,8,11,3248.96,5,5,5,555,Champion
3007,15381.0,213,5,1890.5700000000002,2,4,4,244,At Risk
3008,15382.0,14,12,13733.550000000001,5,5,5,555,Champion
3009,15384.0,169,4,2027.79,3,3,4,334,Loyal Customer
3010,15385.0,39,3,942.08,4,3,3,433,Loyal Customer
3011,15386.0,185,1,394.14,3,1,2,312,Lost Customer
3012,15387.0,491,1,468.65,1,1,2,112,Lost Customer
3013,15388.0,269,1,140.54,2,1,1,211,Lost Customer
3014,15389.0,171,5,2733.8,3,4,4,344,Loyal Customer
3015,15390.0,395,2,1216.66,2,2,3,223,Lost Customer
3016,15391.0,583,1,289.87,1,1,2,112,Lost Customer
3017,15392.0,4,7,2911.62,5,4,5,545,Champion
3018,15393.0,15,5,891.34,5,4,3,543,Loyal Customer
3019,15394.0,9,11,5286.8,5,5,5,555,Champion
3020,15395.0,325,1,107.45,2,1,1,211,Lost Customer
3021,15396.0,112,2,796.38,3,2,3,323,Lost Customer
3022,15397.0,289,1,94.0,2,1,1,211,Lost Customer
3023,15398.0,15,2,1345.53,5,2,4,524,Potential Loyalist
3024,15399.0,0,3,815.77,5,3,3,533,Loyal Customer
3025,15400.0,91,8,1302.3,3,4,4,344,Loyal Customer
3026,15401.0,451,2,216.95000000000002,1,2,1,121,Lost Customer
3027,15402.0,148,6,1830.54,3,4,4,344,Loyal Customer
3028,15403.0,491,2,170.88,1,2,1,121,Lost Customer
3029,15404.0,375,1,257.06,2,1,1,211,Lost Customer
3030,15405.0,188,2,659.84,3,2,3,323,Lost Customer
3031,15406.0,30,4,975.87,4,3,3,433,Loyal Customer
3032,15407.0,33,4,1046.74,4,3,3,433,Loyal Customer
3033,15408.0,263,1,267.18,2,1,1,211,Lost Customer
3034,15409.0,720,1,131.25,1,1,1,111,Lost Customer
3035,15410.0,83,10,4685.72,3,5,5,355,Loyal Customer
3036,15411.0,25,4,1348.93,4,3,4,434,Loyal Customer
3037,15412.0,170,1,190.53,3,1,1,311,Lost Customer
3038,15413.0,691,5,6798.72,1,4,5,145,At Risk
3039,15414.0,9,3,774.9000000000001,5,3,3,533,Loyal Customer
3040,15415.0,312,1,559.61,2,1,2,212,Lost Customer
3041,15416.0,64,7,4572.82,3,4,5,345,Loyal Customer
3042,15417.0,84,1,508.8,3,1,2,312,Lost Customer
3043,15418.0,424,2,449.42,1,2,2,122,Lost Customer
3044,15419.0,24,1,135.86,4,1,1,411,Potential Loyalist
3045,15420.0,433,6,743.0,1,4,3,143,At Risk
3046,15421.0,58,10,3805.34,4,5,5,455,Champion
3047,15422.0,322,7,1619.97,2,4,4,244,At Risk
3048,15423.0,37,3,266.89,4,3,1,431,Loyal Customer
3049,15424.0,253,3,597.78,2,3,2,232,At Risk
3050,15425.0,399,4,1941.1200000000001,2,3,4,234,At Risk
3051,15426.0,18,9,2156.35,5,5,4,554,Champion
3052,15427.0,32,3,1430.54,4,3,4,434,Loyal Customer
3053,15428.0,14,4,762.75,5,3,3,533,Loyal Customer
3054,15429.0,26,2,397.35,4,2,2,422,Potential Loyalist
3055,15430.0,467,2,954.75,1,2,3,123,Lost Customer
3056,15431.0,502,1,153.24,1,1,1,111,Lost Customer
3057,15432.0,22,2,320.76,4,2,2,422,Potential Loyalist
3058,15433.0,213,2,533.3,2,2,2,222,Lost Customer
3059,15434.0,7,11,2567.06,5,5,4,554,Champion
3060,15435.0,21,1,149.29,4,1,1,411,Potential Loyalist
3061,15436.0,11,3,1067.75,5,3,3,533,Loyal Customer
3062,15437.0,261,2,393.45,2,2,2,222,Lost Customer
3063,15438.0,130,1,156.57999999999998,3,1,1,311,Lost Customer
3064,15439.0,404,4,1269.05,2,3,4,234,At Risk
3065,15440.0,54,3,383.68,4,3,2,432,Loyal Customer
3066,15441.0,395,3,1254.21,2,3,4,234,At Risk
3067,15442.0,248,1,594.0,2,1,2,212,Lost Customer
3068,15443.0,1,14,5114.23,5,5,5,555,Champion
3069,15444.0,8,2,1411.21,5,2,4,524,Potential Loyalist
3070,15445.0,263,2,284.5,2,2,1,221,Lost Customer
3071,15446.0,376,3,399.75,2,3,2,232,At Risk
3072,15447.0,330,5,492.88,2,4,2,242,At Risk
3073,15448.0,312,2,788.81,2,2,3,223,Lost Customer
3074,15449.0,25,3,974.52,4,3,3,433,Loyal Customer
3075,15450.0,29,1,429.84,4,1,2,412,Potential Loyalist
3076,15451.0,433,2,226.86,1,2,1,121,Lost Customer
3077,15452.0,29,6,1785.1100000000001,4,4,4,444,Champion
3078,15453.0,1,7,1371.77,5,4,4,544,Champion
3079,15454.0,361,2,305.99,2,2,2,222,Lost Customer
3080,15455.0,597,1,38.25,1,1,1,111,Lost Customer
3081,15456.0,282,10,2091.52,2,5,4,254,At Risk
3082,15457.0,261,1,237.07,2,1,1,211,Lost Customer
3083,15458.0,24,2,370.43999999999994,4,2,2,422,Potential Loyalist
3084,15459.0,416,2,202.82999999999998,1,2,1,121,Lost Customer
3085,15460.0,353,1,214.26,2,1,1,211,Lost Customer
3086,15461.0,460,2,429.7,1,2,2,122,Lost Customer
3087,15462.0,93,4,737.05,3,3,3,333,Loyal Customer
3088,15463.0,28,1,126.14,4,1,1,411,Potential Loyalist
3089,15464.0,337,1,1044.65,2,1,3,213,Lost Customer
3090,15465.0,19,32,12100.4,4,5,5,455,Champion
3091,15466.0,84,4,1560.46,3,3,4,334,Loyal Customer
3092,15467.0,8,3,524.88,5,3,2,532,Loyal Customer
3093,15468.0,50,3,1430.48,4,3,4,434,Loyal Customer
3094,15469.0,49,3,874.25,4,3,3,433,Loyal Customer
3095,15470.0,575,1,63.419999999999995,1,1,1,111,Lost Customer
3096,15471.0,1,3,1292.01,5,3,4,534,Loyal Customer
3097,15472.0,112,1,371.56,3,1,2,312,Lost Customer
3098,15473.0,13,8,2046.0,5,4,4,544,Champion
3099,15474.0,595,1,150.35,1,1,1,111,Lost Customer
3100,15475.0,76,1,454.10999999999996,3,1,2,312,Lost Customer
3101,15476.0,379,4,2209.98,2,3,4,234,At Risk
3102,15477.0,649,1,368.4,1,1,2,112,Lost Customer
3103,15478.0,39,3,1983.48,4,3,4,434,Loyal Customer
3104,15479.0,732,1,147.4,1,1,1,111,Lost Customer
3105,15480.0,115,5,6279.0,3,4,5,345,Loyal Customer
3106,15481.0,400,1,1993.34,2,1,4,214,Lost Customer
3107,15482.0,15,19,14417.36,5,5,5,555,Champion
3108,15483.0,160,10,817.8199999999999,3,5,3,353,Loyal Customer
3109,15484.0,0,6,4652.1,5,4,5,545,Champion
3110,15485.0,29,7,4810.92,4,4,5,445,Champion
3111,15486.0,526,1,102.0,1,1,1,111,Lost Customer
3112,15487.0,679,1,231.32,1,1,1,111,Lost Customer
3113,15488.0,92,5,431.92,3,4,2,342,Loyal Customer
3114,15489.0,22,8,2419.61,4,4,4,444,Champion
3115,15490.0,429,1,210.85,1,1,1,111,Lost Customer
3116,15491.0,94,6,3100.09,3,4,5,345,Loyal Customer
3117,15492.0,27,2,659.4599999999999,4,2,3,423,Potential Loyalist
3118,15493.0,32,9,4121.68,4,5,5,455,Champion
3119,15494.0,20,5,3702.6,4,4,5,445,Champion
3120,15495.0,378,1,246.5,2,1,1,211,Lost Customer
3121,15496.0,630,1,146.14000000000001,1,1,1,111,Lost Customer
3122,15497.0,17,9,8657.39,5,5,5,555,Champion
3123,15498.0,2,44,24972.86,5,5,5,555,Champion
3124,15499.0,723,1,158.65,1,1,1,111,Lost Customer
3125,15500.0,7,4,1131.56,5,3,3,533,Loyal Customer
3126,15501.0,404,2,399.95,2,2,2,222,Lost Customer
3127,15502.0,15,14,13003.869999999999,5,5,5,555,Champion
3128,15503.0,362,2,257.3,2,2,1,221,Lost Customer
3129,15504.0,80,4,402.7,3,3,2,332,Loyal Customer
3130,15505.0,52,5,3610.96,4,4,5,445,Champion
3131,15506.0,22,6,2030.33,4,4,4,444,Champion
3132,15507.0,171,1,475.86,3,1,2,312,Lost Customer
3133,15508.0,188,6,1000.27,3,4,3,343,Loyal Customer
3134,15509.0,379,1,152.41,2,1,1,211,Lost Customer
3135,15510.0,330,1,250.0,2,1,1,211,Lost Customer
3136,15511.0,11,5,900.53,5,4,3,543,Loyal Customer
3137,15512.0,155,4,331.58,3,3,2,332,Loyal Customer
3138,15513.0,32,35,26437.05,4,5,5,455,Champion
3139,15514.0,11,18,6392.06,5,5,5,555,Champion
3140,15515.0,386,1,171.81,2,1,1,211,Lost Customer
3141,15516.0,44,3,62.43,4,3,1,431,Loyal Customer
3142,15517.0,232,1,267.03,2,1,1,211,Lost Customer
3143,15518.0,63,15,4189.99,3,5,5,355,Loyal Customer
3144,15519.0,382,2,344.61,2,2,2,222,Lost Customer
3145,15520.0,1,1,343.5,5,1,2,512,Potential Loyalist
3146,15521.0,39,16,7098.24,4,5,5,455,Champion
3147,15522.0,32,2,397.99,4,2,2,422,Potential Loyalist
3148,15523.0,83,16,17259.19,3,5,5,355,Loyal Customer
3149,15524.0,24,2,591.4,4,2,2,422,Potential Loyalist
3150,15525.0,1,4,890.22,5,3,3,533,Loyal Customer
3151,15526.0,32,2,148.44,4,2,1,421,Potential Loyalist
3152,15527.0,18,23,5554.89,5,5,5,555,Champion
3153,15528.0,253,1,229.33,2,1,1,211,Lost Customer
3154,15529.0,22,12,4783.66,4,5,5,455,Champion
3155,15530.0,21,5,1808.68,4,4,4,444,Champion
3156,15531.0,7,2,1972.39,5,2,4,524,Potential Loyalist
3157,15532.0,24,10,3738.85,4,5,5,455,Champion
3158,15533.0,18,3,807.57,5,3,3,533,Loyal Customer
3159,15534.0,725,1,162.25,1,1,1,111,Lost Customer
3160,15535.0,172,6,1044.3700000000001,3,4,3,343,Loyal Customer
3161,15536.0,408,1,259.09,2,1,1,211,Lost Customer
3162,15537.0,162,1,110.92,3,1,1,311,Lost Customer
3163,15538.0,537,6,3358.3999999999996,1,4,5,145,At Risk
3164,15539.0,6,1,538.46,5,1,2,512,Potential Loyalist
3165,15540.0,10,2,460.68,5,2,2,522,Potential Loyalist
3166,15541.0,113,1,85.13000000000001,3,1,1,311,Lost Customer
3167,15542.0,511,3,855.71,1,3,3,133,At Risk
3168,15543.0,287,2,242.26,2,2,1,221,Lost Customer
3169,15544.0,8,20,7807.89,5,5,5,555,Champion
3170,15545.0,53,2,288.96999999999997,4,2,2,422,Potential Loyalist
3171,15546.0,606,2,1079.1000000000001,1,2,3,123,Lost Customer
3172,15547.0,6,26,10057.05,5,5,5,555,Champion
3173,15548.0,595,1,158.09,1,1,1,111,Lost Customer
3174,15549.0,76,8,2334.16,3,4,4,344,Loyal Customer
3175,15550.0,3,12,2211.05,5,5,4,554,Champion
3176,15551.0,36,7,1679.81,4,4,4,444,Champion
3177,15552.0,216,2,252.52,2,2,1,221,Lost Customer
3178,15553.0,59,1,428.93,3,1,2,312,Lost Customer
3179,15554.0,277,1,217.2,2,1,1,211,Lost Customer
3180,15555.0,11,36,11243.91,5,5,5,555,Champion
3181,15556.0,23,1,279.77,4,1,1,411,Potential Loyalist
3182,15557.0,28,1,468.91,4,1,2,412,Potential Loyalist
3183,15558.0,638,1,202.68,1,1,1,111,Lost Customer
3184,15559.0,567,1,1109.4,1,1,3,113,Lost Customer
3185,15560.0,397,2,153.52,2,2,1,221,Lost Customer
3186,15561.0,11,8,1934.3899999999999,5,4,4,544,Champion
3187,15562.0,351,3,671.4300000000001,2,3,3,233,At Risk
3188,15563.0,21,7,2859.46,4,4,4,444,Champion
3189,15564.0,462,2,70.74000000000001,1,2,1,121,Lost Customer
3190,15565.0,49,2,173.16,4,2,1,421,Potential Loyalist
3191,15566.0,392,2,227.87,2,2,1,221,Lost Customer
3192,15567.0,18,1,186.01,5,1,1,511,Potential Loyalist
3193,15568.0,2,3,758.29,5,3,3,533,Loyal Customer
3194,15569.0,103,10,3583.45,3,5,5,355,Loyal Customer
3195,15570.0,6,25,8736.49,5,5,5,555,Champion
3196,15571.0,11,14,3892.35,5,5,5,555,Champion
3197,15572.0,4,10,3965.2,5,5,5,555,Champion
3198,15573.0,31,5,1188.42,4,4,3,443,Loyal Customer
3199,15574.0,177,6,1101.44,3,4,3,343,Loyal Customer
3200,15575.0,619,1,30.1,1,1,1,111,Lost Customer
3201,15576.0,37,1,921.37,4,1,3,413,Potential Loyalist
3202,15577.0,150,5,396.03000000000003,3,4,2,342,Loyal Customer
3203,15578.0,161,1,127.1,3,1,1,311,Lost Customer
3204,15579.0,68,5,1250.63,3,4,4,344,Loyal Customer
3205,15580.0,376,8,1375.39,2,4,4,244,At Risk
3206,15581.0,120,38,7480.4,3,5,5,355,Loyal Customer
3207,15582.0,24,3,682.9100000000001,4,3,3,433,Loyal Customer
3208,15583.0,375,1,95.96,2,1,1,211,Lost Customer
3209,15584.0,23,6,1268.2,4,4,4,444,Champion
3210,15585.0,176,1,455.3,3,1,2,312,Lost Customer
3211,15586.0,592,3,1139.1,1,3,3,133,At Risk
3212,15587.0,49,7,1522.0800000000002,4,4,4,444,Champion
3213,15588.0,677,1,579.6,1,1,2,112,Lost Customer
3214,15589.0,255,3,478.53000000000003,2,3,2,232,At Risk
3215,15590.0,381,5,1496.6,2,4,4,244,At Risk
3216,15591.0,582,3,217.9,1,3,1,131,At Risk
3217,15592.0,46,1,388.58,4,1,2,412,Potential Loyalist
3218,15593.0,70,1,199.8,3,1,1,311,Lost Customer
3219,15594.0,15,5,1771.78,5,4,4,544,Champion
3220,15595.0,487,1,357.6,1,1,2,112,Lost Customer
3221,15596.0,100,9,2727.72,3,5,4,354,Loyal Customer
3222,15597.0,34,2,563.37,4,2,2,422,Potential Loyalist
3223,15598.0,52,2,548.02,4,2,2,422,Potential Loyalist
3224,15599.0,26,3,1250.06,4,3,4,434,Loyal Customer
3225,15600.0,427,4,1199.31,1,3,3,133,At Risk
3226,15601.0,10,30,14191.74,5,5,5,555,Champion
3227,15602.0,7,16,3137.96,5,5,5,555,Champion
3228,15603.0,78,2,88.48,3,2,1,321,Lost Customer
3229,15604.0,51,1,216.39,4,1,1,411,Potential Loyalist
3230,15605.0,35,9,1741.95,4,5,4,454,Champion
3231,15606.0,60,17,5230.99,3,5,5,355,Loyal Customer
3232,15607.0,336,9,1708.97,2,5,4,254,At Risk
3233,15608.0,27,5,1785.98,4,4,4,444,Champion
3234,15609.0,183,1,298.48,3,1,2,312,Lost Customer
3235,15610.0,51,1,112.46000000000001,4,1,1,411,Potential Loyalist
3236,15611.0,9,26,2997.28,5,5,5,555,Champion
3237,15612.0,35,2,195.15,4,2,1,421,Potential Loyalist
3238,15613.0,609,1,433.71999999999997,1,1,2,112,Lost Customer
3239,15614.0,437,4,3147.36,1,3,5,135,At Risk
3240,15615.0,9,47,21373.97,5,5,5,555,Champion
3241,15616.0,437,1,317.11,1,1,2,112,Lost Customer
3242,15617.0,395,3,828.5500000000001,2,3,3,233,At Risk
3243,15618.0,32,4,776.851,4,3,3,433,Loyal Customer
3244,15619.0,10,1,336.40000000000003,5,1,2,512,Potential Loyalist
3245,15620.0,56,4,1942.36,4,3,4,434,Loyal Customer
3246,15621.0,3,4,1293.03,5,3,4,534,Loyal Customer
3247,15622.0,42,17,7852.61,4,5,5,455,Champion
3248,15623.0,140,8,2437.05,3,4,4,344,Loyal Customer
3249,15624.0,116,4,588.13,3,3,2,332,Loyal Customer
3250,15625.0,103,9,3236.4,3,5,5,355,Loyal Customer
3251,15626.0,74,3,1067.52,3,3,3,333,Loyal Customer
3252,15627.0,456,2,566.9,1,2,2,122,Lost Customer
3253,15628.0,4,17,5333.08,5,5,5,555,Champion
3254,15629.0,449,4,2240.9,1,3,4,134,At Risk
3255,15630.0,44,3,1481.4,4,3,4,434,Loyal Customer
3256,15631.0,641,1,596.67,1,1,2,112,Lost Customer
3257,15632.0,15,8,3285.31,5,4,5,545,Champion
3258,15633.0,508,13,4335.96,1,5,5,155,At Risk
3259,15634.0,16,2,554.65,5,2,2,522,Potential Loyalist
3260,15635.0,395,1,100.35,2,1,1,211,Lost Customer
3261,15636.0,89,4,1444.58,3,3,4,334,Loyal Customer
3262,15637.0,52,5,797.59,4,4,3,443,Loyal Customer
3263,15638.0,378,6,2265.2,2,4,4,244,At Risk
3264,15639.0,133,3,1065.08,3,3,3,333,Loyal Customer
3265,15640.0,3,29,23494.31,5,5,5,555,Champion
3266,15641.0,104,12,5345.55,3,5,5,355,Loyal Customer
3267,15642.0,729,1,105.78000000000002,1,1,1,111,Lost Customer
3268,15643.0,191,3,664.0,2,3,3,233,At Risk
3269,15644.0,165,4,803.54,3,3,3,333,Loyal Customer
3270,15645.0,18,3,1055.17,5,3,3,533,Loyal Customer
3271,15646.0,157,5,784.8100000000001,3,4,3,343,Loyal Customer
3272,15647.0,414,1,169.0,1,1,1,111,Lost Customer
3273,15648.0,203,2,639.5,2,2,3,223,Lost Customer
3274,15649.0,335,4,1660.35,2,3,4,234,At Risk
3275,15650.0,521,2,553.88,1,2,2,122,Lost Customer
3276,15651.0,36,5,1259.06,4,4,4,444,Champion
3277,15652.0,90,5,1405.94,3,4,4,344,Loyal Customer
3278,15653.0,92,2,877.4399999999999,3,2,3,323,Lost Customer
3279,15654.0,8,2,922.53,5,2,3,523,Potential Loyalist
3280,15655.0,242,1,560.67,2,1,2,212,Lost Customer
3281,15656.0,44,4,748.5,4,3,3,433,Loyal Customer
3282,15657.0,22,1,30.0,4,1,1,411,Potential Loyalist
3283,15658.0,189,8,2117.27,2,4,4,244,At Risk
3284,15659.0,43,3,532.49,4,3,2,432,Loyal Customer
3285,15660.0,24,15,2603.69,4,5,4,454,Champion
3286,15661.0,316,8,1215.95,2,4,3,243,At Risk
3287,15662.0,660,2,283.73,1,2,1,121,Lost Customer
3288,15663.0,105,1,138.14,3,1,1,311,Lost Customer
3289,15664.0,50,4,1254.03,4,3,4,434,Loyal Customer
3290,15665.0,167,5,3987.07,3,4,5,345,Loyal Customer
3291,15666.0,471,2,632.9399999999999,1,2,3,123,Lost Customer
3292,15667.0,39,1,301.32,4,1,2,412,Potential Loyalist
3293,15668.0,217,1,76.32000000000001,2,1,1,211,Lost Customer
3294,15669.0,39,4,684.34,4,3,3,433,Loyal Customer
3295,15670.0,296,2,325.2,2,2,2,222,Lost Customer
3296,15671.0,18,7,2657.13,5,4,4,544,Champion
3297,15672.0,724,1,45.300000000000004,1,1,1,111,Lost Customer
3298,15673.0,87,9,6204.32,3,5,5,355,Loyal Customer
3299,15674.0,72,13,6948.2300000000005,3,5,5,355,Loyal Customer
3300,15675.0,80,4,542.04,3,3,2,332,Loyal Customer
3301,15676.0,18,3,3435.76,5,3,5,535,Loyal Customer
3302,15677.0,48,3,1305.63,4,3,4,434,Loyal Customer
3303,15678.0,52,3,1825.94,4,3,4,434,Loyal Customer
3304,15679.0,23,4,781.28,4,3,3,433,Loyal Customer
3305,15680.0,8,10,4028.69,5,5,5,555,Champion
3306,15681.0,24,14,2989.7,4,5,5,455,Champion
3307,15682.0,598,2,318.24,1,2,2,122,Lost Customer
3308,15683.0,116,2,524.54,3,2,2,322,Lost Customer
3309,15684.0,546,3,173.95,1,3,1,131,At Risk
3310,15685.0,449,1,55.980000000000004,1,1,1,111,Lost Customer
3311,15686.0,419,1,90.0,1,1,1,111,Lost Customer
3312,15687.0,8,9,2993.1,5,5,5,555,Champion
3313,15688.0,418,1,190.57,1,1,1,111,Lost Customer
3314,15689.0,119,3,521.03,3,3,2,332,Loyal Customer
3315,15690.0,3,2,239.76,5,2,1,521,Potential Loyalist
3316,15691.0,251,4,571.3,2,3,2,232,At Risk
3317,15692.0,27,1,191.04,4,1,1,411,Potential Loyalist
3318,15693.0,658,1,37.5,1,1,1,111,Lost Customer
3319,15694.0,0,24,9978.48,5,5,5,555,Champion
3320,15695.0,266,4,1131.04,2,3,3,233,At Risk
3321,15696.0,32,13,3881.2200000000003,4,5,5,455,Champion
3322,15697.0,689,1,246.75,1,1,1,111,Lost Customer
3323,15698.0,623,1,46.2,1,1,1,111,Lost Customer
3324,15699.0,17,1,309.65,5,1,2,512,Potential Loyalist
3325,15700.0,171,2,696.68,3,2,3,323,Lost Customer
3326,15701.0,1,4,1529.0,5,3,4,534,Loyal Customer
3327,15702.0,475,2,140.39000000000001,1,2,1,121,Lost Customer
3328,15703.0,264,1,211.5,2,1,1,211,Lost Customer
3329,15704.0,139,6,3734.6600000000003,3,4,5,345,Loyal Customer
3330,15705.0,200,1,143.1,2,1,1,211,Lost Customer
3331,15706.0,63,4,1060.56,3,3,3,333,Loyal Customer
3332,15707.0,34,4,916.98,4,3,3,433,Loyal Customer
3333,15708.0,40,9,3887.15,4,5,5,455,Champion
3334,15709.0,283,2,327.85,2,2,2,222,Lost Customer
3335,15710.0,416,1,898.87,1,1,3,113,Lost Customer
3336,15711.0,556,2,420.25,1,2,2,122,Lost Customer
3337,15712.0,8,12,3472.4100000000003,5,5,5,555,Champion
3338,15713.0,142,4,839.64,3,3,3,333,Loyal Customer
3339,15714.0,11,5,783.96,5,4,3,543,Loyal Customer
3340,15715.0,555,5,658.02,1,4,3,143,At Risk
3341,15716.0,145,11,2485.26,3,5,4,354,Loyal Customer
3342,15717.0,233,5,607.0,2,4,2,242,At Risk
3343,15718.0,539,1,293.79,1,1,2,112,Lost Customer
3344,15719.0,32,31,10195.97,4,5,5,455,Champion
3345,15720.0,23,2,739.22,4,2,3,423,Potential Loyalist
3346,15721.0,11,1,471.40000000000003,5,1,2,512,Potential Loyalist
3347,15722.0,35,11,5234.0,4,5,5,455,Champion
3348,15723.0,364,4,930.7,2,3,3,233,At Risk
3349,15724.0,200,3,310.85,2,3,2,232,At Risk
3350,15725.0,14,1,415.25,5,1,2,512,Potential Loyalist
3351,15726.0,389,1,321.91,2,1,2,212,Lost Customer
3352,15727.0,16,15,9371.71,5,5,5,555,Champion
3353,15728.0,379,2,544.6,2,2,2,222,Lost Customer
3354,15729.0,212,3,192.55,2,3,1,231,At Risk
3355,15730.0,65,5,1726.58,3,4,4,344,Loyal Customer
3356,15731.0,553,1,125.3,1,1,1,111,Lost Customer
3357,15732.0,211,10,1543.97,2,5,4,254,At Risk
3358,15733.0,282,1,162.3,2,1,1,211,Lost Customer
3359,15734.0,114,4,2263.3,3,3,4,334,Loyal Customer
3360,15735.0,420,1,327.68,1,1,2,112,Lost Customer
3361,15736.0,434,2,1767.12,1,2,4,124,Lost Customer
3362,15737.0,14,8,1188.1200000000001,5,4,3,543,Loyal Customer
3363,15738.0,18,41,13043.32,5,5,5,555,Champion
3364,15739.0,65,1,449.12,3,1,2,312,Lost Customer
3365,15740.0,48,1,154.88,4,1,1,411,Potential Loyalist
3366,15741.0,457,2,208.62,1,2,1,121,Lost Customer
3367,15742.0,618,1,156.87,1,1,1,111,Lost Customer
3368,15743.0,15,4,775.96,5,3,3,533,Loyal Customer
3369,15744.0,77,1,34.8,3,1,1,311,Lost Customer
3370,15745.0,18,4,1094.59,5,3,3,533,Loyal Customer
3371,15746.0,133,1,196.88,3,1,1,311,Lost Customer
3372,15747.0,12,9,2499.81,5,5,4,554,Champion
3373,15748.0,39,3,609.8100000000001,4,3,3,433,Loyal Customer
3374,15749.0,234,3,44534.3,2,3,5,235,At Risk
3375,15750.0,2,18,6452.991,5,5,5,555,Champion
3376,15751.0,460,11,1380.44,1,5,4,154,At Risk
3377,15752.0,39,9,3924.91,4,5,5,455,Champion
3378,15753.0,304,1,79.2,2,1,1,211,Lost Customer
3379,15754.0,50,9,3037.61,4,5,5,455,Champion
3380,15755.0,9,17,5993.12,5,5,5,555,Champion
3381,15756.0,60,4,528.01,3,3,2,332,Loyal Customer
3382,15757.0,65,6,2940.36,3,4,5,345,Loyal Customer
3383,15758.0,24,1,205.25,4,1,1,411,Potential Loyalist
3384,15759.0,217,7,830.9300000000001,2,4,3,243,At Risk
3385,15760.0,630,2,13916.34,1,2,5,125,Lost Customer
3386,15761.0,442,1,143.05,1,1,1,111,Lost Customer
3387,15762.0,64,2,583.75,3,2,2,322,Lost Customer
3388,15763.0,31,2,1086.92,4,2,3,423,Potential Loyalist
3389,15764.0,87,8,4503.08,3,4,5,345,Loyal Customer
3390,15765.0,666,1,370.63,1,1,2,112,Lost Customer
3391,15766.0,63,3,831.06,3,3,3,333,Loyal Customer
3392,15768.0,115,34,15308.89,3,5,5,355,Loyal Customer
3393,15769.0,6,46,88612.52,5,5,5,555,Champion
3394,15770.0,612,1,321.45,1,1,2,112,Lost Customer
3395,15771.0,603,3,1006.54,1,3,3,133,At Risk
3396,15772.0,417,1,280.88,1,1,1,111,Lost Customer
3397,15773.0,5,2,774.52,5,2,3,523,Potential Loyalist
3398,15774.0,68,6,1288.34,3,4,4,344,Loyal Customer
3399,15775.0,244,2,150.5,2,2,1,221,Lost Customer
3400,15776.0,132,1,241.62,3,1,1,311,Lost Customer
3401,15777.0,240,7,1762.61,2,4,4,244,At Risk
3402,15778.0,430,1,307.95,1,1,2,112,Lost Customer
3403,15779.0,462,2,124.08000000000001,1,2,1,121,Lost Customer
3404,15780.0,183,3,475.28000000000003,3,3,2,332,Loyal Customer
3405,15781.0,24,3,345.46,4,3,2,432,Loyal Customer
3406,15782.0,9,4,4014.1,5,3,5,535,Loyal Customer
3407,15783.0,10,1,246.3,5,1,1,511,Potential Loyalist
3408,15784.0,467,2,848.3299999999999,1,2,3,123,Lost Customer
3409,15785.0,32,16,5969.93,4,5,5,455,Champion
3410,15786.0,45,5,8501.62,4,4,5,445,Champion
3411,15787.0,25,3,933.26,4,3,3,433,Loyal Customer
3412,15788.0,508,1,221.82999999999998,1,1,1,111,Lost Customer
3413,15789.0,357,6,1962.01,2,4,4,244,At Risk
3414,15790.0,9,1,218.75,5,1,1,511,Potential Loyalist
3415,15791.0,43,5,3608.34,4,4,5,445,Champion
3416,15792.0,399,2,933.84,2,2,3,223,Lost Customer
3417,15793.0,14,8,2399.57,5,4,4,544,Champion
3418,15794.0,735,2,777.0,1,2,3,123,Lost Customer
3419,15795.0,149,8,1979.8700000000001,3,4,4,344,Loyal Customer
3420,15796.0,0,17,5171.63,5,5,5,555,Champion
3421,15797.0,112,6,2821.08,3,4,4,344,Loyal Customer
3422,15798.0,492,3,1535.37,1,3,4,134,At Risk
3423,15799.0,75,4,1421.34,3,3,4,334,Loyal Customer
3424,15800.0,106,7,1227.07,3,4,4,344,Loyal Customer
3425,15801.0,45,3,1063.95,4,3,3,433,Loyal Customer
3426,15802.0,142,1,451.42,3,1,2,312,Lost Customer
3427,15803.0,50,4,1929.66,4,3,4,434,Loyal Customer
3428,15804.0,0,13,4206.39,5,5,5,555,Champion
3429,15805.0,22,30,10148.93,4,5,5,455,Champion
3430,15806.0,45,3,784.58,4,3,3,433,Loyal Customer
3431,15807.0,49,5,1817.52,4,4,4,444,Champion
3432,15808.0,305,21,17180.25,2,5,5,255,At Risk
3433,15809.0,35,7,1274.44,4,4,4,444,Champion
3434,15810.0,78,8,2999.04,3,4,5,345,Loyal Customer
3435,15811.0,21,7,3486.15,4,4,5,445,Champion
3436,15812.0,106,12,5201.47,3,5,5,355,Loyal Customer
3437,15813.0,207,2,1303.9099999999999,2,2,4,224,Lost Customer
3438,15814.0,16,6,2634.44,5,4,4,544,Champion
3439,15815.0,63,5,2100.6,3,4,4,344,Loyal Customer
3440,15816.0,541,2,144.14999999999998,1,2,1,121,Lost Customer
3441,15817.0,420,3,2766.4,1,3,4,134,At Risk
3442,15818.0,587,1,340.5,1,1,2,112,Lost Customer
3443,15819.0,48,10,3934.79,4,5,5,455,Champion
3444,15820.0,319,1,206.98,2,1,1,211,Lost Customer
3445,15821.0,43,2,570.96,4,2,2,422,Potential Loyalist
3446,15822.0,2,6,1840.06,5,4,4,544,Champion
3447,15823.0,371,3,3882.17,2,3,5,235,At Risk
3448,15824.0,452,2,890.94,1,2,3,123,Lost Customer
3449,15825.0,171,1,532.94,3,1,2,312,Lost Customer
3450,15826.0,55,4,2598.28,4,3,4,434,Loyal Customer
3451,15827.0,72,28,3603.14,3,5,5,355,Loyal Customer
3452,15828.0,374,1,1108.82,2,1,3,213,Lost Customer
3453,15829.0,98,2,636.14,3,2,3,323,Lost Customer
3454,15830.0,37,1,576.0,4,1,2,412,Potential Loyalist
3455,15831.0,57,3,794.64,4,3,3,433,Loyal Customer
3456,15832.0,253,1,836.79,2,1,3,213,Lost Customer
3457,15833.0,737,1,80.4,1,1,1,111,Lost Customer
3458,15834.0,69,7,3764.39,3,4,5,345,Loyal Customer
3459,15835.0,43,4,954.09,4,3,3,433,Loyal Customer
3460,15836.0,49,1,137.37,4,1,1,411,Potential Loyalist
3461,15837.0,64,2,777.01,3,2,3,323,Lost Customer
3462,15838.0,10,34,73205.5,5,5,5,555,Champion
3463,15839.0,32,3,1048.49,4,3,3,433,Loyal Customer
3464,15840.0,58,2,355.56,4,2,2,422,Potential Loyalist
3465,15841.0,72,9,2742.41,3,5,4,354,Loyal Customer
3466,15842.0,392,2,548.8,2,2,2,222,Lost Customer
3467,15843.0,303,1,118.95000000000002,2,1,1,211,Lost Customer
3468,15844.0,45,1,130.73999999999998,4,1,1,411,Potential Loyalist
3469,15845.0,17,11,4426.28,5,5,5,555,Champion
3470,15846.0,384,1,107.01,2,1,1,211,Lost Customer
3471,15847.0,37,5,822.57,4,4,3,443,Loyal Customer
3472,15848.0,621,1,137.99,1,1,1,111,Lost Customer
3473,15850.0,18,6,1006.75,5,4,3,543,Loyal Customer
3474,15851.0,526,1,109.73,1,1,1,111,Lost Customer
3475,15852.0,186,3,257.26,3,3,1,331,Loyal Customer
3476,15853.0,51,1,110.8,4,1,1,411,Potential Loyalist
3477,15854.0,3,21,5578.28,5,5,5,555,Champion
3478,15855.0,136,6,1052.72,3,4,3,343,Loyal Customer
3479,15856.0,3,52,32275.95,5,5,5,555,Champion
3480,15857.0,18,2,570.48,5,2,2,522,Potential Loyalist
3481,15858.0,15,13,3552.41,5,5,5,555,Champion
3482,15859.0,431,1,438.46,1,1,2,112,Lost Customer
3483,15860.0,40,17,2361.3,4,5,4,454,Champion
3484,15861.0,11,12,4369.2,5,5,5,555,Champion
3485,15862.0,7,13,2512.29,5,5,4,554,Champion
3486,15863.0,25,5,355.1,4,4,2,442,Loyal Customer
3487,15864.0,21,7,2180.76,4,4,4,444,Champion
3488,15865.0,40,5,2241.42,4,4,4,444,Champion
3489,15866.0,100,1,211.89,3,1,1,311,Lost Customer
3490,15867.0,4,31,8923.3,5,5,5,555,Champion
3491,15868.0,582,1,94.53,1,1,1,111,Lost Customer
3492,15869.0,276,3,321.11,2,3,2,232,At Risk
3493,15870.0,32,4,857.46,4,3,3,433,Loyal Customer
3494,15871.0,436,1,33.099999999999994,1,1,1,111,Lost Customer
3495,15872.0,14,4,729.25,5,3,3,533,Loyal Customer
3496,15873.0,499,4,313.91999999999996,1,3,2,132,At Risk
3497,15874.0,63,21,11284.76,3,5,5,355,Loyal Customer
3498,15875.0,645,1,108.52,1,1,1,111,Lost Customer
3499,15876.0,408,2,1449.1399999999999,2,2,4,224,Lost Customer
3500,15877.0,1,2,490.33,5,2,2,522,Potential Loyalist
3501,15878.0,561,2,330.77,1,2,2,122,Lost Customer
3502,15879.0,403,4,1137.8,2,3,3,233,At Risk
3503,15880.0,368,1,329.03000000000003,2,1,2,212,Lost Customer
3504,15881.0,311,5,501.39000000000004,2,4,2,242,At Risk
3505,15882.0,198,8,1124.66,2,4,3,243,At Risk
3506,15883.0,1,2,396.48,5,2,2,522,Potential Loyalist
3507,15884.0,431,2,244.60000000000002,1,2,1,121,Lost Customer
3508,15885.0,92,15,1951.82,3,5,4,354,Loyal Customer
3509,15886.0,59,4,1052.8700000000001,3,3,3,333,Loyal Customer
3510,15887.0,406,3,1027.15,2,3,3,233,At Risk
3511,15888.0,80,3,429.16,3,3,2,332,Loyal Customer
3512,15889.0,156,8,1427.6,3,4,4,344,Loyal Customer
3513,15890.0,394,5,535.65,2,4,2,242,At Risk
3514,15891.0,226,1,511.68,2,1,2,212,Lost Customer
3515,15892.0,668,1,128.2,1,1,1,111,Lost Customer
3516,15893.0,481,1,305.28000000000003,1,1,2,112,Lost Customer
3517,15894.0,252,2,258.25,2,2,1,221,Lost Customer
3518,15895.0,149,1,179.17,3,1,1,311,Lost Customer
3519,15897.0,193,2,208.59,2,2,1,221,Lost Customer
3520,15898.0,0,25,4996.45,5,5,5,555,Champion
3521,15899.0,368,1,56.25,2,1,1,211,Lost Customer
3522,15900.0,23,4,886.5699999999999,4,3,3,433,Loyal Customer
3523,15901.0,16,7,687.72,5,4,3,543,Loyal Customer
3524,15902.0,379,1,145.01,2,1,1,211,Lost Customer
3525,15903.0,9,12,8939.84,5,5,5,555,Champion
3526,15904.0,7,1,164.68,5,1,1,511,Potential Loyalist
3527,15905.0,542,1,114.69,1,1,1,111,Lost Customer
3528,15906.0,19,10,2530.19,4,5,4,454,Champion
3529,15907.0,3,3,882.72,5,3,3,533,Loyal Customer
3530,15908.0,490,2,758.62,1,2,3,123,Lost Customer
3531,15909.0,173,1,191.94,3,1,1,311,Lost Customer
3532,15910.0,0,15,2661.17,5,5,4,554,Champion
3533,15911.0,623,8,1700.24,1,4,4,144,At Risk
3534,15912.0,177,9,1074.7,3,5,3,353,Loyal Customer
3535,15913.0,533,1,6.300000000000001,1,1,1,111,Lost Customer
3536,15914.0,377,2,205.99,2,2,1,221,Lost Customer
3537,15915.0,401,1,364.45,2,1,2,212,Lost Customer
3538,15916.0,15,13,3145.2400000000002,5,5,5,555,Champion
3539,15917.0,247,5,530.17,2,4,2,242,At Risk
3540,15918.0,190,3,582.88,2,3,2,232,At Risk
3541,15919.0,19,2,525.69,4,2,2,422,Potential Loyalist
3542,15920.0,153,9,569.14,3,5,2,352,Loyal Customer
3543,15921.0,172,4,775.26,3,3,3,333,Loyal Customer
3544,15922.0,372,1,369.5,2,1,2,212,Lost Customer
3545,15923.0,372,1,127.08,2,1,1,211,Lost Customer
3546,15924.0,730,1,102.82,1,1,1,111,Lost Customer
3547,15925.0,193,1,207.15,2,1,1,211,Lost Customer
3548,15926.0,541,1,134.44,1,1,1,111,Lost Customer
3549,15927.0,646,1,106.54,1,1,1,111,Lost Customer
3550,15928.0,655,1,293.53,1,1,2,112,Lost Customer
3551,15929.0,643,1,594.0,1,1,2,112,Lost Customer
3552,15930.0,66,1,426.63,3,1,2,312,Lost Customer
3553,15931.0,427,1,239.9,1,1,1,111,Lost Customer
3554,15932.0,3,8,2495.87,5,4,4,544,Champion
3555,15933.0,20,3,1107.46,4,3,3,433,Loyal Customer
3556,15934.0,417,2,2190.66,1,2,4,124,Lost Customer
3557,15935.0,238,2,416.86,2,2,2,222,Lost Customer
3558,15936.0,378,2,282.79,2,2,1,221,Lost Customer
3559,15937.0,63,1,145.35,3,1,1,311,Lost Customer
3560,15938.0,111,9,734.81,3,5,3,353,Loyal Customer
3561,15939.0,89,16,9060.39,3,5,5,355,Loyal Customer
3562,15940.0,310,1,35.8,2,1,1,211,Lost Customer
3563,15941.0,636,1,405.0,1,1,2,112,Lost Customer
3564,15942.0,133,1,337.44,3,1,2,312,Lost Customer
3565,15943.0,649,2,271.28999999999996,1,2,1,121,Lost Customer
3566,15944.0,276,4,2164.24,2,4,4,244,At Risk
3567,15945.0,364,4,646.27,2,4,3,243,At Risk
3568,15946.0,502,3,2304.18,1,3,4,134,At Risk
3569,15947.0,82,1,1708.24,3,1,4,314,Lost Customer
3570,15948.0,7,3,1509.0900000000001,5,3,4,534,Loyal Customer
3571,15949.0,16,2,364.72,5,2,2,522,Potential Loyalist
3572,15950.0,31,10,7120.91,4,5,5,455,Champion
3573,15951.0,8,3,1013.17,5,3,3,533,Loyal Customer
3574,15952.0,33,4,781.91,4,4,3,443,Loyal Customer
3575,15953.0,14,18,3440.3399999999997,5,5,5,555,Champion
3576,15954.0,588,1,190.75,1,1,1,111,Lost Customer
3577,15955.0,23,22,8085.9800000000005,4,5,5,455,Champion
3578,15956.0,550,2,617.6,1,2,3,123,Lost Customer
3579,15957.0,31,3,921.25,4,3,3,433,Loyal Customer
3580,15958.0,73,4,462.12,3,4,2,342,Loyal Customer
3581,15959.0,681,3,542.89,1,3,2,132,At Risk
3582,15960.0,373,4,410.95,2,4,2,242,At Risk
3583,15961.0,378,1,451.28999999999996,2,1,2,212,Lost Customer
3584,15962.0,448,1,289.48,1,1,2,112,Lost Customer
3585,15963.0,19,2,470.76,4,2,2,422,Potential Loyalist
3586,15964.0,662,1,269.21000000000004,1,1,1,111,Lost Customer
3587,15965.0,16,13,2771.94,5,5,4,554,Champion
3588,15966.0,450,1,426.53000000000003,1,1,2,112,Lost Customer
3589,15967.0,22,12,2966.0,4,5,5,455,Champion
3590,15968.0,387,1,404.55,2,1,2,212,Lost Customer
3591,15969.0,2,5,1127.05,5,4,3,543,Loyal Customer
3592,15970.0,303,2,1017.32,2,2,3,223,Lost Customer
3593,15971.0,17,18,5902.83,5,5,5,555,Champion
3594,15972.0,455,5,1769.33,1,4,4,144,At Risk
3595,15973.0,366,3,680.62,2,3,3,233,At Risk
3596,15974.0,38,7,3442.15,4,4,5,445,Champion
3597,15975.0,83,1,371.01,3,1,2,312,Lost Customer
3598,15976.0,164,6,1694.41,3,4,4,344,Loyal Customer
3599,15977.0,16,2,1054.73,5,2,3,523,Potential Loyalist
3600,15978.0,76,3,3279.42,3,3,5,335,Loyal Customer
3601,15979.0,602,1,329.22,1,1,2,112,Lost Customer
3602,15980.0,88,7,6543.68,3,4,5,345,Loyal Customer
3603,15981.0,24,21,9362.77,4,5,5,455,Champion
3604,15982.0,604,1,324.51,1,1,2,112,Lost Customer
3605,15983.0,21,8,3110.37,4,4,5,445,Champion
3606,15984.0,2,30,8393.02,5,5,5,555,Champion
3607,15985.0,122,7,2715.28,3,4,4,344,Loyal Customer
3608,15986.0,29,2,354.42,4,2,2,422,Potential Loyalist
3609,15987.0,11,8,1535.99,5,4,4,544,Champion
3610,15988.0,18,3,738.89,5,3,3,533,Loyal Customer
3611,15989.0,375,2,368.31,2,2,2,222,Lost Customer
3612,15990.0,43,7,1997.75,4,4,4,444,Champion
3613,15991.0,533,1,150.55,1,1,1,111,Lost Customer
3614,15992.0,3,3,896.6,5,3,3,533,Loyal Customer
3615,15993.0,8,7,2777.67,5,4,4,544,Champion
3616,15994.0,54,3,1175.68,4,3,3,433,Loyal Customer
3617,15995.0,413,1,694.54,1,1,3,113,Lost Customer
3618,15996.0,87,7,1386.4,3,4,4,344,Loyal Customer
3619,15998.0,36,16,8274.14,4,5,5,455,Champion
3620,15999.0,735,1,20.4,1,1,1,111,Lost Customer
3621,16000.0,2,3,12393.7,5,3,5,535,Loyal Customer
3622,16001.0,380,1,583.39,2,1,2,212,Lost Customer
3623,16002.0,624,1,169.21,1,1,1,111,Lost Customer
3624,16003.0,29,10,5613.83,4,5,5,455,Champion
3625,16004.0,474,5,2146.39,1,4,4,144,At Risk
3626,16005.0,11,10,2365.4900000000002,5,5,4,554,Champion
3627,16006.0,210,2,332.82,2,2,2,222,Lost Customer
3628,16007.0,47,7,3053.06,4,4,5,445,Champion
3629,16008.0,23,15,5339.13,4,5,5,455,Champion
3630,16009.0,21,4,972.11,4,4,3,443,Loyal Customer
3631,16010.0,245,11,1694.86,2,5,4,254,At Risk
3632,16011.0,7,29,5601.01,5,5,5,555,Champion
3633,16012.0,34,5,2978.59,4,4,5,445,Champion
3634,16013.0,3,84,56078.44,5,5,5,555,Champion
3635,16014.0,37,5,1100.28,4,4,3,443,Loyal Customer
3636,16015.0,3,3,704.55,5,3,3,533,Loyal Customer
3637,16016.0,2,11,2083.4,5,5,4,554,Champion
3638,16017.0,46,5,1545.58,4,4,4,444,Champion
3639,16018.0,38,4,698.13,4,4,3,443,Loyal Customer
3640,16019.0,46,27,17329.16,4,5,5,455,Champion
3641,16020.0,16,3,851.01,5,3,3,533,Loyal Customer
3642,16021.0,394,2,487.03,2,2,2,222,Lost Customer
3643,16022.0,259,1,602.63,2,1,2,212,Lost Customer
3644,16023.0,45,3,719.81,4,3,3,433,Loyal Customer
3645,16024.0,11,3,483.99,5,3,2,532,Loyal Customer
3646,16025.0,29,1,439.65999999999997,4,1,2,412,Potential Loyalist
3647,16026.0,42,1,236.09,4,1,1,411,Potential Loyalist
3648,16027.0,91,15,2048.36,3,5,4,354,Loyal Customer
3649,16028.0,595,1,82.2,1,1,1,111,Lost Customer
3650,16029.0,38,107,117763.62,4,5,5,455,Champion
3651,16030.0,309,1,331.24,2,1,2,212,Lost Customer
3652,16031.0,91,2,547.9,3,2,2,322,Lost Customer
3653,16032.0,455,6,1965.72,1,4,4,144,At Risk
3654,16033.0,5,27,10608.81,5,5,5,555,Champion
3655,16034.0,195,6,911.3199999999999,2,4,3,243,At Risk
3656,16035.0,559,1,217.73,1,1,1,111,Lost Customer
3657,16036.0,86,4,2556.84,3,4,4,344,Loyal Customer
3658,16037.0,269,5,1509.34,2,4,4,244,At Risk
3659,16038.0,7,3,471.78000000000003,5,3,2,532,Loyal Customer
3660,16039.0,423,2,456.4,1,2,2,122,Lost Customer
3661,16040.0,64,7,2416.9,3,4,4,344,Loyal Customer
3662,16041.0,30,3,3166.4,4,3,5,435,Loyal Customer
3663,16042.0,21,8,2245.32,4,4,4,444,Champion
3664,16043.0,37,8,1856.5900000000001,4,4,4,444,Champion
3665,16044.0,434,1,340.84000000000003,1,1,2,112,Lost Customer
3666,16045.0,119,8,3434.9300000000003,3,4,5,345,Loyal Customer
3667,16046.0,561,1,235.78,1,1,1,111,Lost Customer
3668,16047.0,681,1,107.14,1,1,1,111,Lost Customer
3669,16048.0,372,4,818.7900000000001,2,4,3,243,At Risk
3670,16049.0,39,6,1852.15,4,4,4,444,Champion
3671,16050.0,173,3,300.7,3,3,2,332,Loyal Customer
3672,16051.0,681,1,188.44,1,1,1,111,Lost Customer
3673,16052.0,53,1,362.06,4,1,2,412,Potential Loyalist
3674,16053.0,32,6,3634.84,4,4,5,445,Champion
3675,16054.0,144,4,2111.88,3,4,4,344,Loyal Customer
3676,16055.0,220,1,134.8,2,1,1,211,Lost Customer
3677,16056.0,44,1,650.75,4,1,3,413,Potential Loyalist
3678,16057.0,15,10,3854.85,5,5,5,555,Champion
3679,16058.0,405,1,62.7,2,1,1,211,Lost Customer
3680,16059.0,65,12,3053.57,3,5,5,355,Loyal Customer
3681,16060.0,400,3,541.95,2,3,2,232,At Risk
3682,16061.0,430,1,89.65,1,1,1,111,Lost Customer
3683,16062.0,9,8,2863.45,5,5,4,554,Champion
3684,16063.0,259,1,335.32,2,1,2,212,Lost Customer
3685,16064.0,724,1,109.31,1,1,1,111,Lost Customer
3686,16065.0,364,8,1992.13,2,5,4,254,At Risk
3687,16066.0,16,5,1521.04,5,4,4,544,Champion
3688,16067.0,562,3,3269.11,1,3,5,135,At Risk
3689,16068.0,593,1,115.73,1,1,1,111,Lost Customer
3690,16069.0,417,1,457.7,1,1,2,112,Lost Customer
3691,16070.0,21,2,852.15,4,2,3,423,Potential Loyalist
3692,16071.0,44,4,1076.8,4,4,3,443,Loyal Customer
3693,16072.0,287,4,4180.09,2,4,5,245,At Risk
3694,16073.0,296,1,122.39999999999999,2,1,1,211,Lost Customer
3695,16074.0,389,1,252.5,2,1,1,211,Lost Customer
3696,16075.0,502,2,736.9300000000001,1,2,3,123,Lost Customer
3697,16076.0,2,10,2234.73,5,5,4,554,Champion
3698,16077.0,625,1,2300.4,1,1,4,114,Lost Customer
3699,16078.0,283,2,362.99,2,2,2,222,Lost Customer
3700,16079.0,16,3,1352.0,5,3,4,534,Loyal Customer
3701,16080.0,81,4,602.5600000000001,3,4,2,342,Loyal Customer
3702,16081.0,55,8,4278.96,4,5,5,455,Champion
3703,16082.0,669,1,106.75,1,1,1,111,Lost Customer
3704,16083.0,100,4,2351.42,3,4,4,344,Loyal Customer
3705,16084.0,298,1,436.18,2,1,2,212,Lost Customer
3706,16085.0,22,12,2341.03,4,5,4,454,Champion
3707,16086.0,58,10,2687.73,4,5,4,454,Champion
3708,16087.0,388,5,1739.92,2,4,4,244,At Risk
3709,16088.0,575,2,1437.43,1,2,4,124,Lost Customer
3710,16089.0,385,2,263.49,2,2,1,221,Lost Customer
3711,16090.0,623,1,180.56,1,1,1,111,Lost Customer
3712,16091.0,154,2,315.06,3,2,2,322,Lost Customer
3713,16092.0,114,6,1587.94,3,4,4,344,Loyal Customer
3714,16093.0,106,1,17.0,3,1,1,311,Lost Customer
3715,16094.0,11,11,3695.56,5,5,5,555,Champion
3716,16095.0,455,1,447.05,1,1,2,112,Lost Customer
3717,16096.0,263,4,1584.97,2,4,4,244,At Risk
3718,16097.0,239,1,185.04999999999998,2,1,1,211,Lost Customer
3719,16098.0,87,14,4010.7,3,5,5,355,Loyal Customer
3720,16099.0,49,7,1573.2,4,4,4,444,Champion
3721,16100.0,462,1,582.64,1,1,2,112,Lost Customer
3722,16101.0,70,4,3229.16,3,4,5,345,Loyal Customer
3723,16102.0,41,3,1842.14,4,3,4,434,Loyal Customer
3724,16103.0,6,22,6191.71,5,5,5,555,Champion
3725,16104.0,61,9,2774.46,3,5,4,354,Loyal Customer
3726,16105.0,248,5,2386.19,2,4,4,244,At Risk
3727,16106.0,65,1,108.38,3,1,1,311,Lost Customer
3728,16107.0,17,7,3204.1600000000003,5,4,5,545,Champion
3729,16108.0,84,4,2235.92,3,4,4,344,Loyal Customer
3730,16109.0,218,3,939.48,2,3,3,233,At Risk
3731,16110.0,44,4,1781.59,4,4,4,444,Champion
3732,16111.0,427,1,549.33,1,1,2,112,Lost Customer
3733,16112.0,142,4,195.73999999999998,3,4,1,341,Loyal Customer
3734,16113.0,182,1,161.38,3,1,1,311,Lost Customer
3735,16114.0,170,1,135.75000000000003,3,1,1,311,Lost Customer
3736,16115.0,9,12,2553.8,5,5,4,554,Champion
3737,16116.0,211,1,612.78,2,1,3,213,Lost Customer
3738,16117.0,189,3,654.4,2,3,3,233,At Risk
3739,16118.0,652,1,4376.25,1,1,5,115,Lost Customer
3740,16119.0,7,8,1720.81,5,5,4,554,Champion
3741,16120.0,58,6,2967.51,4,4,5,445,Champion
3742,16121.0,56,5,1450.04,4,4,4,444,Champion
3743,16122.0,72,6,895.62,3,4,3,343,Loyal Customer
3744,16123.0,51,1,307.78,4,1,2,412,Potential Loyalist
3745,16124.0,316,4,1772.49,2,4,4,244,At Risk
3746,16125.0,366,14,4292.35,2,5,5,255,At Risk
3747,16126.0,28,15,14644.6,4,5,5,455,Champion
3748,16127.0,38,2,801.31,4,2,3,423,Potential Loyalist
3749,16128.0,17,11,3801.05,5,5,5,555,Champion
3750,16129.0,406,3,1396.05,2,3,4,234,At Risk
3751,16130.0,421,4,987.48,1,4,3,143,At Risk
3752,16131.0,51,12,9957.42,4,5,5,455,Champion
3753,16132.0,543,2,664.1999999999999,1,2,3,123,Lost Customer
3754,16133.0,3,56,22992.260000000002,5,5,5,555,Champion
3755,16134.0,21,5,2145.34,4,4,4,444,Champion
3756,16135.0,262,2,819.45,2,2,3,223,Lost Customer
3757,16136.0,59,4,946.8,3,4,3,343,Loyal Customer
3758,16137.0,679,1,422.7,1,1,2,112,Lost Customer
3759,16138.0,378,3,910.35,2,3,3,233,At Risk
3760,16139.0,18,5,1111.15,5,4,3,543,Loyal Customer
3761,16140.0,65,3,1433.46,3,3,4,334,Loyal Customer
3762,16141.0,87,2,955.94,3,2,3,323,Lost Customer
3763,16142.0,249,1,535.34,2,1,2,212,Lost Customer
3764,16143.0,2,12,4555.08,5,5,5,555,Champion
3765,16144.0,246,1,175.2,2,1,1,211,Lost Customer
3766,16145.0,8,19,6805.4400000000005,5,5,5,555,Champion
3767,16146.0,156,4,946.38,3,4,3,343,Loyal Customer
3768,16147.0,133,5,2398.91,3,4,4,344,Loyal Customer
3769,16148.0,295,2,386.62,2,2,2,222,Lost Customer
3770,16149.0,4,3,422.22,5,3,2,532,Loyal Customer
3771,16150.0,42,10,4002.17,4,5,5,455,Champion
3772,16152.0,268,1,1829.04,2,1,4,214,Lost Customer
3773,16153.0,49,11,5133.49,4,5,5,455,Champion
3774,16155.0,381,5,796.9,2,4,3,243,At Risk
3775,16156.0,8,20,6188.18,5,5,5,555,Champion
3776,16157.0,15,3,656.69,5,3,3,533,Loyal Customer
3777,16158.0,521,9,628.32,1,5,3,153,At Risk
3778,16159.0,281,4,1232.79,2,4,4,244,At Risk
3779,16160.0,64,2,1025.44,3,2,3,323,Lost Customer
3780,16161.0,1,43,12580.06,5,5,5,555,Champion
3781,16162.0,251,1,37.4,2,1,1,211,Lost Customer
3782,16163.0,231,6,2407.98,2,4,4,244,At Risk
3783,16164.0,16,3,822.48,5,3,3,533,Loyal Customer
3784,16165.0,504,1,79.9,1,1,1,111,Lost Customer
3785,16166.0,427,2,435.83,1,2,2,122,Lost Customer
3786,16167.0,413,5,1386.1200000000001,1,4,4,144,At Risk
3787,16168.0,10,66,10360.67,5,5,5,555,Champion
3788,16169.0,7,4,1822.97,5,4,4,544,Champion
3789,16170.0,50,20,6869.0,4,5,5,455,Champion
3790,16171.0,58,1,73.2,4,1,1,411,Potential Loyalist
3791,16172.0,94,8,1884.55,3,5,4,354,Loyal Customer
3792,16173.0,15,6,1418.32,5,4,4,544,Champion
3793,16174.0,125,7,2246.75,3,4,4,344,Loyal Customer
3794,16175.0,93,7,1836.44,3,4,4,344,Loyal Customer
3795,16176.0,420,4,2052.69,1,4,4,144,At Risk
3796,16177.0,49,8,2247.31,4,5,4,454,Champion
3797,16178.0,137,2,612.6,3,2,3,323,Lost Customer
3798,16179.0,60,1,215.83,3,1,1,311,Lost Customer
3799,16180.0,99,13,16249.87,3,5,5,355,Loyal Customer
3800,16181.0,72,1,305.54,3,1,2,312,Lost Customer
3801,16182.0,71,9,9971.65,3,5,5,355,Loyal Customer
3802,16183.0,66,4,1077.81,3,4,3,343,Loyal Customer
3803,16184.0,63,6,1158.79,3,4,3,343,Loyal Customer
3804,16185.0,16,3,644.72,5,3,3,533,Loyal Customer
3805,16186.0,22,26,8718.43,4,5,5,455,Champion
3806,16187.0,31,15,6911.4400000000005,4,5,5,455,Champion
3807,16188.0,44,5,1087.66,4,4,3,443,Loyal Customer
3808,16189.0,15,2,215.48,5,2,1,521,Potential Loyalist
3809,16190.0,39,8,2723.55,4,5,4,454,Champion
3810,16191.0,2,24,15677.82,5,5,5,555,Champion
3811,16192.0,735,1,351.3,1,1,2,112,Lost Customer
3812,16193.0,236,2,630.43,2,2,3,223,Lost Customer
3813,16194.0,374,1,308.59999999999997,2,1,2,212,Lost Customer
3814,16195.0,722,1,323.25,1,1,2,112,Lost Customer
3815,16196.0,488,1,93.3,1,1,1,111,Lost Customer
3816,16197.0,468,9,2016.71,1,5,4,154,At Risk
3817,16198.0,74,2,1030.0410000000002,3,2,3,323,Lost Customer
3818,16199.0,391,7,942.75,2,4,3,243,At Risk
3819,16200.0,3,12,5608.1,5,5,5,555,Champion
3820,16201.0,2,5,2112.12,5,4,4,544,Champion
3821,16202.0,360,9,2501.9900000000002,2,5,4,254,At Risk
3822,16203.0,58,6,943.84,4,4,3,443,Loyal Customer
3823,16204.0,22,3,918.71,4,3,3,433,Loyal Customer
3824,16205.0,30,7,1820.1100000000001,4,4,4,444,Champion
3825,16206.0,54,13,2589.87,4,5,4,454,Champion
3826,16207.0,24,1,394.38,4,1,2,412,Potential Loyalist
3827,16208.0,44,10,3440.45,4,5,5,455,Champion
3828,16209.0,88,9,4146.78,3,5,5,355,Loyal Customer
3829,16210.0,1,35,33750.97,5,5,5,555,Champion
3830,16211.0,88,3,1090.59,3,3,3,333,Loyal Customer
3831,16212.0,18,4,1293.71,5,4,4,544,Champion
3832,16213.0,78,1,159.0,3,1,1,311,Lost Customer
3833,16214.0,170,4,2038.25,3,4,4,344,Loyal Customer
3834,16215.0,80,1,242.35,3,1,1,311,Lost Customer
3835,16216.0,266,1,914.9300000000001,2,1,3,213,Lost Customer
3836,16217.0,234,2,304.25,2,2,2,222,Lost Customer
3837,16218.0,29,13,3968.67,4,5,5,455,Champion
3838,16219.0,500,1,40.8,1,1,1,111,Lost Customer
3839,16221.0,36,9,2019.92,4,5,4,454,Champion
3840,16222.0,317,2,1272.05,2,2,4,224,Lost Customer
3841,16223.0,374,2,1087.05,2,2,3,223,Lost Customer
3842,16224.0,56,5,1616.54,4,4,4,444,Champion
3843,16225.0,44,15,2859.31,4,5,4,454,Champion
3844,16226.0,202,5,672.1700000000001,2,4,3,243,At Risk
3845,16227.0,224,3,1027.22,2,3,3,233,At Risk
3846,16228.0,384,3,885.71,2,3,3,233,At Risk
3847,16229.0,86,6,2867.86,3,4,4,344,Loyal Customer
3848,16230.0,189,2,542.03,2,2,2,222,Lost Customer
3849,16231.0,378,4,1074.47,2,4,3,243,At Risk
3850,16232.0,43,7,2712.97,4,4,4,444,Champion
3851,16233.0,70,9,1818.31,3,5,4,354,Loyal Customer
3852,16234.0,475,3,333.18,1,3,2,132,At Risk
3853,16235.0,40,9,2053.71,4,5,4,454,Champion
3854,16236.0,77,1,432.2,3,1,2,312,Lost Customer
3855,16237.0,436,1,136.65,1,1,1,111,Lost Customer
3856,16238.0,422,1,63.66,1,1,1,111,Lost Customer
3857,16239.0,56,6,1492.2,4,4,4,444,Champion
3858,16240.0,23,2,3718.8,4,2,5,425,Potential Loyalist
3859,16241.0,9,16,3992.86,5,5,5,555,Champion
3860,16242.0,7,14,7404.65,5,5,5,555,Champion
3861,16243.0,33,2,409.1,4,2,2,422,Potential Loyalist
3862,16244.0,211,2,1522.75,2,2,4,224,Lost Customer
3863,16245.0,23,3,1413.66,4,3,4,434,Loyal Customer
3864,16246.0,459,2,821.35,1,2,3,123,Lost Customer
3865,16247.0,169,1,114.56,3,1,1,311,Lost Customer
3866,16248.0,61,1,152.94,3,1,1,311,Lost Customer
3867,16249.0,52,5,1800.07,4,4,4,444,Champion
3868,16250.0,260,3,565.24,2,3,2,232,At Risk
3869,16251.0,511,1,128.31,1,1,1,111,Lost Customer
3870,16252.0,382,1,295.09000000000003,2,1,2,212,Lost Customer
3871,16253.0,66,7,7272.2,3,4,5,345,Loyal Customer
3872,16254.0,377,3,967.44,2,3,3,233,At Risk
3873,16255.0,16,15,4530.0,5,5,5,555,Champion
3874,16256.0,266,3,1629.37,2,3,4,234,At Risk
3875,16257.0,176,1,46.95,3,1,1,311,Lost Customer
3876,16258.0,44,15,11942.52,4,5,5,455,Champion
3877,16259.0,409,3,340.94,2,3,2,232,At Risk
3878,16260.0,50,1,1035.45,4,1,3,413,Potential Loyalist
3879,16261.0,16,6,1041.16,5,4,3,543,Loyal Customer
3880,16262.0,377,1,755.15,2,1,3,213,Lost Customer
3881,16263.0,422,1,348.16,1,1,2,112,Lost Customer
3882,16264.0,437,2,823.53,1,2,3,123,Lost Customer
3883,16265.0,8,12,6935.17,5,5,5,555,Champion
3884,16266.0,73,14,1757.95,3,5,4,354,Loyal Customer
3885,16267.0,590,1,186.66,1,1,1,111,Lost Customer
3886,16268.0,70,2,667.65,3,2,3,323,Lost Customer
3887,16269.0,437,1,717.57,1,1,3,113,Lost Customer
3888,16270.0,352,1,1141.24,2,1,3,213,Lost Customer
3889,16271.0,2,10,3397.82,5,5,5,555,Champion
3890,16272.0,116,1,411.7,3,1,2,312,Lost Customer
3891,16273.0,647,2,318.34000000000003,1,2,2,122,Lost Customer
3892,16274.0,372,1,351.75,2,1,2,212,Lost Customer
3893,16275.0,196,3,2151.11,2,3,4,234,At Risk
3894,16276.0,176,3,2629.3900000000003,3,3,4,334,Loyal Customer
3895,16277.0,733,1,188.69,1,1,1,111,Lost Customer
3896,16278.0,99,3,1117.84,3,3,3,333,Loyal Customer
3897,16279.0,20,9,5698.28,4,5,5,455,Champion
3898,16280.0,724,1,238.05,1,1,1,111,Lost Customer
3899,16281.0,71,3,3424.02,3,3,5,335,Loyal Customer
3900,16282.0,339,3,1307.58,2,3,4,234,At Risk
3901,16283.0,5,8,4350.32,5,5,5,555,Champion
3902,16284.0,30,3,1018.48,4,3,3,433,Loyal Customer
3903,16285.0,645,1,176.9,1,1,1,111,Lost Customer
3904,16286.0,476,2,328.95,1,2,2,122,Lost Customer
3905,16287.0,169,5,1006.98,3,4,3,343,Loyal Customer
3906,16288.0,469,1,129.85,1,1,1,111,Lost Customer
3907,16289.0,461,1,136.31,1,1,1,111,Lost Customer
3908,16290.0,464,4,1957.7,1,4,4,144,At Risk
3909,16291.0,681,1,117.72,1,1,1,111,Lost Customer
3910,16292.0,121,5,1253.76,3,4,4,344,Loyal Customer
3911,16293.0,21,15,4279.2,4,5,5,455,Champion
3912,16294.0,476,1,126.05000000000001,1,1,1,111,Lost Customer
3913,16295.0,9,4,1328.55,5,4,4,544,Champion
3914,16296.0,625,4,1313.67,1,4,4,144,At Risk
3915,16297.0,268,1,301.9,2,1,2,212,Lost Customer
3916,16298.0,22,7,1085.7,4,4,3,443,Loyal Customer
3917,16299.0,476,1,193.65,1,1,1,111,Lost Customer
3918,16300.0,429,3,1367.32,1,3,4,134,At Risk
3919,16301.0,736,1,107.33,1,1,1,111,Lost Customer
3920,16302.0,126,1,233.22,3,1,1,311,Lost Customer
3921,16303.0,25,7,7928.27,4,4,5,445,Champion
3922,16304.0,694,1,381.66,1,1,2,112,Lost Customer
3923,16305.0,138,1,361.21999999999997,3,1,2,312,Lost Customer
3924,16306.0,213,7,1124.72,2,4,3,243,At Risk
3925,16307.0,428,3,1194.92,1,3,3,133,At Risk
3926,16308.0,37,7,5120.0,4,4,5,445,Champion
3927,16309.0,105,2,706.57,3,2,3,323,Lost Customer
3928,16310.0,413,2,460.08,1,2,2,122,Lost Customer
3929,16311.0,17,2,616.26,5,2,3,523,Potential Loyalist
3930,16312.0,431,1,171.15,1,1,1,111,Lost Customer
3931,16313.0,2,2,274.15000000000003,5,2,1,521,Potential Loyalist
3932,16314.0,389,3,1491.4,2,3,4,234,At Risk
3933,16315.0,330,2,402.71,2,2,2,222,Lost Customer
3934,16316.0,63,13,5744.91,3,5,5,355,Loyal Customer
3935,16317.0,119,5,2192.51,3,4,4,344,Loyal Customer
3936,16318.0,34,1,328.15,4,1,2,412,Potential Loyalist
3937,16319.0,217,1,404.40000000000003,2,1,2,212,Lost Customer
3938,16320.0,171,6,5628.99,3,4,5,345,Loyal Customer
3939,16321.0,71,7,604.5500000000001,3,4,2,342,Loyal Customer
3940,16322.0,0,2,326.75,5,2,2,522,Potential Loyalist
3941,16323.0,195,2,353.66,2,2,2,222,Lost Customer
3942,16324.0,127,3,408.59000000000003,3,3,2,332,Loyal Customer
3943,16325.0,46,12,3597.5,4,5,5,455,Champion
3944,16326.0,5,24,4721.25,5,5,5,555,Champion
3945,16327.0,13,16,10159.64,5,5,5,555,Champion
3946,16328.0,562,1,310.83,1,1,2,112,Lost Customer
3947,16329.0,427,4,1664.92,1,4,4,144,At Risk
3948,16330.0,17,7,625.38,5,4,3,543,Loyal Customer
3949,16331.0,431,6,2037.7,1,4,4,144,At Risk
3950,16332.0,27,11,2000.01,4,5,4,454,Champion
3951,16333.0,7,22,26626.8,5,5,5,555,Champion
3952,16334.0,491,1,263.73,1,1,1,111,Lost Customer
3953,16335.0,551,7,2753.52,1,4,4,144,At Risk
3954,16336.0,420,4,3517.69,1,4,5,145,At Risk
3955,16337.0,36,1,151.05,4,1,1,411,Potential Loyalist
3956,16338.0,156,1,214.79999999999998,3,1,1,311,Lost Customer
3957,16339.0,283,1,94.05,2,1,1,211,Lost Customer
3958,16340.0,106,3,1496.24,3,3,4,334,Loyal Customer
3959,16341.0,24,7,3850.79,4,4,5,445,Champion
3960,16342.0,74,4,322.41,3,4,2,342,Loyal Customer
3961,16343.0,15,3,614.12,5,3,3,533,Loyal Customer
3962,16344.0,157,4,842.42,3,4,3,343,Loyal Customer
3963,16345.0,43,2,1178.79,4,2,3,423,Potential Loyalist
3964,16346.0,384,1,224.51,2,1,1,211,Lost Customer
3965,16347.0,10,11,3442.96,5,5,5,555,Champion
3966,16348.0,31,8,1744.42,4,5,4,454,Champion
3967,16349.0,290,1,53.5,2,1,1,211,Lost Customer
3968,16350.0,20,9,2253.89,4,5,4,454,Champion
3969,16351.0,332,13,3330.0299999999997,2,5,5,255,At Risk
3970,16352.0,17,2,494.44,5,2,2,522,Potential Loyalist
3971,16353.0,3,38,9795.460000000001,5,5,5,555,Champion
3972,16354.0,62,5,1119.46,3,4,3,343,Loyal Customer
3973,16355.0,374,1,416.35,2,1,2,212,Lost Customer
3974,16356.0,197,6,415.87,2,4,2,242,At Risk
3975,16357.0,32,4,868.37,4,4,3,443,Loyal Customer
3976,16358.0,0,5,2919.65,5,4,5,545,Champion
3977,16359.0,6,16,2697.75,5,5,4,554,Champion
3978,16360.0,4,6,3450.41,5,4,5,545,Champion
3979,16361.0,9,4,891.21,5,4,3,543,Loyal Customer
3980,16362.0,31,6,922.16,4,4,3,443,Loyal Customer
3981,16363.0,52,1,109.36000000000001,4,1,1,411,Potential Loyalist
3982,16364.0,11,2,705.79,5,2,3,523,Potential Loyalist
3983,16365.0,17,15,3167.34,5,5,5,555,Champion
3984,16366.0,18,4,1548.1299999999999,5,4,4,544,Champion
3985,16367.0,36,3,1350.48,4,3,4,434,Loyal Customer
3986,16368.0,1,3,621.44,5,3,3,533,Loyal Customer
3987,16369.0,17,7,2656.56,5,4,4,544,Champion
3988,16370.0,81,4,1301.91,3,4,4,344,Loyal Customer
3989,16371.0,448,1,157.2,1,1,1,111,Lost Customer
3990,16372.0,32,5,1290.31,4,4,4,444,Champion
3991,16373.0,381,2,309.49,2,2,2,222,Lost Customer
3992,16374.0,65,5,1723.4,3,4,4,344,Loyal Customer
3993,16375.0,469,2,104.0,1,2,1,121,Lost Customer
3994,16376.0,8,2,974.96,5,2,3,523,Potential Loyalist
3995,16377.0,266,2,1308.48,2,2,4,224,Lost Customer
3996,16378.0,246,3,362.95,2,3,2,232,At Risk
3997,16379.0,3,4,2157.4,5,4,4,544,Champion
3998,16380.0,60,1,1743.1499999999999,3,1,4,314,Lost Customer
3999,16381.0,395,2,247.85,2,2,1,221,Lost Customer
4000,16382.0,407,2,353.1,2,2,2,222,Lost Customer
4001,16383.0,74,7,2896.69,3,4,4,344,Loyal Customer
4002,16384.0,89,4,1358.95,3,4,4,344,Loyal Customer
4003,16385.0,59,5,881.35,3,4,3,343,Loyal Customer
4004,16386.0,28,3,1068.16,4,3,3,433,Loyal Customer
4005,16387.0,322,5,882.46,2,4,3,243,At Risk
4006,16388.0,653,1,186.05,1,1,1,111,Lost Customer
4007,16389.0,52,4,1382.07,4,4,4,444,Champion
4008,16390.0,536,3,467.5,1,3,2,132,At Risk
4009,16391.0,400,4,1052.26,2,4,3,243,At Risk
4010,16392.0,269,3,756.7,2,3,3,233,At Risk
4011,16393.0,1,23,5297.77,5,5,5,555,Champion
4012,16394.0,56,5,1555.34,4,4,4,444,Champion
4013,16395.0,60,14,3518.41,3,5,5,355,Loyal Customer
4014,16396.0,475,1,137.8,1,1,1,111,Lost Customer
4015,16397.0,627,1,123.13,1,1,1,111,Lost Customer
4016,16398.0,153,2,1705.8,3,2,4,324,Lost Customer
4017,16399.0,18,3,630.22,5,3,3,533,Loyal Customer
4018,16400.0,94,9,3059.85,3,5,5,355,Loyal Customer
4019,16401.0,0,23,6849.15,5,5,5,555,Champion
4020,16402.0,264,2,293.45,2,2,2,222,Lost Customer
4021,16403.0,311,1,177.5,2,1,1,211,Lost Customer
4022,16404.0,69,1,443.05,3,1,2,312,Lost Customer
4023,16405.0,301,2,167.25,2,2,1,221,Lost Customer
4024,16406.0,18,3,528.36,5,3,2,532,Loyal Customer
4025,16407.0,12,14,2761.65,5,5,4,554,Champion
4026,16408.0,590,1,231.93,1,1,1,111,Lost Customer
4027,16409.0,35,12,5652.74,4,5,5,455,Champion
4028,16410.0,733,1,130.32,1,1,1,111,Lost Customer
4029,16411.0,18,4,756.39,5,4,3,543,Loyal Customer
4030,16412.0,53,5,593.19,4,4,2,442,Loyal Customer
4031,16413.0,56,2,522.03,4,2,2,422,Potential Loyalist
4032,16414.0,21,5,551.21,4,4,2,442,Loyal Customer
4033,16415.0,43,3,696.76,4,3,3,433,Loyal Customer
4034,16416.0,26,9,2957.88,4,5,5,455,Champion
4035,16417.0,492,1,35.7,1,1,1,111,Lost Customer
4036,16418.0,44,5,1028.74,4,4,3,443,Loyal Customer
4037,16419.0,112,8,1463.7,3,5,4,354,Loyal Customer
4038,16420.0,395,1,75.0,2,1,1,211,Lost Customer
4039,16421.0,375,3,526.27,2,3,2,232,At Risk
4040,16422.0,16,109,61920.87,5,5,5,555,Champion
4041,16423.0,24,1,346.12,4,1,2,412,Potential Loyalist
4042,16424.0,190,2,443.06,2,2,2,222,Lost Customer
4043,16425.0,301,1,302.7,2,1,2,212,Lost Customer
4044,16426.0,1,10,1863.76,5,5,4,554,Champion
4045,16427.0,262,2,241.06,2,2,1,221,Lost Customer
4046,16428.0,413,3,638.49,1,3,3,133,At Risk
4047,16429.0,105,1,284.55,3,1,1,311,Lost Customer
4048,16430.0,56,7,1117.94,4,4,3,443,Loyal Customer
4049,16431.0,212,3,623.28,2,3,3,233,At Risk
4050,16432.0,63,1,287.4,3,1,2,312,Lost Customer
4051,16433.0,27,2,384.52,4,2,2,422,Potential Loyalist
4052,16434.0,28,12,2673.69,4,5,4,454,Champion
4053,16435.0,511,3,1003.0699999999999,1,3,3,133,At Risk
4054,16436.0,667,3,319.14,1,3,2,132,At Risk
4055,16437.0,380,2,301.25,2,2,2,222,Lost Customer
4056,16438.0,5,5,798.35,5,4,3,543,Loyal Customer
4057,16439.0,721,1,310.70000000000005,1,1,2,112,Lost Customer
4058,16440.0,7,6,3856.9700000000003,5,4,5,545,Champion
4059,16441.0,66,5,1019.13,3,4,3,343,Loyal Customer
4060,16442.0,1,5,891.98,5,4,3,543,Loyal Customer
4061,16443.0,520,1,162.24,1,1,1,111,Lost Customer
4062,16444.0,45,17,3625.88,4,5,5,455,Champion
4063,16445.0,33,4,583.16,4,4,2,442,Loyal Customer
4064,16446.0,0,2,168472.5,5,2,5,525,Potential Loyalist
4065,16447.0,135,3,727.1,3,3,3,333,Loyal Customer
4066,16448.0,197,2,361.12,2,2,2,222,Lost Customer
4067,16449.0,197,2,707.69,2,2,3,223,Lost Customer
4068,16450.0,149,3,1505.73,3,3,4,334,Loyal Customer
4069,16451.0,87,3,1013.15,3,3,3,333,Loyal Customer
4070,16452.0,630,2,332.17,1,2,2,122,Lost Customer
4071,16453.0,530,2,251.71,1,2,1,121,Lost Customer
4072,16454.0,44,4,30.950000000000003,4,4,1,441,Loyal Customer
4073,16455.0,63,11,3995.57,3,5,5,355,Loyal Customer
4074,16456.0,98,13,6000.94,3,5,5,355,Loyal Customer
4075,16457.0,217,1,208.36,2,1,1,211,Lost Customer
4076,16458.0,2,30,5690.89,5,5,5,555,Champion
4077,16459.0,729,1,71.78999999999999,1,1,1,111,Lost Customer
4078,16460.0,27,3,811.23,4,3,3,433,Loyal Customer
4079,16461.0,177,3,1545.83,3,3,4,334,Loyal Customer
4080,16462.0,73,3,136.0,3,3,1,331,Loyal Customer
4081,16463.0,20,4,1422.4,4,4,4,444,Champion
4082,16464.0,19,3,1298.66,4,3,4,434,Loyal Customer
4083,16465.0,420,2,746.24,1,2,3,123,Lost Customer
4084,16466.0,33,15,3767.09,4,5,5,455,Champion
4085,16467.0,508,7,2869.16,1,4,4,144,At Risk
4086,16468.0,73,3,787.52,3,3,3,333,Loyal Customer
4087,16469.0,23,5,803.9,4,4,3,443,Loyal Customer
4088,16470.0,51,11,2416.85,4,5,4,454,Champion
4089,16471.0,274,4,1189.98,2,4,3,243,At Risk
4090,16472.0,433,2,789.6,1,2,3,123,Lost Customer
4091,16473.0,164,4,470.83,3,4,2,342,Loyal Customer
4092,16474.0,6,7,1810.65,5,4,4,544,Champion
4093,16475.0,87,4,544.3,3,4,2,342,Loyal Customer
4094,16476.0,431,1,350.35,1,1,2,112,Lost Customer
4095,16477.0,63,11,4094.37,3,5,5,355,Loyal Customer
4096,16478.0,24,3,331.0,4,3,2,432,Loyal Customer
4097,16479.0,9,2,300.83,5,2,2,522,Potential Loyalist
4098,16480.0,75,1,769.29,3,1,3,313,Lost Customer
4099,16481.0,681,1,453.38,1,1,2,112,Lost Customer
4100,16482.0,15,1,220.62,5,1,1,511,Potential Loyalist
4101,16483.0,191,1,139.35,2,1,1,211,Lost Customer
4102,16484.0,173,2,404.3,3,2,2,322,Lost Customer
4103,16485.0,76,5,2287.19,3,4,4,344,Loyal Customer
4104,16486.0,537,1,134.36,1,1,1,111,Lost Customer
4105,16487.0,576,2,209.4,1,2,1,121,Lost Customer
4106,16488.0,32,3,498.8,4,3,2,432,Loyal Customer
4107,16489.0,379,2,303.7,2,2,2,222,Lost Customer
4108,16490.0,435,1,205.41000000000003,1,1,1,111,Lost Customer
4109,16491.0,46,2,1533.16,4,2,4,424,Potential Loyalist
4110,16492.0,540,1,385.56,1,1,2,112,Lost Customer
4111,16493.0,79,7,2132.09,3,4,4,344,Loyal Customer
4112,16494.0,296,1,826.53,2,1,3,213,Lost Customer
4113,16495.0,2,3,648.26,5,3,3,533,Loyal Customer
4114,16496.0,8,6,2330.77,5,4,4,544,Champion
4115,16497.0,49,23,6695.28,4,5,5,455,Champion
4116,16498.0,160,2,100.97,3,2,1,321,Lost Customer
4117,16499.0,359,8,2578.34,2,5,4,254,At Risk
4118,16500.0,4,9,843.9100000000001,5,5,3,553,Loyal Customer
4119,16501.0,382,1,1191.23,2,1,3,213,Lost Customer
4120,16502.0,619,2,258.55,1,2,1,121,Lost Customer
4121,16503.0,106,11,3614.34,3,5,5,355,Loyal Customer
4122,16504.0,24,1,465.88,4,1,2,412,Potential Loyalist
4123,16505.0,31,1,777.6,4,1,3,413,Potential Loyalist
4124,16506.0,19,2,90.30000000000001,4,2,1,421,Potential Loyalist
4125,16507.0,571,1,142.71,1,1,1,111,Lost Customer
4126,16508.0,629,1,240.95,1,1,1,111,Lost Customer
4127,16509.0,296,1,363.7,2,1,2,212,Lost Customer
4128,16510.0,371,6,1777.5,2,4,4,244,At Risk
4129,16511.0,21,6,1760.49,4,4,4,444,Champion
4130,16513.0,4,4,874.59,5,4,3,543,Loyal Customer
4131,16515.0,51,10,3179.06,4,5,5,455,Champion
4132,16516.0,29,1,101.69999999999999,4,1,1,411,Potential Loyalist
4133,16517.0,276,1,162.7,2,1,1,211,Lost Customer
4134,16518.0,60,4,959.37,3,4,3,343,Loyal Customer
4135,16519.0,24,4,439.06,4,4,2,442,Loyal Customer
4136,16520.0,185,6,2148.38,3,4,4,344,Loyal Customer
4137,16521.0,414,3,1140.11,1,3,3,133,At Risk
4138,16522.0,435,2,433.36,1,2,2,122,Lost Customer
4139,16523.0,1,28,11916.33,5,5,5,555,Champion
4140,16524.0,445,2,306.19,1,2,2,122,Lost Customer
4141,16525.0,1,48,24151.3,5,5,5,555,Champion
4142,16526.0,171,2,717.21,3,2,3,323,Lost Customer
4143,16527.0,80,2,1232.94,3,2,4,324,Lost Customer
4144,16528.0,3,1,244.41,5,1,1,511,Potential Loyalist
4145,16529.0,189,4,1986.8,2,4,4,244,At Risk
4146,16530.0,667,1,48.349999999999994,1,1,1,111,Lost Customer
4147,16531.0,21,11,2298.33,4,5,4,454,Champion
4148,16532.0,17,5,8756.64,5,4,5,545,Champion
4149,16533.0,18,3,1082.81,5,3,3,533,Loyal Customer
4150,16534.0,641,1,635.9,1,1,3,113,Lost Customer
4151,16535.0,4,3,972.04,5,3,3,533,Loyal Customer
4152,16536.0,109,1,548.12,3,1,2,312,Lost Customer
4153,16537.0,640,1,23.35,1,1,1,111,Lost Customer
4154,16538.0,540,3,395.07,1,3,2,132,At Risk
4155,16539.0,2,10,3289.66,5,5,5,555,Champion
4156,16540.0,413,1,205.75,1,1,1,111,Lost Customer
4157,16541.0,734,1,424.03,1,1,2,112,Lost Customer
4158,16542.0,53,2,257.32,4,2,1,421,Potential Loyalist
4159,16543.0,591,1,292.21,1,1,2,112,Lost Customer
4160,16544.0,519,4,376.70000000000005,1,4,2,142,At Risk
4161,16545.0,164,2,689.82,3,2,3,323,Lost Customer
4162,16546.0,290,5,5307.07,2,4,5,245,At Risk
4163,16547.0,545,1,104.25999999999999,1,1,1,111,Lost Customer
4164,16548.0,598,1,30.15,1,1,1,111,Lost Customer
4165,16549.0,9,34,12781.8,5,5,5,555,Champion
4166,16550.0,108,18,8813.58,3,5,5,355,Loyal Customer
4167,16551.0,95,7,2237.12,3,4,4,344,Loyal Customer
4168,16552.0,242,2,379.73,2,2,2,222,Lost Customer
4169,16553.0,162,33,16584.01,3,5,5,355,Loyal Customer
4170,16554.0,41,8,2841.72,4,5,4,454,Champion
4171,16555.0,34,6,1915.68,4,4,4,444,Champion
4172,16556.0,66,17,8012.58,3,5,5,355,Loyal Customer
4173,16557.0,23,2,281.85,4,2,1,421,Potential Loyalist
4174,16558.0,0,38,13304.11,5,5,5,555,Champion
4175,16559.0,396,1,175.0,2,1,1,211,Lost Customer
4176,16560.0,26,8,3048.38,4,5,5,455,Champion
4177,16561.0,5,2,511.12,5,2,2,522,Potential Loyalist
4178,16562.0,476,1,223.85999999999999,1,1,1,111,Lost Customer
4179,16563.0,53,6,4412.56,4,4,5,445,Champion
4180,16564.0,568,1,87.8,1,1,1,111,Lost Customer
4181,16565.0,363,4,773.05,2,4,3,243,At Risk
4182,16566.0,14,5,614.66,5,4,3,543,Loyal Customer
4183,16567.0,193,2,865.6,2,2,3,223,Lost Customer
4184,16568.0,427,2,1020.9000000000001,1,2,3,123,Lost Customer
4185,16569.0,2,5,1455.23,5,4,4,544,Champion
4186,16570.0,14,20,7434.31,5,5,5,555,Champion
4187,16571.0,26,10,4248.74,4,5,5,455,Champion
4188,16572.0,126,3,1009.6,3,3,3,333,Loyal Customer
4189,16573.0,84,2,663.61,3,2,3,323,Lost Customer
4190,16574.0,70,3,1301.78,3,3,4,334,Loyal Customer
4191,16576.0,419,2,540.87,1,2,2,122,Lost Customer
4192,16577.0,666,1,380.0,1,1,2,112,Lost Customer
4193,16578.0,625,1,156.6,1,1,1,111,Lost Customer
4194,16579.0,425,1,295.05,1,1,2,112,Lost Customer
4195,16581.0,182,1,105.84,3,1,1,311,Lost Customer
4196,16582.0,112,1,313.62,3,1,2,312,Lost Customer
4197,16583.0,373,2,297.95,2,2,2,222,Lost Customer
4198,16584.0,79,5,3156.17,3,4,5,345,Loyal Customer
4199,16585.0,593,2,341.59,1,2,2,122,Lost Customer
4200,16586.0,248,3,1462.78,2,3,4,234,At Risk
4201,16587.0,231,1,225.15,2,1,1,211,Lost Customer
4202,16588.0,385,4,1361.28,2,4,4,244,At Risk
4203,16589.0,70,4,612.36,3,4,3,343,Loyal Customer
4204,16590.0,400,2,605.9,2,2,2,222,Lost Customer
4205,16591.0,68,1,213.5,3,1,1,311,Lost Customer
4206,16592.0,3,28,7807.91,5,5,5,555,Champion
4207,16593.0,50,8,1071.1399999999999,4,5,3,453,Loyal Customer
4208,16594.0,74,1,181.09,3,1,1,311,Lost Customer
4209,16595.0,60,5,1757.75,3,4,4,344,Loyal Customer
4210,16596.0,15,4,458.98,5,4,2,542,Loyal Customer
4211,16597.0,3,1,90.04,5,1,1,511,Potential Loyalist
4212,16598.0,285,1,145.04999999999998,2,1,1,211,Lost Customer
4213,16599.0,385,1,172.8,2,1,1,211,Lost Customer
4214,16600.0,3,13,2153.41,5,5,4,554,Champion
4215,16601.0,40,3,677.0,4,3,3,433,Loyal Customer
4216,16602.0,35,2,763.33,4,2,3,423,Potential Loyalist
4217,16603.0,74,2,482.47,3,2,2,322,Lost Customer
4218,16604.0,562,2,432.45,1,2,2,122,Lost Customer
4219,16605.0,723,1,60.48,1,1,1,111,Lost Customer
4220,16606.0,403,2,357.66,2,2,2,222,Lost Customer
4221,16607.0,17,25,5706.87,5,5,5,555,Champion
4222,16608.0,453,2,1286.6200000000001,1,2,4,124,Lost Customer
4223,16609.0,14,7,5493.46,5,4,5,545,Champion
4224,16610.0,218,1,75.66,2,1,1,211,Lost Customer
4225,16611.0,185,6,1785.13,3,4,4,344,Loyal Customer
4226,16612.0,32,9,3245.43,4,5,5,455,Champion
4227,16613.0,69,1,618.59,3,1,3,313,Lost Customer
4228,16614.0,182,3,1179.79,3,3,3,333,Loyal Customer
4229,16615.0,625,1,291.5,1,1,2,112,Lost Customer
4230,16616.0,14,2,500.42,5,2,2,522,Potential Loyalist
4231,16617.0,235,1,151.85,2,1,1,211,Lost Customer
4232,16618.0,30,5,2647.59,4,4,4,444,Champion
4233,16619.0,263,4,1938.33,2,4,4,244,At Risk
4234,16620.0,3,6,1758.93,5,4,4,544,Champion
4235,16621.0,51,4,813.48,4,4,3,443,Loyal Customer
4236,16622.0,543,1,225.4,1,1,1,111,Lost Customer
4237,16623.0,245,4,1015.24,2,4,3,243,At Risk
4238,16624.0,80,2,810.5699999999999,3,2,3,323,Lost Customer
4239,16625.0,274,5,1654.03,2,4,4,244,At Risk
4240,16626.0,0,17,4413.1,5,5,5,555,Champion
4241,16627.0,78,1,322.8,3,1,2,312,Lost Customer
4242,16628.0,29,7,2318.1,4,4,4,444,Champion
4243,16629.0,73,2,408.63,3,2,2,322,Lost Customer
4244,16630.0,406,1,106.80000000000001,2,1,1,211,Lost Customer
4245,16631.0,481,7,1892.52,1,4,4,144,At Risk
4246,16632.0,485,2,406.4,1,2,2,122,Lost Customer
4247,16633.0,16,6,2883.1,5,4,4,544,Champion
4248,16634.0,222,6,1649.81,2,4,4,244,At Risk
4249,16635.0,406,1,473.0,2,1,2,212,Lost Customer
4250,16636.0,437,4,3802.04,1,4,5,145,At Risk
4251,16637.0,31,4,1154.47,4,4,3,443,Loyal Customer
4252,16638.0,22,15,2380.13,4,5,4,454,Champion
4253,16639.0,30,4,1747.98,4,4,4,444,Champion
4254,16640.0,397,1,179.4,2,1,1,211,Lost Customer
4255,16641.0,105,2,554.5,3,2,2,322,Lost Customer
4256,16642.0,4,3,1077.45,5,3,3,533,Loyal Customer
4257,16643.0,245,2,923.11,2,2,3,223,Lost Customer
4258,16644.0,177,2,833.78,3,2,3,323,Lost Customer
4259,16645.0,735,1,160.39,1,1,1,111,Lost Customer
4260,16646.0,448,1,678.8,1,1,3,113,Lost Customer
4261,16647.0,169,4,541.9,3,4,2,342,Loyal Customer
4262,16648.0,42,3,672.8,4,3,3,433,Loyal Customer
4263,16649.0,519,1,306.58000000000004,1,1,2,112,Lost Customer
4264,16650.0,71,7,1916.11,3,4,4,344,Loyal Customer
4265,16651.0,586,1,136.2,1,1,1,111,Lost Customer
4266,16652.0,58,16,17550.39,4,5,5,455,Champion
4267,16653.0,15,2,1212.66,5,2,3,523,Potential Loyalist
4268,16654.0,140,8,1484.07,3,5,4,354,Loyal Customer
4269,16655.0,17,13,6423.26,5,5,5,555,Champion
4270,16656.0,21,30,16833.170000000002,4,5,5,455,Champion
4271,16657.0,9,4,874.43,5,4,3,543,Loyal Customer
4272,16658.0,367,6,690.83,2,4,3,243,At Risk
4273,16659.0,188,1,39.12,3,2,1,321,Lost Customer
4274,16660.0,15,7,1879.55,5,4,4,544,Champion
4275,16661.0,539,4,932.76,1,4,3,143,At Risk
4276,16662.0,393,1,151.05,2,2,1,221,Lost Customer
4277,16663.0,728,1,165.0,1,2,1,121,Lost Customer
4278,16664.0,568,1,109.2,1,2,1,121,Lost Customer
4279,16665.0,361,1,135.39999999999998,2,2,1,221,Lost Customer
4280,16666.0,18,2,217.71,5,2,1,521,Potential Loyalist
4281,16667.0,67,2,567.1800000000001,3,2,2,322,Lost Customer
4282,16668.0,14,13,862.42,5,5,3,553,Loyal Customer
4283,16669.0,23,3,1348.88,4,3,4,434,Loyal Customer
4284,16670.0,16,20,8030.150000000001,5,5,5,555,Champion
4285,16671.0,27,3,1692.27,4,3,4,434,Loyal Customer
4286,16672.0,1,20,8134.9400000000005,5,5,5,555,Champion
4287,16673.0,678,1,171.13,1,2,1,121,Lost Customer
4288,16674.0,54,2,304.24,4,2,2,422,Potential Loyalist
4289,16675.0,441,2,608.86,1,2,3,123,Lost Customer
4290,16676.0,33,6,2361.9,4,4,4,444,Champion
4291,16677.0,410,2,880.62,2,2,3,223,Lost Customer
4292,16678.0,2,12,3109.99,5,5,5,555,Champion
4293,16679.0,365,3,663.31,2,3,3,233,At Risk
4294,16680.0,42,3,821.45,4,3,3,433,Loyal Customer
4295,16681.0,72,7,1921.84,3,4,4,344,Loyal Customer
4296,16682.0,4,5,1028.0,5,4,3,543,Loyal Customer
4297,16683.0,533,1,320.25,1,2,2,122,Lost Customer
4298,16684.0,3,55,147142.77,5,5,5,555,Champion
4299,16685.0,60,2,324.24,3,2,2,322,Lost Customer
4300,16686.0,46,16,4881.07,4,5,5,455,Champion
4301,16687.0,390,1,157.63,2,2,1,221,Lost Customer
4302,16688.0,0,4,1260.86,5,4,4,544,Champion
4303,16689.0,75,2,422.59999999999997,3,2,2,322,Lost Customer
4304,16690.0,71,4,353.03,3,4,2,342,Loyal Customer
4305,16691.0,417,2,178.83,1,2,1,121,Lost Customer
4306,16692.0,255,4,1914.6999999999998,2,4,4,244,At Risk
4307,16693.0,68,5,1179.48,3,4,3,343,Loyal Customer
4308,16694.0,722,1,98.30000000000001,1,2,1,121,Lost Customer
4309,16695.0,561,2,191.9,1,2,1,121,Lost Customer
4310,16696.0,134,4,657.9000000000001,3,4,3,343,Loyal Customer
4311,16697.0,240,1,112.75,2,2,1,221,Lost Customer
4312,16698.0,226,2,1998.0,2,2,4,224,Lost Customer
4313,16699.0,379,7,994.6,2,4,3,243,At Risk
4314,16700.0,8,25,8830.77,5,5,5,555,Champion
4315,16701.0,8,26,9916.73,5,5,5,555,Champion
4316,16702.0,414,4,1110.83,1,4,3,143,At Risk
4317,16704.0,617,2,664.16,1,2,3,123,Lost Customer
4318,16705.0,0,42,43515.051,5,5,5,555,Champion
4319,16706.0,36,3,531.35,4,3,2,432,Loyal Customer
4320,16707.0,399,4,533.41,2,4,2,242,At Risk
4321,16708.0,45,1,656.63,4,2,3,423,Potential Loyalist
4322,16709.0,84,14,9056.01,3,5,5,355,Loyal Customer
4323,16710.0,18,22,5921.35,5,5,5,555,Champion
4324,16711.0,2,9,2868.48,5,5,4,554,Champion
4325,16712.0,8,13,4232.87,5,5,5,555,Champion
4326,16713.0,18,32,14115.56,5,5,5,555,Champion
4327,16714.0,218,4,1497.33,2,4,4,244,At Risk
4328,16715.0,77,2,625.52,3,2,3,323,Lost Customer
4329,16716.0,266,3,2149.6800000000003,2,3,4,234,At Risk
4330,16717.0,23,14,6663.68,4,5,5,455,Champion
4331,16718.0,368,5,3006.08,2,4,5,245,At Risk
4332,16719.0,14,14,3513.62,5,5,5,555,Champion
4333,16720.0,25,3,758.74,4,3,3,433,Loyal Customer
4334,16721.0,261,1,292.47,2,2,2,222,Lost Customer
4335,16722.0,16,22,8189.56,5,5,5,555,Champion
4336,16723.0,90,4,1231.36,3,4,4,344,Loyal Customer
4337,16724.0,404,1,147.35,2,2,1,221,Lost Customer
4338,16725.0,301,14,1688.26,2,5,4,254,At Risk
4339,16726.0,25,7,2063.88,4,4,4,444,Champion
4340,16727.0,363,4,1377.77,2,4,4,244,At Risk
4341,16728.0,45,4,1048.28,4,4,3,443,Loyal Customer
4342,16729.0,37,21,7205.33,4,5,5,455,Champion
4343,16730.0,51,3,743.11,4,3,3,433,Loyal Customer
4344,16731.0,647,1,170.3,1,2,1,121,Lost Customer
4345,16732.0,31,4,4387.64,4,4,5,445,Champion
4346,16733.0,529,1,259.68,1,2,1,121,Lost Customer
4347,16734.0,51,3,646.76,4,3,3,433,Loyal Customer
4348,16735.0,78,14,6217.41,3,5,5,355,Loyal Customer
4349,16736.0,505,5,2956.56,1,4,5,145,At Risk
4350,16737.0,52,2,835.1999999999999,4,2,3,423,Potential Loyalist
4351,16738.0,297,1,3.75,2,2,1,221,Lost Customer
4352,16739.0,176,2,786.43,3,2,3,323,Lost Customer
4353,16740.0,394,1,226.91,2,2,1,221,Lost Customer
4354,16741.0,624,1,173.06,1,2,1,121,Lost Customer
4355,16742.0,46,14,2799.87,4,5,4,454,Champion
4356,16743.0,28,14,4212.15,4,5,5,455,Champion
4357,16744.0,10,7,1291.91,5,4,4,544,Champion
4358,16745.0,86,17,7180.7,3,5,5,355,Loyal Customer
4359,16746.0,4,42,18046.75,5,5,5,555,Champion
4360,16747.0,37,2,836.06,4,2,3,423,Potential Loyalist
4361,16748.0,17,14,3637.33,5,5,5,555,Champion
4362,16749.0,590,2,4157.88,1,2,5,125,Lost Customer
4363,16750.0,44,5,623.93,4,4,3,443,Loyal Customer
4364,16751.0,30,1,1764.72,4,2,4,424,Potential Loyalist
4365,16752.0,372,1,207.5,2,2,1,221,Lost Customer
4366,16753.0,57,1,223.92000000000002,4,2,1,421,Potential Loyalist
4367,16754.0,371,29,65500.07,2,5,5,255,At Risk
4368,16755.0,113,7,2864.68,3,4,4,344,Loyal Customer
4369,16756.0,214,7,1312.3700000000001,2,4,4,244,At Risk
4370,16757.0,318,2,270.48,2,2,1,221,Lost Customer
4371,16758.0,64,1,369.34000000000003,3,2,2,322,Lost Customer
4372,16759.0,7,3,789.79,5,3,3,533,Loyal Customer
4373,16760.0,429,1,228.0,1,2,1,121,Lost Customer
4374,16761.0,96,1,316.62,3,2,2,322,Lost Customer
4375,16762.0,19,3,1207.24,4,3,3,433,Loyal Customer
4376,16763.0,198,2,964.6999999999999,2,2,3,223,Lost Customer
4377,16764.0,3,13,2790.9500000000003,5,5,4,554,Champion
4378,16765.0,293,2,454.75,2,2,2,222,Lost Customer
4379,16766.0,272,2,1145.6,2,2,3,223,Lost Customer
4380,16767.0,30,15,8056.76,4,5,5,455,Champion
4381,16768.0,47,9,1698.57,4,5,4,454,Champion
4382,16769.0,259,4,1117.05,2,4,3,243,At Risk
4383,16770.0,57,9,1778.93,4,5,4,454,Champion
4384,16771.0,32,10,3949.6,4,5,5,455,Champion
4385,16772.0,422,3,3698.0499999999997,1,3,5,135,At Risk
4386,16773.0,56,3,421.24,4,3,2,432,Loyal Customer
4387,16774.0,67,8,1567.48,3,5,4,354,Loyal Customer
4388,16775.0,9,16,2820.84,5,5,4,554,Champion
4389,16776.0,59,2,592.51,3,2,2,322,Lost Customer
4390,16777.0,79,5,1292.18,3,4,4,344,Loyal Customer
4391,16778.0,73,2,245.94,3,2,1,321,Lost Customer
4392,16779.0,1,53,32809.03,5,5,5,555,Champion
4393,16780.0,99,3,596.4,3,3,2,332,Loyal Customer
4394,16781.0,371,2,623.0,2,2,3,223,Lost Customer
4395,16782.0,9,38,9636.12,5,5,5,555,Champion
4396,16783.0,436,1,391.95,1,2,2,122,Lost Customer
4397,16784.0,19,5,892.33,4,4,3,443,Loyal Customer
4398,16785.0,409,1,533.78,2,2,2,222,Lost Customer
4399,16786.0,393,1,51.839999999999996,2,2,1,221,Lost Customer
4400,16787.0,397,4,1017.53,2,4,3,243,At Risk
4401,16788.0,122,5,1928.93,3,4,4,344,Loyal Customer
4402,16789.0,7,1,80.8,5,2,1,521,Potential Loyalist
4403,16790.0,3,6,1545.6200000000001,5,4,4,544,Champion
4404,16791.0,28,15,3957.63,4,5,5,455,Champion
4405,16792.0,281,5,623.46,2,4,3,243,At Risk
4406,16793.0,56,1,243.84,4,2,1,421,Potential Loyalist
4407,16794.0,0,15,2052.7,5,5,4,554,Champion
4408,16795.0,364,3,2062.41,2,3,4,234,At Risk
4409,16796.0,88,1,305.62,3,2,2,322,Lost Customer
4410,16797.0,392,5,1802.02,2,4,4,244,At Risk
4411,16798.0,553,3,841.16,1,3,3,133,At Risk
4412,16799.0,431,2,452.78000000000003,1,2,2,122,Lost Customer
4413,16800.0,10,1,1162.65,5,2,3,523,Potential Loyalist
4414,16801.0,162,4,1594.23,3,4,4,344,Loyal Customer
4415,16802.0,678,2,582.61,1,2,2,122,Lost Customer
4416,16803.0,64,1,332.3,3,2,2,322,Lost Customer
4417,16804.0,22,3,536.99,4,3,2,432,Loyal Customer
4418,16805.0,173,5,1091.34,3,4,3,343,Loyal Customer
4419,16806.0,102,4,762.16,3,4,3,343,Loyal Customer
4420,16807.0,142,6,2123.88,3,4,4,344,Loyal Customer
4421,16808.0,98,2,288.42,3,2,2,322,Lost Customer
4422,16809.0,22,9,1727.43,4,5,4,454,Champion
4423,16810.0,191,2,842.0400000000001,2,2,3,223,Lost Customer
4424,16811.0,4,2,547.07,5,2,2,522,Potential Loyalist
4425,16812.0,360,4,2392.0,2,4,4,244,At Risk
4426,16813.0,7,10,1652.18,5,5,4,554,Champion
4427,16814.0,13,36,11924.85,5,5,5,555,Champion
4428,16815.0,453,2,406.02,1,2,2,122,Lost Customer
4429,16816.0,102,4,417.06,3,4,2,342,Loyal Customer
4430,16817.0,2,13,2560.7,5,5,4,554,Champion
4431,16818.0,10,11,3349.57,5,5,5,555,Champion
4432,16819.0,464,2,182.59,1,2,1,121,Lost Customer
4433,16820.0,95,1,497.61,3,2,2,322,Lost Customer
4434,16821.0,381,1,113.35,2,2,1,221,Lost Customer
4435,16822.0,685,1,181.39,1,2,1,121,Lost Customer
4436,16823.0,226,7,2243.09,2,4,4,244,At Risk
4437,16824.0,15,3,686.24,5,3,3,533,Loyal Customer
4438,16825.0,38,5,1826.89,4,4,4,444,Champion
4439,16826.0,50,1,341.7,4,2,2,422,Potential Loyalist
4440,16827.0,392,5,392.13,2,4,2,242,At Risk
4441,16828.0,92,2,128.5,3,2,1,321,Lost Customer
4442,16829.0,156,2,513.32,3,3,2,332,Loyal Customer
4443,16830.0,38,4,1207.5,4,4,3,443,Loyal Customer
4444,16831.0,564,1,91.8,1,2,1,121,Lost Customer
4445,16832.0,183,5,417.61,3,4,2,342,Loyal Customer
4446,16833.0,0,6,2409.04,5,4,4,544,Champion
4447,16834.0,227,2,898.96,2,3,3,233,At Risk
4448,16835.0,127,6,1456.66,3,4,4,344,Loyal Customer
4449,16836.0,39,4,782.37,4,4,3,443,Loyal Customer
4450,16837.0,30,11,3170.98,4,5,5,455,Champion
4451,16838.0,196,4,1159.61,2,4,3,243,At Risk
4452,16839.0,8,44,21758.25,5,5,5,555,Champion
4453,16840.0,602,2,139.85,1,3,1,131,At Risk
4454,16841.0,36,12,4006.06,4,5,5,455,Champion
4455,16842.0,100,3,1264.19,3,3,4,334,Loyal Customer
4456,16843.0,42,35,19571.43,4,5,5,455,Champion
4457,16844.0,562,2,614.34,1,3,3,133,At Risk
4458,16845.0,617,1,253.88,1,2,1,121,Lost Customer
4459,16846.0,49,3,842.41,4,3,3,433,Loyal Customer
4460,16847.0,42,2,614.89,4,3,3,433,Loyal Customer
4461,16848.0,52,4,1411.62,4,4,4,444,Champion
4462,16849.0,186,1,124.57,3,2,1,321,Lost Customer
4463,16850.0,333,1,332.41,2,2,2,222,Lost Customer
4464,16851.0,3,3,342.45,5,3,2,532,Loyal Customer
4465,16852.0,9,2,144.91000000000003,5,3,1,531,Loyal Customer
4466,16854.0,416,2,1408.96,1,3,4,134,At Risk
4467,16855.0,23,2,328.4,4,3,2,432,Loyal Customer
4468,16856.0,14,3,358.49,5,3,2,532,Loyal Customer
4469,16857.0,442,1,352.8,1,2,2,122,Lost Customer
4470,16858.0,368,10,4292.59,2,5,5,255,At Risk
4471,16859.0,144,7,1932.41,3,4,4,344,Loyal Customer
4472,16860.0,452,3,1610.62,1,3,4,134,At Risk
4473,16861.0,59,5,946.59,3,4,3,343,Loyal Customer
4474,16862.0,546,4,662.33,1,4,3,143,At Risk
4475,16863.0,30,3,834.27,4,3,3,433,Loyal Customer
4476,16864.0,433,2,409.25,1,3,2,132,At Risk
4477,16865.0,401,1,130.95,2,2,1,221,Lost Customer
4478,16866.0,140,3,207.73999999999998,3,3,1,331,Loyal Customer
4479,16867.0,689,1,76.74000000000001,1,2,1,121,Lost Customer
4480,16868.0,393,3,384.56,2,3,2,232,At Risk
4481,16869.0,22,4,817.12,4,4,3,443,Loyal Customer
4482,16870.0,468,1,450.15999999999997,1,2,2,122,Lost Customer
4483,16871.0,21,6,2812.34,4,4,4,444,Champion
4484,16872.0,76,6,1213.13,3,4,3,343,Loyal Customer
4485,16873.0,4,12,14617.39,5,5,5,555,Champion
4486,16874.0,378,1,209.89000000000001,2,2,1,221,Lost Customer
4487,16875.0,66,11,4234.53,3,5,5,355,Loyal Customer
4488,16876.0,403,1,136.01,2,2,1,221,Lost Customer
4489,16877.0,11,6,846.62,5,4,3,543,Loyal Customer
4490,16878.0,83,1,13.3,3,2,1,321,Lost Customer
4491,16880.0,30,8,1813.21,4,5,4,454,Champion
4492,16881.0,66,1,432.0,3,2,2,322,Lost Customer
4493,16882.0,66,3,705.12,3,3,3,333,Loyal Customer
4494,16883.0,186,19,2246.06,3,5,4,354,Loyal Customer
4495,16884.0,37,4,1070.97,4,4,3,443,Loyal Customer
4496,16885.0,14,4,684.6,5,4,3,543,Loyal Customer
4497,16886.0,455,1,134.0,1,2,1,121,Lost Customer
4498,16887.0,34,3,658.17,4,3,3,433,Loyal Customer
4499,16888.0,400,3,434.2,2,3,2,232,At Risk
4500,16889.0,194,6,2526.65,2,4,4,244,At Risk
4501,16890.0,476,3,285.41,1,3,2,132,At Risk
4502,16891.0,1,11,1727.94,5,5,4,554,Champion
4503,16892.0,0,7,754.75,5,4,3,543,Loyal Customer
4504,16893.0,366,2,249.89000000000001,2,3,1,231,At Risk
4505,16894.0,501,3,1306.96,1,3,4,134,At Risk
4506,16895.0,64,5,1102.9,3,4,3,343,Loyal Customer
4507,16896.0,554,1,103.95,1,2,1,121,Lost Customer
4508,16897.0,298,2,289.78,2,3,2,232,At Risk
4509,16898.0,25,5,885.21,4,4,3,443,Loyal Customer
4510,16899.0,7,8,1695.77,5,5,4,554,Champion
4511,16900.0,16,3,887.11,5,3,3,533,Loyal Customer
4512,16901.0,728,1,204.26,1,2,1,121,Lost Customer
4513,16902.0,115,1,1706.88,3,2,4,324,Lost Customer
4514,16903.0,28,3,1041.75,4,3,3,433,Loyal Customer
4515,16904.0,3,21,4675.36,5,5,5,555,Champion
4516,16905.0,4,17,4706.77,5,5,5,555,Champion
4517,16906.0,81,7,1410.92,3,4,4,344,Loyal Customer
4518,16907.0,28,9,1470.89,4,5,4,454,Champion
4519,16908.0,721,1,252.59,1,2,1,121,Lost Customer
4520,16909.0,71,1,379.14,3,2,2,322,Lost Customer
4521,16910.0,3,8,1508.96,5,5,4,554,Champion
4522,16911.0,635,2,255.25,1,3,1,131,At Risk
4523,16912.0,28,15,4460.51,4,5,5,455,Champion
4524,16913.0,289,3,423.90999999999997,2,3,2,232,At Risk
4525,16914.0,35,1,183.76,4,2,1,421,Potential Loyalist
4526,16915.0,8,11,1543.18,5,5,4,554,Champion
4527,16916.0,23,4,902.02,4,4,3,443,Loyal Customer
4528,16917.0,276,2,1851.88,2,3,4,234,At Risk
4529,16918.0,49,16,3206.54,4,5,5,455,Champion
4530,16919.0,155,24,4909.66,3,5,5,355,Loyal Customer
4531,16920.0,410,1,355.45,2,2,2,222,Lost Customer
4532,16921.0,60,3,409.21,3,3,2,332,Loyal Customer
4533,16922.0,572,1,611.08,1,2,3,123,Lost Customer
4534,16923.0,11,32,13157.130000000001,5,5,5,555,Champion
4535,16924.0,20,3,829.89,4,3,3,433,Loyal Customer
4536,16925.0,539,1,125.65,1,2,1,121,Lost Customer
4537,16926.0,370,5,1169.6100000000001,2,4,3,243,At Risk
4538,16927.0,115,3,543.05,3,3,2,332,Loyal Customer
4539,16928.0,79,29,3897.5299999999997,3,5,5,355,Loyal Customer
4540,16929.0,3,7,1295.39,5,4,4,544,Champion
4541,16930.0,25,3,378.89,4,3,2,432,Loyal Customer
4542,16931.0,4,23,5032.22,5,5,5,555,Champion
4543,16932.0,52,3,412.55,4,3,2,432,Loyal Customer
4544,16933.0,0,9,3099.3,5,5,5,555,Champion
4545,16934.0,54,6,2083.14,4,4,4,444,Champion
4546,16935.0,381,3,530.86,2,3,2,232,At Risk
4547,16936.0,25,2,548.29,4,3,2,432,Loyal Customer
4548,16937.0,498,1,196.25,1,2,1,121,Lost Customer
4549,16938.0,8,9,6995.360000000001,5,5,5,555,Champion
4550,16939.0,488,3,433.85,1,3,2,132,At Risk
4551,16940.0,51,8,6427.66,4,5,5,455,Champion
4552,16941.0,611,1,33.0,1,2,1,121,Lost Customer
4553,16942.0,12,9,1904.99,5,5,4,554,Champion
4554,16943.0,211,5,1299.49,2,4,4,244,At Risk
4555,16944.0,609,1,101.36,1,2,1,121,Lost Customer
4556,16945.0,21,33,8548.16,4,5,5,455,Champion
4557,16946.0,382,5,1222.04,2,4,4,244,At Risk
4558,16947.0,235,5,955.21,2,4,3,243,At Risk
4559,16948.0,138,7,868.77,3,4,3,343,Loyal Customer
4560,16949.0,3,6,1286.27,5,4,4,544,Champion
4561,16950.0,56,10,3541.77,4,5,5,455,Champion
4562,16951.0,134,3,1277.75,3,3,4,334,Loyal Customer
4563,16952.0,108,5,795.83,3,4,3,343,Loyal Customer
4564,16953.0,29,1,20.8,4,2,1,421,Potential Loyalist
4565,16954.0,0,20,6081.88,5,5,5,555,Champion
4566,16955.0,184,6,1120.31,3,4,3,343,Loyal Customer
4567,16956.0,17,1,308.74,5,2,2,522,Potential Loyalist
4568,16957.0,238,2,416.64,2,3,2,232,At Risk
4569,16958.0,434,1,778.49,1,2,3,123,Lost Customer
4570,16959.0,86,1,117.35000000000001,3,2,1,321,Lost Customer
4571,16960.0,38,8,1990.88,4,5,4,454,Champion
4572,16961.0,115,3,794.56,3,3,3,333,Loyal Customer
4573,16962.0,409,1,251.04,2,2,1,221,Lost Customer
4574,16963.0,186,1,110.55000000000001,3,2,1,321,Lost Customer
4575,16964.0,732,2,207.85,1,3,1,131,At Risk
4576,16965.0,226,1,201.19,2,2,1,221,Lost Customer
4577,16966.0,7,7,2154.97,5,4,4,544,Champion
4578,16967.0,188,1,319.02,3,2,2,322,Lost Customer
4579,16968.0,3,2,439.43,5,3,2,532,Loyal Customer
4580,16969.0,38,3,650.41,4,3,3,433,Loyal Customer
4581,16970.0,625,1,71.4,1,2,1,121,Lost Customer
4582,16971.0,37,1,357.21,4,2,2,422,Potential Loyalist
4583,16972.0,382,2,749.0,2,3,3,233,At Risk
4584,16973.0,385,1,127.0,2,2,1,221,Lost Customer
4585,16974.0,522,2,365.5,1,3,2,132,At Risk
4586,16975.0,422,3,926.12,1,3,3,133,At Risk
4587,16976.0,266,1,251.51999999999998,2,2,1,221,Lost Customer
4588,16977.0,394,4,496.0,2,4,2,242,At Risk
4589,16978.0,77,3,768.88,3,3,3,333,Loyal Customer
4590,16979.0,3,9,2859.74,5,5,4,554,Champion
4591,16980.0,254,3,1422.8300000000002,2,3,4,234,At Risk
4592,16982.0,60,1,384.06,3,2,2,322,Lost Customer
4593,16983.0,12,11,3490.5299999999997,5,5,5,555,Champion
4594,16984.0,87,9,10350.53,3,5,5,355,Loyal Customer
4595,16985.0,16,23,10923.16,5,5,5,555,Champion
4596,16986.0,29,11,4888.75,4,5,5,455,Champion
4597,16987.0,2,11,2521.4,5,5,4,554,Champion
4598,16988.0,4,2,382.67,5,3,2,532,Loyal Customer
4599,16989.0,6,6,1133.25,5,4,3,543,Loyal Customer
4600,16990.0,218,2,344.0,2,3,2,232,At Risk
4601,16991.0,420,1,1041.21,1,2,3,123,Lost Customer
4602,16992.0,10,13,5476.5,5,5,5,555,Champion
4603,16993.0,463,2,1950.9499999999998,1,3,4,134,At Risk
4604,16996.0,29,9,2123.61,4,5,4,454,Champion
4605,16997.0,287,3,702.0,2,3,3,233,At Risk
4606,16998.0,149,5,402.0,3,4,2,342,Loyal Customer
4607,16999.0,22,2,484.82,4,3,2,432,Loyal Customer
4608,17000.0,395,2,406.3,2,3,2,232,At Risk
4609,17001.0,0,19,6640.8,5,5,5,555,Champion
4610,17002.0,85,7,2571.55,3,4,4,344,Loyal Customer
4611,17003.0,401,4,828.21,2,4,3,243,At Risk
4612,17004.0,45,4,2324.36,4,4,4,444,Champion
4613,17005.0,470,2,622.36,1,3,3,133,At Risk
4614,17006.0,4,8,1635.27,5,5,4,554,Champion
4615,17007.0,50,7,1120.1,4,4,3,443,Loyal Customer
4616,17008.0,428,1,81.36,1,2,1,121,Lost Customer
4617,17009.0,550,1,242.06,1,2,1,121,Lost Customer
4618,17010.0,17,1,195.36,5,2,1,521,Potential Loyalist
4619,17011.0,29,3,671.7,4,3,3,433,Loyal Customer
4620,17012.0,724,1,360.61,1,2,2,122,Lost Customer
4621,17014.0,7,3,583.4300000000001,5,3,2,532,Loyal Customer
4622,17015.0,28,3,1838.6100000000001,4,3,4,434,Loyal Customer
4623,17016.0,576,1,552.4,1,2,2,122,Lost Customer
4624,17017.0,2,29,12576.99,5,5,5,555,Champion
4625,17018.0,40,6,2287.7,4,4,4,444,Champion
4626,17019.0,10,11,3602.29,5,5,5,555,Champion
4627,17020.0,541,2,935.62,1,3,3,133,At Risk
4628,17021.0,441,6,1182.22,1,4,3,143,At Risk
4629,17022.0,30,2,260.0,4,3,1,431,Loyal Customer
4630,17023.0,416,3,800.18,1,3,3,133,At Risk
4631,17024.0,44,3,95.85,4,3,1,431,Loyal Customer
4632,17025.0,60,5,1349.67,3,4,4,344,Loyal Customer
4633,17026.0,184,3,175.82999999999998,3,3,1,331,Loyal Customer
4634,17027.0,78,9,1310.63,3,5,4,354,Loyal Customer
4635,17028.0,580,3,1593.83,1,3,4,134,At Risk
4636,17029.0,110,7,2137.3,3,4,4,344,Loyal Customer
4637,17030.0,63,1,146.87,3,2,1,321,Lost Customer
4638,17031.0,11,6,2773.85,5,4,4,544,Champion
4639,17032.0,547,8,2984.32,1,5,5,155,At Risk
4640,17033.0,85,4,1332.79,3,4,4,344,Loyal Customer
4641,17034.0,15,5,1276.42,5,4,4,544,Champion
4642,17035.0,245,4,613.59,2,4,3,243,At Risk
4643,17036.0,382,1,176.9,2,2,1,221,Lost Customer
4644,17037.0,87,1,1267.32,3,2,4,324,Lost Customer
4645,17038.0,29,2,743.17,4,3,3,433,Loyal Customer
4646,17039.0,603,1,1954.99,1,2,4,124,Lost Customer
4647,17040.0,137,2,463.25,3,3,2,332,Loyal Customer
4648,17041.0,26,6,1655.2,4,4,4,444,Champion
4649,17042.0,2,5,1036.58,5,4,3,543,Loyal Customer
4650,17043.0,31,8,2593.65,4,5,4,454,Champion
4651,17044.0,24,12,11962.3,4,5,5,455,Champion
4652,17045.0,112,5,827.6800000000001,3,4,3,343,Loyal Customer
4653,17046.0,156,5,1906.07,3,4,4,344,Loyal Customer
4654,17047.0,84,6,2289.23,3,4,4,344,Loyal Customer
4655,17048.0,117,7,2071.68,3,4,4,344,Loyal Customer
4656,17049.0,2,19,9942.53,5,5,5,555,Champion
4657,17050.0,95,11,4648.59,3,5,5,355,Loyal Customer
4658,17051.0,193,4,706.49,2,4,3,243,At Risk
4659,17052.0,27,1,399.09,4,2,2,422,Potential Loyalist
4660,17053.0,130,1,498.48,3,2,2,322,Lost Customer
4661,17054.0,27,5,1356.33,4,4,4,444,Champion
4662,17055.0,445,1,232.85,1,2,1,121,Lost Customer
4663,17056.0,737,1,128.60000000000002,1,2,1,121,Lost Customer
4664,17057.0,595,1,294.74,1,2,2,122,Lost Customer
4665,17058.0,81,3,1179.89,3,3,3,333,Loyal Customer
4666,17059.0,29,9,4864.57,4,5,5,455,Champion
4667,17060.0,265,1,234.24,2,2,1,221,Lost Customer
4668,17061.0,73,11,5232.2300000000005,3,5,5,355,Loyal Customer
4669,17062.0,313,6,889.75,2,4,3,243,At Risk
4670,17063.0,20,13,3638.53,4,5,5,455,Champion
4671,17064.0,58,3,855.45,4,3,3,433,Loyal Customer
4672,17065.0,637,2,194.7,1,3,1,131,At Risk
4673,17066.0,725,1,228.34,1,2,1,121,Lost Customer
4674,17067.0,724,3,454.54,1,3,2,132,At Risk
4675,17068.0,11,47,8987.68,5,5,5,555,Champion
4676,17069.0,27,14,5517.2300000000005,4,5,5,455,Champion
4677,17070.0,113,2,437.42,3,3,2,332,Loyal Customer
4678,17071.0,27,13,3793.71,4,5,5,455,Champion
4679,17072.0,624,1,273.35,1,2,1,121,Lost Customer
4680,17073.0,17,4,1446.09,5,4,4,544,Champion
4681,17074.0,562,1,203.05,1,2,1,121,Lost Customer
4682,17075.0,17,10,2236.63,5,5,4,554,Champion
4683,17076.0,35,6,1242.75,4,4,4,444,Champion
4684,17077.0,577,1,306.0,1,2,2,122,Lost Customer
4685,17078.0,35,2,378.2,4,3,2,432,Loyal Customer
4686,17079.0,77,1,118.80000000000001,3,2,1,321,Lost Customer
4687,17080.0,21,7,957.53,4,4,3,443,Loyal Customer
4688,17081.0,24,6,949.39,4,4,3,443,Loyal Customer
4689,17082.0,32,6,4732.03,4,4,5,445,Champion
4690,17083.0,108,9,4049.79,3,5,5,355,Loyal Customer
4691,17084.0,34,3,5001.21,4,3,5,435,Loyal Customer
4692,17085.0,122,28,7847.67,3,5,5,355,Loyal Customer
4693,17086.0,6,6,2050.08,5,4,4,544,Champion
4694,17087.0,737,1,221.53,1,2,1,121,Lost Customer
4695,17088.0,27,4,1991.01,4,4,4,444,Champion
4696,17089.0,385,1,128.45,2,2,1,221,Lost Customer
4697,17090.0,3,13,3080.1800000000003,5,5,5,555,Champion
4698,17091.0,2,19,7495.75,5,5,5,555,Champion
4699,17092.0,49,11,5511.41,4,5,5,455,Champion
4700,17093.0,592,1,235.88,1,2,1,121,Lost Customer
4701,17094.0,321,2,402.20000000000005,2,3,2,232,At Risk
4702,17095.0,22,7,2572.25,4,4,4,444,Champion
4703,17096.0,14,11,3697.93,5,5,5,555,Champion
4704,17097.0,1,9,1143.36,5,5,3,553,Loyal Customer
4705,17098.0,381,3,591.0699999999999,2,3,2,232,At Risk
4706,17099.0,532,1,582.17,1,2,2,122,Lost Customer
4707,17100.0,17,2,971.74,5,3,3,533,Loyal Customer
4708,17101.0,9,7,2507.05,5,4,4,544,Champion
4709,17102.0,261,1,25.5,2,2,1,221,Lost Customer
4710,17103.0,721,1,424.3,1,2,2,122,Lost Customer
4711,17104.0,423,1,474.03,1,2,2,122,Lost Customer
4712,17105.0,158,2,665.78,3,3,3,333,Loyal Customer
4713,17106.0,388,1,481.58,2,2,2,222,Lost Customer
4714,17107.0,32,10,16052.72,4,5,5,455,Champion
4715,17108.0,663,1,174.95,1,2,1,121,Lost Customer
4716,17109.0,28,8,1291.71,4,5,4,454,Champion
4717,17110.0,164,3,499.9,3,3,2,332,Loyal Customer
4718,17111.0,46,2,459.58,4,3,2,432,Loyal Customer
4719,17112.0,502,1,197.57,1,2,1,121,Lost Customer
4720,17113.0,573,6,2305.59,1,4,4,144,At Risk
4721,17114.0,5,8,801.12,5,5,3,553,Loyal Customer
4722,17115.0,7,7,2761.4900000000002,5,4,4,544,Champion
4723,17116.0,647,1,389.78,1,2,2,122,Lost Customer
4724,17117.0,287,1,116.19999999999999,2,2,1,221,Lost Customer
4725,17118.0,317,1,157.02,2,2,1,221,Lost Customer
4726,17119.0,2,2,606.91,5,3,2,532,Loyal Customer
4727,17120.0,232,1,307.46,2,2,2,222,Lost Customer
4728,17121.0,402,1,314.74,2,2,2,222,Lost Customer
4729,17122.0,118,4,570.5,3,4,2,342,Loyal Customer
4730,17123.0,161,3,977.17,3,3,3,333,Loyal Customer
4731,17124.0,184,1,294.24,3,2,2,322,Lost Customer
4732,17125.0,49,1,230.5,4,2,1,421,Potential Loyalist
4733,17126.0,151,9,2016.43,3,5,4,354,Loyal Customer
4734,17127.0,428,5,1155.0300000000002,1,4,3,143,At Risk
4735,17128.0,334,1,157.09,2,2,1,221,Lost Customer
4736,17129.0,519,1,31.85,1,2,1,121,Lost Customer
4737,17131.0,4,5,2463.17,5,4,4,544,Champion
4738,17132.0,451,2,1220.9099999999999,1,3,4,134,At Risk
4739,17133.0,15,12,14622.33,5,5,5,555,Champion
4740,17134.0,106,3,625.3,3,3,3,333,Loyal Customer
4741,17135.0,15,10,1722.18,5,5,4,554,Champion
4742,17136.0,661,1,231.68,1,2,1,121,Lost Customer
4743,17137.0,415,6,1099.81,1,4,3,143,At Risk
4744,17138.0,275,7,4417.27,2,4,5,245,At Risk
4745,17139.0,15,25,19566.76,5,5,5,555,Champion
4746,17140.0,246,1,454.12,2,2,2,222,Lost Customer
4747,17141.0,417,4,727.58,1,4,3,143,At Risk
4748,17142.0,238,4,1275.25,2,4,4,244,At Risk
4749,17143.0,416,2,880.97,1,3,3,133,At Risk
4750,17144.0,0,2,984.57,5,3,3,533,Loyal Customer
4751,17145.0,512,4,3120.91,1,4,5,145,At Risk
4752,17146.0,105,13,5852.64,3,5,5,355,Loyal Customer
4753,17147.0,22,9,3199.95,4,5,5,455,Champion
4754,17148.0,51,1,124.88,4,2,1,421,Potential Loyalist
4755,17149.0,450,1,143.10000000000002,1,2,1,121,Lost Customer
4756,17150.0,376,6,1357.95,2,4,4,244,At Risk
4757,17151.0,734,1,231.90000000000003,1,2,1,121,Lost Customer
4758,17152.0,194,4,2016.5,2,4,4,244,At Risk
4759,17153.0,23,1,213.78,4,2,1,421,Potential Loyalist
4760,17154.0,74,1,329.34,3,2,2,322,Lost Customer
4761,17155.0,17,7,892.46,5,4,3,543,Loyal Customer
4762,17156.0,491,1,591.87,1,2,2,122,Lost Customer
4763,17157.0,7,19,5151.9,5,5,5,555,Champion
4764,17158.0,31,5,1980.0,4,4,4,444,Champion
4765,17159.0,21,5,2099.59,4,4,4,444,Champion
4766,17160.0,30,17,10209.16,4,5,5,455,Champion
4767,17161.0,443,1,856.01,1,2,3,123,Lost Customer
4768,17162.0,28,10,1715.46,4,5,4,454,Champion
4769,17163.0,21,4,699.78,4,4,3,443,Loyal Customer
4770,17164.0,32,7,2467.35,4,4,4,444,Champion
4771,17165.0,283,6,1794.32,2,4,4,244,At Risk
4772,17166.0,38,2,206.34,4,3,1,431,Loyal Customer
4773,17167.0,379,3,867.11,2,3,3,233,At Risk
4774,17168.0,498,1,400.2,1,2,2,122,Lost Customer
4775,17169.0,57,3,1156.73,4,3,3,433,Loyal Customer
4776,17170.0,373,2,178.68,2,3,1,231,At Risk
4777,17171.0,288,2,384.59,2,3,2,232,At Risk
4778,17172.0,78,3,956.5699999999999,3,3,3,333,Loyal Customer
4779,17173.0,4,8,3766.6,5,5,5,555,Champion
4780,17174.0,217,1,59.9,2,2,1,221,Lost Customer
4781,17175.0,43,4,1443.69,4,4,4,444,Champion
4782,17176.0,201,3,902.3199999999999,2,3,3,233,At Risk
4783,17177.0,504,1,119.5,1,2,1,121,Lost Customer
4784,17178.0,730,1,432.96,1,2,2,122,Lost Customer
4785,17179.0,177,6,1507.26,3,4,4,344,Loyal Customer
4786,17180.0,55,11,2236.77,4,5,4,454,Champion
4787,17181.0,56,3,309.85,4,3,2,432,Loyal Customer
4788,17182.0,422,2,321.3,1,3,2,132,At Risk
4789,17183.0,7,6,3347.31,5,4,5,545,Champion
4790,17184.0,568,2,198.41000000000003,1,3,1,131,At Risk
4791,17185.0,591,3,229.46,1,3,1,131,At Risk
4792,17186.0,46,2,144.0,4,3,1,431,Loyal Customer
4793,17187.0,226,2,467.71,2,3,2,232,At Risk
4794,17188.0,10,13,4592.93,5,5,5,555,Champion
4795,17189.0,105,5,953.63,3,4,3,343,Loyal Customer
4796,17190.0,58,7,1726.57,4,4,4,444,Champion
4797,17191.0,27,15,4310.34,4,5,5,455,Champion
4798,17192.0,535,1,75.28,1,2,1,121,Lost Customer
4799,17193.0,35,9,2310.04,4,5,4,454,Champion
4800,17194.0,273,3,812.5,2,3,3,233,At Risk
4801,17195.0,654,1,562.98,1,2,2,122,Lost Customer
4802,17196.0,427,1,327.75,1,2,2,122,Lost Customer
4803,17197.0,29,1,1013.01,4,2,3,423,Potential Loyalist
4804,17198.0,23,3,692.22,4,3,3,433,Loyal Customer
4805,17199.0,581,1,135.04000000000002,1,2,1,121,Lost Customer
4806,17200.0,386,4,356.71,2,4,2,242,At Risk
4807,17201.0,53,4,1143.1,4,4,3,443,Loyal Customer
4808,17202.0,420,1,160.65,1,2,1,121,Lost Customer
4809,17203.0,35,10,5564.09,4,5,5,455,Champion
4810,17204.0,174,9,5504.6900000000005,3,5,5,355,Loyal Customer
4811,17205.0,53,3,999.35,4,3,3,433,Loyal Customer
4812,17206.0,52,1,204.24,4,2,1,421,Potential Loyalist
4813,17207.0,651,1,292.62,1,2,2,122,Lost Customer
4814,17208.0,395,1,111.15,2,2,1,221,Lost Customer
4815,17209.0,648,3,595.7,1,3,2,132,At Risk
4816,17210.0,392,1,251.72,2,2,1,221,Lost Customer
4817,17211.0,26,13,3773.35,4,5,5,455,Champion
4818,17212.0,252,3,794.41,2,3,3,233,At Risk
4819,17213.0,39,13,4869.400000000001,4,5,5,455,Champion
4820,17214.0,59,6,1059.1200000000001,3,4,3,343,Loyal Customer
4821,17215.0,463,1,186.15,1,2,1,121,Lost Customer
4822,17216.0,553,1,63.6,1,2,1,121,Lost Customer
4823,17217.0,233,2,210.1,2,3,1,231,At Risk
4824,17218.0,3,18,3891.39,5,5,5,555,Champion
4825,17219.0,31,2,259.13,4,3,1,431,Loyal Customer
4826,17220.0,23,21,4457.31,4,5,5,455,Champion
4827,17221.0,6,5,976.62,5,4,3,543,Loyal Customer
4828,17222.0,64,6,1579.51,3,4,4,344,Loyal Customer
4829,17223.0,309,3,558.04,2,3,2,232,At Risk
4830,17224.0,500,1,100.86,1,2,1,121,Lost Customer
4831,17225.0,581,1,131.15,1,2,1,121,Lost Customer
4832,17226.0,308,3,895.47,2,3,3,233,At Risk
4833,17227.0,18,12,1878.93,5,5,4,554,Champion
4834,17228.0,15,13,2820.03,5,5,4,554,Champion
4835,17229.0,95,2,318.76,3,3,2,332,Loyal Customer
4836,17230.0,263,18,9388.49,2,5,5,255,At Risk
4837,17231.0,11,25,7064.8,5,5,5,555,Champion
4838,17232.0,2,2,417.77,5,3,2,532,Loyal Customer
4839,17233.0,34,3,560.86,4,3,2,432,Loyal Customer
4840,17234.0,182,1,149.89000000000001,3,2,1,321,Lost Customer
4841,17235.0,24,8,1562.98,4,5,4,454,Champion
4842,17236.0,12,12,1929.26,5,5,4,554,Champion
4843,17237.0,10,4,994.13,5,4,3,543,Loyal Customer
4844,17238.0,2,32,7331.67,5,5,5,555,Champion
4845,17239.0,312,4,1189.45,2,4,3,243,At Risk
4846,17240.0,595,1,130.6,1,2,1,121,Lost Customer
4847,17241.0,384,12,2736.64,2,5,4,254,At Risk
4848,17242.0,107,5,2889.28,3,4,4,344,Loyal Customer
4849,17243.0,0,69,20203.58,5,5,5,555,Champion
4850,17244.0,52,5,1826.04,4,4,4,444,Champion
4851,17245.0,204,2,371.63,2,3,2,232,At Risk
4852,17246.0,546,2,38.92,1,3,1,131,At Risk
4853,17247.0,14,1,280.09000000000003,5,2,1,521,Potential Loyalist
4854,17248.0,119,2,500.54,3,3,2,332,Loyal Customer
4855,17249.0,428,1,68.03,1,2,1,121,Lost Customer
4856,17250.0,3,2,381.97,5,3,2,532,Loyal Customer
4857,17251.0,362,3,798.98,2,3,3,233,At Risk
4858,17252.0,116,2,348.91,3,3,2,332,Loyal Customer
4859,17253.0,17,1,178.26,5,2,1,521,Potential Loyalist
4860,17254.0,4,3,469.48,5,3,2,532,Loyal Customer
4861,17255.0,40,4,781.7,4,4,3,443,Loyal Customer
4862,17256.0,106,5,498.93,3,4,2,342,Loyal Customer
4863,17257.0,435,2,189.78,1,3,1,131,At Risk
4864,17258.0,396,2,417.3,2,3,2,232,At Risk
4865,17259.0,147,6,1452.39,3,4,4,344,Loyal Customer
4866,17260.0,410,1,120.95,2,2,1,221,Lost Customer
4867,17261.0,509,1,221.59,1,2,1,121,Lost Customer
4868,17262.0,51,11,2488.76,4,5,4,454,Champion
4869,17263.0,207,1,63.440000000000005,2,2,1,221,Lost Customer
4870,17264.0,423,1,268.28,1,2,1,121,Lost Customer
4871,17265.0,138,2,550.01,3,3,2,332,Loyal Customer
4872,17266.0,1,5,501.71999999999997,5,4,2,542,Loyal Customer
4873,17267.0,126,2,317.2,3,3,2,332,Loyal Customer
4874,17268.0,107,11,1733.8899999999999,3,5,4,354,Loyal Customer
4875,17269.0,385,1,491.81,2,2,2,222,Lost Customer
4876,17270.0,468,2,601.4499999999999,1,3,2,132,At Risk
4877,17271.0,735,1,204.3,1,2,1,121,Lost Customer
4878,17272.0,41,4,2148.63,4,4,4,444,Champion
4879,17273.0,423,1,141.12,1,2,1,121,Lost Customer
4880,17274.0,34,2,573.22,4,3,2,432,Loyal Customer
4881,17275.0,382,1,114.1,2,2,1,221,Lost Customer
4882,17276.0,401,1,502.49,2,2,2,222,Lost Customer
4883,17277.0,227,2,1065.3500000000001,2,3,3,233,At Risk
4884,17278.0,240,2,271.24,2,3,1,231,At Risk
4885,17279.0,57,1,187.82999999999998,4,2,1,421,Potential Loyalist
4886,17280.0,437,1,118.85999999999999,1,2,1,121,Lost Customer
4887,17281.0,373,6,797.8499999999999,2,4,3,243,At Risk
4888,17282.0,129,5,2308.54,3,4,4,344,Loyal Customer
4889,17283.0,378,1,188.46,2,2,1,221,Lost Customer
4890,17284.0,59,8,2788.06,3,5,4,354,Loyal Customer
4891,17285.0,627,2,407.94,1,3,2,132,At Risk
4892,17286.0,21,3,389.18,4,3,2,432,Loyal Customer
4893,17287.0,25,21,3826.86,4,5,5,455,Champion
4894,17288.0,8,11,2468.43,5,5,4,554,Champion
4895,17289.0,31,9,2041.8,4,5,4,454,Champion
4896,17290.0,3,8,1487.96,5,5,4,554,Champion
4897,17291.0,307,1,550.8000000000001,2,2,2,222,Lost Customer
4898,17292.0,471,2,271.75,1,3,1,131,At Risk
4899,17293.0,7,17,3750.63,5,5,5,555,Champion
4900,17294.0,668,2,467.78999999999996,1,3,2,132,At Risk
4901,17295.0,28,3,547.0,4,3,2,432,Loyal Customer
4902,17296.0,729,1,338.13,1,2,2,122,Lost Customer
4903,17297.0,16,1,128.18,5,2,1,521,Potential Loyalist
4904,17298.0,100,5,954.26,3,4,3,343,Loyal Customer
4905,17299.0,11,6,993.23,5,4,3,543,Loyal Customer
4906,17300.0,390,2,393.64,2,3,2,232,At Risk
4907,17301.0,20,2,294.39,4,3,2,432,Loyal Customer
4908,17302.0,14,5,1135.63,5,4,3,543,Loyal Customer
4909,17303.0,360,1,250.04,2,2,1,221,Lost Customer
4910,17304.0,533,1,111.5,1,2,1,121,Lost Customer
4911,17305.0,648,1,2135.46,1,2,4,124,Lost Customer
4912,17306.0,10,21,9782.35,5,5,5,555,Champion
4913,17307.0,394,11,3999.8900000000003,2,5,5,255,At Risk
4914,17308.0,392,2,4511.76,2,3,5,235,At Risk
4915,17309.0,94,3,320.39,3,3,2,332,Loyal Customer
4916,17310.0,386,2,1025.1,2,3,3,233,At Risk
4917,17311.0,77,6,3566.56,3,4,5,345,Loyal Customer
4918,17312.0,138,3,644.3,3,3,3,333,Loyal Customer
4919,17313.0,30,1,2328.84,4,2,4,424,Potential Loyalist
4920,17314.0,24,17,4904.43,4,5,5,455,Champion
4921,17315.0,1,43,9599.58,5,5,5,555,Champion
4922,17316.0,419,1,124.45,1,2,1,121,Lost Customer
4923,17317.0,45,3,2600.34,4,3,4,434,Loyal Customer
4924,17318.0,724,1,157.32999999999998,1,2,1,121,Lost Customer
4925,17319.0,668,1,29.1,1,2,1,121,Lost Customer
4926,17320.0,99,6,2444.85,3,4,4,344,Loyal Customer
4927,17321.0,7,6,1665.21,5,4,4,544,Champion
4928,17322.0,375,5,922.59,2,4,3,243,At Risk
4929,17323.0,14,12,1551.04,5,5,4,554,Champion
4930,17324.0,17,12,2171.07,5,5,4,554,Champion
4931,17325.0,279,3,609.5699999999999,2,3,3,233,At Risk
4932,17326.0,407,2,312.35,2,3,2,232,At Risk
4933,17327.0,409,2,152.35,2,3,1,231,At Risk
4934,17328.0,672,1,104.7,1,2,1,121,Lost Customer
4935,17329.0,13,5,998.53,5,4,3,543,Loyal Customer
4936,17330.0,22,4,423.8,4,4,2,442,Loyal Customer
4937,17331.0,123,1,175.2,3,2,1,321,Lost Customer
4938,17332.0,527,5,838.27,1,4,3,143,At Risk
4939,17333.0,85,1,494.25,3,2,2,322,Lost Customer
4940,17334.0,301,3,635.15,2,3,3,233,At Risk
4941,17335.0,383,2,497.04,2,3,2,232,At Risk
4942,17336.0,471,1,81.12,1,2,1,121,Lost Customer
4943,17337.0,150,4,1981.06,3,4,4,344,Loyal Customer
4944,17338.0,16,17,11889.33,5,5,5,555,Champion
4945,17339.0,93,3,302.36,3,3,2,332,Loyal Customer
4946,17340.0,29,18,19617.95,4,5,5,455,Champion
4947,17341.0,156,5,1272.21,3,4,4,344,Loyal Customer
4948,17342.0,379,4,1227.54,2,4,4,244,At Risk
4949,17343.0,354,6,1259.94,2,4,4,244,At Risk
4950,17344.0,45,2,457.36,4,3,2,432,Loyal Customer
4951,17345.0,14,10,1586.6299999999999,5,5,4,554,Champion
4952,17346.0,3,26,4998.61,5,5,5,555,Champion
4953,17347.0,85,1,228.96,3,2,1,321,Lost Customer
4954,17348.0,14,9,2442.29,5,5,4,554,Champion
4955,17349.0,178,5,772.41,3,4,3,343,Loyal Customer
4956,17350.0,7,7,1893.701,5,4,4,544,Champion
4957,17351.0,35,12,1988.23,4,5,4,454,Champion
4958,17352.0,695,1,36.25,1,2,1,121,Lost Customer
4959,17353.0,128,4,3242.0,3,4,5,345,Loyal Customer
4960,17354.0,50,4,3133.96,4,4,5,445,Champion
4961,17355.0,385,1,273.31,2,2,1,221,Lost Customer
4962,17356.0,311,5,946.47,2,4,3,243,At Risk
4963,17357.0,23,2,384.39,4,3,2,432,Loyal Customer
4964,17358.0,302,5,861.01,2,4,3,243,At Risk
4965,17359.0,10,2,284.46,5,3,1,531,Loyal Customer
4966,17360.0,16,6,1200.51,5,4,3,543,Loyal Customer
4967,17361.0,48,5,871.79,4,4,3,443,Loyal Customer
4968,17362.0,238,7,1024.04,2,4,3,243,At Risk
4969,17363.0,394,3,920.46,2,3,3,233,At Risk
4970,17364.0,0,28,11972.92,5,5,5,555,Champion
4971,17365.0,12,15,8184.49,5,5,5,555,Champion
4972,17366.0,431,2,1077.24,1,3,3,133,At Risk
4973,17367.0,237,1,167.55,2,2,1,221,Lost Customer
4974,17368.0,22,14,2758.29,4,5,4,454,Champion
4975,17369.0,455,1,979.1999999999999,1,2,3,123,Lost Customer
4976,17370.0,72,4,446.18,3,4,2,342,Loyal Customer
4977,17371.0,16,6,655.37,5,4,3,543,Loyal Customer
4978,17372.0,40,28,4347.31,4,5,5,455,Champion
4979,17373.0,39,7,1167.5,4,4,3,443,Loyal Customer
4980,17374.0,218,3,727.11,2,3,3,233,At Risk
4981,17375.0,198,4,660.55,2,4,3,243,At Risk
4982,17376.0,70,4,453.64,3,4,2,342,Loyal Customer
4983,17377.0,23,78,17644.27,4,5,5,455,Champion
4984,17378.0,373,1,10.95,2,2,1,221,Lost Customer
4985,17379.0,10,1,389.71999999999997,5,2,2,522,Potential Loyalist
4986,17380.0,433,3,645.0,1,3,3,133,At Risk
4987,17381.0,8,38,36398.65,5,5,5,555,Champion
4988,17382.0,64,8,902.28,3,5,3,353,Loyal Customer
4989,17383.0,3,2,304.09,5,3,2,532,Loyal Customer
4990,17384.0,18,3,507.55,5,3,2,532,Loyal Customer
4991,17385.0,14,1,256.11,5,2,1,521,Potential Loyalist
4992,17386.0,7,7,2812.77,5,4,4,544,Champion
4993,17387.0,19,2,746.81,4,3,3,433,Loyal Customer
4994,17388.0,77,11,2675.37,3,5,4,354,Loyal Customer
4995,17389.0,0,61,57215.33,5,5,5,555,Champion
4996,17390.0,420,1,149.3,1,2,1,121,Lost Customer
4997,17391.0,163,2,508.8,3,3,2,332,Loyal Customer
4998,17392.0,306,3,585.92,2,3,2,232,At Risk
4999,17393.0,410,2,381.15,2,3,2,232,At Risk
5000,17394.0,218,1,203.86999999999998,2,2,1,221,Lost Customer
5001,17395.0,507,1,97.5,1,2,1,121,Lost Customer
5002,17396.0,38,14,8409.6,4,5,5,455,Champion
5003,17397.0,21,3,1198.28,4,3,3,433,Loyal Customer
5004,17398.0,114,3,653.38,3,3,3,333,Loyal Customer
5005,17400.0,125,8,4623.28,3,5,5,355,Loyal Customer
5006,17401.0,540,1,114.85,1,2,1,121,Lost Customer
5007,17402.0,4,23,4635.5599999999995,5,5,5,555,Champion
5008,17403.0,35,2,382.87,4,3,2,432,Loyal Customer
5009,17404.0,3,23,47781.12,5,5,5,555,Champion
5010,17405.0,0,3,1031.41,5,3,3,533,Loyal Customer
5011,17406.0,332,13,4186.95,2,5,5,255,At Risk
5012,17407.0,411,1,552.9,1,2,2,122,Lost Customer
5013,17408.0,162,3,316.09000000000003,3,3,2,332,Loyal Customer
5014,17409.0,184,10,7793.51,3,5,5,355,Loyal Customer
5015,17410.0,15,5,1214.72,5,4,3,543,Loyal Customer
5016,17411.0,11,5,1425.38,5,4,4,544,Champion
5017,17412.0,2,16,4220.22,5,5,5,555,Champion
5018,17413.0,404,2,560.14,2,3,2,232,At Risk
5019,17414.0,43,6,2249.52,4,4,4,444,Champion
5020,17415.0,79,1,507.84,3,2,2,322,Lost Customer
5021,17416.0,29,22,17298.45,4,5,5,455,Champion
5022,17417.0,548,1,164.18,1,2,1,121,Lost Customer
5023,17418.0,41,3,670.0600000000001,4,3,3,433,Loyal Customer
5024,17419.0,10,18,6126.25,5,5,5,555,Champion
5025,17420.0,49,6,953.58,4,4,3,443,Loyal Customer
5026,17421.0,385,3,1059.41,2,3,3,233,At Risk
5027,17422.0,15,11,3594.76,5,5,5,555,Champion
5028,17423.0,45,3,1118.95,4,3,3,433,Loyal Customer
5029,17425.0,18,2,759.17,5,3,3,533,Loyal Customer
5030,17426.0,7,13,8077.77,5,5,5,555,Champion
5031,17427.0,71,1,100.8,3,2,1,321,Lost Customer
5032,17428.0,0,45,31466.760000000002,5,5,5,555,Champion
5033,17429.0,127,5,1357.46,3,4,4,344,Loyal Customer
5034,17430.0,32,4,622.57,4,4,3,443,Loyal Customer
5035,17431.0,312,1,403.3,2,2,2,222,Lost Customer
5036,17432.0,17,9,1728.99,5,5,4,554,Champion
5037,17433.0,87,2,569.96,3,3,2,332,Loyal Customer
5038,17434.0,1,7,2373.82,5,4,4,544,Champion
5039,17435.0,410,1,331.35,2,2,2,222,Lost Customer
5040,17436.0,1,5,534.06,5,4,2,542,Loyal Customer
5041,17437.0,529,1,369.68,1,2,2,122,Lost Customer
5042,17438.0,253,5,1422.77,2,4,4,244,At Risk
5043,17439.0,655,1,325.74,1,2,2,122,Lost Customer
5044,17440.0,156,4,323.58,3,4,2,342,Loyal Customer
5045,17441.0,731,1,293.35,1,2,2,122,Lost Customer
5046,17442.0,36,15,4620.3,4,5,5,455,Champion
5047,17443.0,219,1,534.24,2,2,2,222,Lost Customer
5048,17444.0,147,3,2940.04,3,3,5,335,Loyal Customer
5049,17446.0,176,2,120.9,3,3,1,331,Loyal Customer
5050,17447.0,39,2,541.53,4,3,2,432,Loyal Customer
5051,17448.0,496,46,14523.67,1,5,5,155,At Risk
5052,17449.0,1,13,4868.15,5,5,5,555,Champion
5053,17450.0,7,51,244784.25,5,5,5,555,Champion
5054,17451.0,0,7,1721.4,5,4,4,544,Champion
5055,17453.0,17,2,486.71999999999997,5,3,2,532,Loyal Customer
5056,17454.0,191,10,1547.94,2,5,4,254,At Risk
5057,17455.0,203,1,131.7,2,2,1,221,Lost Customer
5058,17456.0,364,2,975.5600000000001,2,3,3,233,At Risk
5059,17457.0,126,14,5984.8099999999995,3,5,5,355,Loyal Customer
5060,17458.0,14,2,529.58,5,3,2,532,Loyal Customer
5061,17459.0,42,2,657.3,4,3,3,433,Loyal Customer
5062,17460.0,93,16,2157.9700000000003,3,5,4,354,Loyal Customer
5063,17461.0,22,3,735.82,4,3,3,433,Loyal Customer
5064,17462.0,59,2,675.69,3,3,3,333,Loyal Customer
5065,17463.0,15,7,2535.26,5,4,4,544,Champion
5066,17464.0,157,3,907.14,3,3,3,333,Loyal Customer
5067,17465.0,425,7,2542.79,1,4,4,144,At Risk
5068,17466.0,9,2,763.28,5,3,3,533,Loyal Customer
5069,17467.0,394,1,102.6,2,2,1,221,Lost Customer
5070,17468.0,9,3,194.8,5,3,1,531,Loyal Customer
5071,17469.0,15,17,5051.25,5,5,5,555,Champion
5072,17470.0,44,11,2626.47,4,5,4,454,Champion
5073,17471.0,474,1,321.65000000000003,1,2,2,122,Lost Customer
5074,17472.0,190,4,922.35,2,4,3,243,At Risk
5075,17473.0,408,2,607.0,2,3,2,232,At Risk
5076,17474.0,599,1,1047.0,1,2,3,123,Lost Customer
5077,17475.0,78,1,194.37,3,2,1,321,Lost Customer
5078,17476.0,395,2,489.86,2,3,2,232,At Risk
5079,17477.0,612,2,1144.3,1,3,3,133,At Risk
5080,17478.0,407,2,1272.8,2,3,4,234,At Risk
5081,17479.0,632,1,389.26000000000005,1,2,2,122,Lost Customer
5082,17480.0,77,2,882.23,3,3,3,333,Loyal Customer
5083,17481.0,3,4,1255.59,5,4,4,544,Champion
5084,17482.0,486,2,775.64,1,3,3,133,At Risk
5085,17483.0,64,4,591.73,3,4,2,342,Loyal Customer
5086,17484.0,575,2,209.57,1,3,1,131,At Risk
5087,17486.0,260,1,396.87,2,2,2,222,Lost Customer
5088,17487.0,727,1,160.55,1,2,1,121,Lost Customer
5089,17488.0,640,1,336.5,1,2,2,122,Lost Customer
5090,17489.0,58,2,376.64,4,3,2,432,Loyal Customer
5091,17490.0,0,9,2750.5,5,5,4,554,Champion
5092,17491.0,0,17,5653.67,5,5,5,555,Champion
5093,17492.0,247,3,1122.42,2,3,3,233,At Risk
5094,17493.0,384,1,100.91000000000001,2,2,1,221,Lost Customer
5095,17494.0,501,1,54.699999999999996,1,2,1,121,Lost Customer
5096,17495.0,7,3,806.72,5,3,3,533,Loyal Customer
5097,17496.0,358,4,1412.89,2,4,4,244,At Risk
5098,17497.0,389,2,287.25,2,3,2,232,At Risk
5099,17498.0,75,1,272.22,3,2,1,321,Lost Customer
5100,17499.0,289,2,1341.39,2,3,4,234,At Risk
5101,17500.0,16,3,1138.0,5,3,3,533,Loyal Customer
5102,17501.0,220,2,288.6,2,3,2,232,At Risk
5103,17502.0,8,4,689.1,5,4,3,543,Loyal Customer
5104,17503.0,2,2,558.96,5,3,2,532,Loyal Customer
5105,17504.0,205,18,9490.17,2,5,5,255,At Risk
5106,17505.0,161,5,2435.48,3,4,4,344,Loyal Customer
5107,17506.0,75,1,302.2,3,2,2,322,Lost Customer
5108,17507.0,261,2,605.58,2,3,2,232,At Risk
5109,17508.0,280,8,4579.23,2,5,5,255,At Risk
5110,17509.0,57,8,6083.64,4,5,5,455,Champion
5111,17510.0,24,2,514.56,4,3,2,432,Loyal Customer
5112,17511.0,2,60,172132.87,5,5,5,555,Champion
5113,17512.0,28,18,5467.820000000001,4,5,5,455,Champion
5114,17513.0,71,3,1158.8,3,3,3,333,Loyal Customer
5115,17514.0,127,2,522.0,3,3,2,332,Loyal Customer
5116,17515.0,30,9,1602.51,4,5,4,454,Champion
5117,17516.0,14,6,947.5,5,4,3,543,Loyal Customer
5118,17517.0,308,1,153.94,2,2,1,221,Lost Customer
5119,17518.0,425,2,329.42,1,3,2,132,At Risk
5120,17519.0,16,15,4774.17,5,5,5,555,Champion
5121,17520.0,53,1,546.81,4,2,2,422,Potential Loyalist
5122,17521.0,29,5,1278.06,4,4,4,444,Champion
5123,17522.0,1,5,1070.71,5,4,3,543,Loyal Customer
5124,17523.0,10,4,652.74,5,4,3,543,Loyal Customer
5125,17524.0,360,3,539.14,2,3,2,232,At Risk
5126,17525.0,359,3,1161.9,2,3,3,233,At Risk
5127,17526.0,4,12,3939.24,5,5,5,555,Champion
5128,17527.0,53,4,939.37,4,4,3,443,Loyal Customer
5129,17528.0,0,8,3628.5,5,5,5,555,Champion
5130,17529.0,609,2,1240.25,1,3,4,134,At Risk
5131,17530.0,0,12,2791.69,5,5,4,554,Champion
5132,17531.0,189,3,1266.82,2,3,4,234,At Risk
5133,17532.0,385,1,65.34,2,2,1,221,Lost Customer
5134,17533.0,434,1,34.8,1,2,1,121,Lost Customer
5135,17534.0,53,5,1668.83,4,4,4,444,Champion
5136,17535.0,279,1,164.4,2,2,1,221,Lost Customer
5137,17536.0,176,3,364.83,3,3,2,332,Loyal Customer
5138,17537.0,29,2,887.67,4,3,3,433,Loyal Customer
5139,17538.0,25,1,98.42,4,2,1,421,Potential Loyalist
5140,17539.0,617,4,1176.84,1,4,3,143,At Risk
5141,17540.0,24,6,1590.6000000000001,4,4,4,444,Champion
5142,17541.0,509,1,119.86,1,2,1,121,Lost Customer
5143,17542.0,269,3,340.85,2,3,2,232,At Risk
5144,17543.0,549,1,120.05,1,2,1,121,Lost Customer
5145,17544.0,389,3,944.82,2,3,3,233,At Risk
5146,17545.0,42,6,1409.8600000000001,4,4,4,444,Champion
5147,17547.0,375,2,727.85,2,3,3,233,At Risk
5148,17548.0,233,4,731.26,2,4,3,243,At Risk
5149,17549.0,23,2,148.86,4,3,1,431,Loyal Customer
5150,17550.0,196,9,2506.64,2,5,4,254,At Risk
5151,17551.0,358,1,290.34,2,2,2,222,Lost Customer
5152,17552.0,59,12,2786.77,3,5,4,354,Loyal Customer
5153,17553.0,129,4,3757.6,3,4,5,345,Loyal Customer
5154,17554.0,0,5,1952.45,5,4,4,544,Champion
5155,17555.0,19,5,1045.74,4,4,3,443,Loyal Customer
5156,17556.0,205,2,300.67,2,3,2,232,At Risk
5157,17557.0,13,4,575.46,5,4,2,542,Loyal Customer
5158,17558.0,392,1,259.17,2,2,1,221,Lost Customer
5159,17559.0,512,1,167.62,1,2,1,121,Lost Customer
5160,17560.0,94,9,1895.8,3,5,4,354,Loyal Customer
5161,17561.0,18,4,703.02,5,4,3,543,Loyal Customer
5162,17562.0,13,7,1122.38,5,4,3,543,Loyal Customer
5163,17563.0,577,2,392.38,1,3,2,132,At Risk
5164,17564.0,23,3,454.01,4,3,2,432,Loyal Customer
5165,17565.0,586,1,131.83,1,2,1,121,Lost Customer
5166,17566.0,7,2,869.77,5,3,3,533,Loyal Customer
5167,17567.0,6,9,4838.08,5,5,5,555,Champion
5168,17568.0,632,1,374.45,1,2,2,122,Lost Customer
5169,17569.0,331,1,344.14,2,2,2,222,Lost Customer
5170,17570.0,381,1,100.0,2,2,1,221,Lost Customer
5171,17571.0,49,5,1630.91,4,4,4,444,Champion
5172,17572.0,70,10,652.21,3,5,3,353,Loyal Customer
5173,17573.0,28,3,380.6,4,3,2,432,Loyal Customer
5174,17574.0,242,1,185.65,2,2,1,221,Lost Customer
5175,17575.0,666,1,171.7,1,2,1,121,Lost Customer
5176,17576.0,7,41,8711.95,5,5,5,555,Champion
5177,17577.0,644,2,348.75,1,3,2,132,At Risk
5178,17578.0,217,7,1047.33,2,4,3,243,At Risk
5179,17579.0,4,4,753.28,5,4,3,543,Loyal Customer
5180,17580.0,252,5,541.02,2,4,2,242,At Risk
5181,17581.0,0,43,17951.17,5,5,5,555,Champion
5182,17582.0,235,5,1446.95,2,4,4,244,At Risk
5183,17583.0,559,1,135.95,1,2,1,121,Lost Customer
5184,17584.0,6,6,5309.42,5,4,5,545,Champion
5185,17585.0,108,7,2064.71,3,4,4,344,Loyal Customer
5186,17586.0,618,1,167.4,1,2,1,121,Lost Customer
5187,17587.0,627,1,176.71,1,2,1,121,Lost Customer
5188,17588.0,99,7,2939.55,3,4,5,345,Loyal Customer
5189,17589.0,59,18,13837.94,3,5,5,355,Loyal Customer
5190,17590.0,1,3,1468.02,5,3,4,534,Loyal Customer
5191,17591.0,72,8,2339.32,3,5,4,354,Loyal Customer
5192,17592.0,738,1,148.3,1,2,1,121,Lost Customer
5193,17593.0,3,11,8092.32,5,5,5,555,Champion
5194,17594.0,84,4,2497.88,3,4,4,344,Loyal Customer
5195,17595.0,11,2,386.69,5,3,2,532,Loyal Customer
5196,17596.0,22,13,4491.46,4,5,5,455,Champion
5197,17597.0,213,5,3484.09,2,4,5,245,At Risk
5198,17598.0,380,1,409.98,2,2,2,222,Lost Customer
5199,17599.0,477,1,52.05,1,2,1,121,Lost Customer
5200,17600.0,17,1,161.67000000000002,5,2,1,521,Potential Loyalist
5201,17601.0,238,2,413.08,2,3,2,232,At Risk
5202,17602.0,1,14,7354.43,5,5,5,555,Champion
5203,17603.0,77,4,1788.38,3,4,4,344,Loyal Customer
5204,17604.0,216,6,942.38,2,4,3,243,At Risk
5205,17605.0,589,1,160.75,1,2,1,121,Lost Customer
5206,17606.0,736,1,87.30000000000001,1,2,1,121,Lost Customer
5207,17607.0,375,1,333.81,2,2,2,222,Lost Customer
5208,17608.0,32,4,488.06,4,4,2,442,Loyal Customer
5209,17609.0,40,11,1887.8999999999999,4,5,4,454,Champion
5210,17610.0,539,5,1511.94,1,4,4,144,At Risk
5211,17611.0,6,28,8337.53,5,5,5,555,Champion
5212,17612.0,52,18,5394.86,4,5,5,455,Champion
5213,17613.0,22,14,4544.55,4,5,5,455,Champion
5214,17614.0,56,1,386.32,4,2,2,422,Potential Loyalist
5215,17615.0,129,6,721.8,3,4,3,343,Loyal Customer
5216,17616.0,173,4,734.4,3,4,3,343,Loyal Customer
5217,17617.0,558,1,385.19,1,2,2,122,Lost Customer
5218,17618.0,5,11,4001.64,5,5,5,555,Champion
5219,17619.0,311,1,214.37,2,2,1,221,Lost Customer
5220,17620.0,59,1,81.44,3,2,1,321,Lost Customer
5221,17621.0,20,6,3175.12,4,4,5,445,Champion
5222,17622.0,597,2,1130.21,1,3,3,133,At Risk
5223,17623.0,32,7,2365.77,4,4,4,444,Champion
5224,17624.0,14,4,1568.63,5,4,4,544,Champion
5225,17625.0,17,8,5978.9,5,5,5,555,Champion
5226,17626.0,602,1,254.0,1,2,1,121,Lost Customer
5227,17627.0,478,1,296.36,1,2,2,122,Lost Customer
5228,17628.0,80,1,75.75,3,2,1,321,Lost Customer
5229,17629.0,5,10,2455.52,5,5,4,554,Champion
5230,17630.0,169,2,503.59999999999997,3,3,2,332,Loyal Customer
5231,17631.0,1,7,998.49,5,4,3,543,Loyal Customer
5232,17633.0,30,7,2057.39,4,4,4,444,Champion
5233,17634.0,35,9,2358.59,4,5,4,454,Champion
5234,17635.0,423,3,1265.58,1,3,4,134,At Risk
5235,17636.0,18,1,285.56,5,2,2,522,Potential Loyalist
5236,17637.0,30,2,547.0600000000001,4,3,2,432,Loyal Customer
5237,17638.0,646,2,842.4,1,3,3,133,At Risk
5238,17639.0,275,6,615.17,2,4,3,243,At Risk
5239,17640.0,86,6,3168.94,3,4,5,345,Loyal Customer
5240,17642.0,119,5,1824.49,3,4,4,344,Loyal Customer
5241,17643.0,372,2,439.7,2,3,2,232,At Risk
5242,17644.0,0,20,6028.6,5,5,5,555,Champion
5243,17646.0,218,12,3898.79,2,5,5,255,At Risk
5244,17647.0,64,3,331.65999999999997,3,3,2,332,Loyal Customer
5245,17648.0,60,5,2216.37,3,4,4,344,Loyal Customer
5246,17649.0,137,3,1578.89,3,3,4,334,Loyal Customer
5247,17650.0,20,1,166.08,4,2,1,421,Potential Loyalist
5248,17651.0,11,16,5703.52,5,5,5,555,Champion
5249,17652.0,24,12,4867.72,4,5,5,455,Champion
5250,17653.0,36,4,1207.56,4,4,3,443,Loyal Customer
5251,17654.0,276,1,117.55,2,2,1,221,Lost Customer
5252,17655.0,10,9,2976.38,5,5,5,555,Champion
5253,17656.0,72,5,1674.69,3,4,4,344,Loyal Customer
5254,17657.0,429,1,126.0,1,2,1,121,Lost Customer
5255,17658.0,25,2,595.42,4,3,2,432,Loyal Customer
5256,17659.0,16,14,3586.9900000000002,5,5,5,555,Champion
5257,17660.0,140,2,342.22,3,3,2,332,Loyal Customer
5258,17662.0,661,2,412.92,1,3,2,132,At Risk
5259,17663.0,25,17,5175.83,4,5,5,455,Champion
5260,17664.0,18,4,1166.23,5,4,3,543,Loyal Customer
5261,17665.0,492,1,563.1,1,2,2,122,Lost Customer
5262,17666.0,3,5,2047.8,5,4,4,544,Champion
5263,17667.0,65,9,3950.7,3,5,5,355,Loyal Customer
5264,17668.0,0,2,347.75,5,3,2,532,Loyal Customer
5265,17669.0,42,10,6142.35,4,5,5,455,Champion
5266,17670.0,227,1,205.7,2,2,1,221,Lost Customer
5267,17671.0,15,5,2009.16,5,4,4,544,Champion
5268,17672.0,49,7,5778.63,4,4,5,445,Champion
5269,17673.0,1,13,4173.88,5,5,5,555,Champion
5270,17674.0,73,2,551.04,3,3,2,332,Loyal Customer
5271,17675.0,0,70,37642.48,5,5,5,555,Champion
5272,17676.0,3,10,2448.64,5,5,4,554,Champion
5273,17677.0,1,54,35058.46,5,5,5,555,Champion
5274,17678.0,263,2,599.76,2,3,2,232,At Risk
5275,17679.0,52,7,3577.61,4,4,5,445,Champion
5276,17680.0,23,3,497.45,4,3,2,432,Loyal Customer
5277,17681.0,596,5,731.2,1,4,3,143,At Risk
5278,17682.0,9,11,4065.28,5,5,5,555,Champion
5279,17683.0,385,3,819.01,2,3,3,233,At Risk
5280,17684.0,43,1,239.41,4,2,1,421,Potential Loyalist
5281,17685.0,16,12,5454.95,5,5,5,555,Champion
5282,17686.0,6,9,8296.81,5,5,5,555,Champion
5283,17687.0,420,1,432.68,1,2,2,122,Lost Customer
5284,17688.0,393,1,304.2,2,2,2,222,Lost Customer
5285,17689.0,387,2,317.08,2,3,2,232,At Risk
5286,17690.0,29,20,6963.8,4,5,5,455,Champion
5287,17691.0,357,4,637.5500000000001,2,4,3,243,At Risk
5288,17692.0,126,12,2975.8,3,5,5,355,Loyal Customer
5289,17693.0,136,1,200.47,3,2,1,321,Lost Customer
5290,17694.0,141,3,1695.97,3,3,4,334,Loyal Customer
5291,17695.0,131,5,1746.04,3,4,4,344,Loyal Customer
5292,17696.0,37,27,7679.59,4,5,5,455,Champion
5293,17697.0,235,1,338.95,2,2,2,222,Lost Customer
5294,17698.0,260,1,154.95,2,2,1,221,Lost Customer
5295,17699.0,476,2,442.0,1,3,2,132,At Risk
5296,17700.0,16,14,6679.97,5,5,5,555,Champion
5297,17701.0,252,1,417.95,2,2,2,222,Lost Customer
5298,17702.0,29,6,3144.04,4,4,5,445,Champion
5299,17703.0,34,4,1094.84,4,4,3,443,Loyal Customer
5300,17704.0,168,2,885.19,3,3,3,333,Loyal Customer
5301,17705.0,2,11,2083.9,5,5,4,554,Champion
5302,17706.0,3,31,20272.15,5,5,5,555,Champion
5303,17707.0,184,8,609.3000000000001,3,5,3,353,Loyal Customer
5304,17708.0,187,4,884.1800000000001,3,4,3,343,Loyal Customer
5305,17709.0,169,5,671.01,3,4,3,343,Loyal Customer
5306,17710.0,423,1,293.5,1,2,2,122,Lost Customer
5307,17711.0,10,2,385.1,5,3,2,532,Loyal Customer
5308,17712.0,44,1,522.91,4,2,2,422,Potential Loyalist
5309,17713.0,381,4,1198.09,2,4,3,243,At Risk
5310,17714.0,320,5,1410.18,2,4,4,244,At Risk
5311,17715.0,200,2,489.59999999999997,2,3,2,232,At Risk
5312,17716.0,22,24,15956.97,4,5,5,455,Champion
5313,17717.0,420,1,376.92,1,2,2,122,Lost Customer
5314,17718.0,231,2,439.18,2,3,2,232,At Risk
5315,17719.0,37,15,5396.04,4,5,5,455,Champion
5316,17720.0,25,10,2666.91,4,5,4,454,Champion
5317,17721.0,658,1,307.21000000000004,1,2,2,122,Lost Customer
5318,17722.0,95,5,3520.2200000000003,3,4,5,345,Loyal Customer
5319,17723.0,126,7,3378.4000000000005,3,4,5,345,Loyal Customer
5320,17724.0,70,3,1033.0,3,3,3,333,Loyal Customer
5321,17725.0,15,11,3439.08,5,5,5,555,Champion
5322,17726.0,394,7,1092.06,2,4,3,243,At Risk
5323,17727.0,14,1,1060.25,5,2,3,523,Potential Loyalist
5324,17728.0,3,5,4238.76,5,4,5,545,Champion
5325,17729.0,595,1,438.65000000000003,1,2,2,122,Lost Customer
5326,17730.0,2,20,7773.8,5,5,5,555,Champion
5327,17731.0,78,6,1708.99,3,4,4,344,Loyal Customer
5328,17732.0,372,8,2166.42,2,5,4,254,At Risk
5329,17733.0,38,2,692.19,4,3,3,433,Loyal Customer
5330,17734.0,53,6,1442.32,4,4,4,444,Champion
5331,17735.0,1,26,16790.33,5,5,5,555,Champion
5332,17736.0,8,3,377.44,5,3,2,532,Loyal Customer
5333,17737.0,8,2,168.24,5,3,1,531,Loyal Customer
5334,17738.0,18,13,4183.56,5,5,5,555,Champion
5335,17739.0,11,18,7730.59,5,5,5,555,Champion
5336,17740.0,388,6,426.9,2,4,2,242,At Risk
5337,17741.0,406,2,101.1,2,3,1,231,At Risk
5338,17742.0,112,11,2098.48,3,5,4,354,Loyal Customer
5339,17743.0,447,1,229.2,1,2,1,121,Lost Customer
5340,17744.0,3,7,2649.14,5,4,4,544,Champion
5341,17745.0,477,2,600.34,1,3,2,132,At Risk
5342,17746.0,239,4,904.1800000000001,2,4,3,243,At Risk
5343,17747.0,112,1,71.4,3,2,1,321,Lost Customer
5344,17748.0,526,1,358.15,1,2,2,122,Lost Customer
5345,17749.0,177,3,1026.18,3,3,3,333,Loyal Customer
5346,17750.0,4,9,1710.45,5,5,4,554,Champion
5347,17751.0,420,1,157.85999999999999,1,2,1,121,Lost Customer
5348,17752.0,358,1,80.64,2,2,1,221,Lost Customer
5349,17753.0,463,4,382.06,1,4,2,142,At Risk
5350,17754.0,0,13,4451.22,5,5,5,555,Champion
5351,17756.0,375,3,728.75,2,3,3,233,At Risk
5352,17757.0,0,56,9074.05,5,5,5,555,Champion
5353,17758.0,18,12,4964.03,5,5,5,555,Champion
5354,17759.0,16,5,1261.88,5,4,4,544,Champion
5355,17760.0,21,6,746.39,4,4,3,443,Loyal Customer
5356,17761.0,32,1,712.78,4,2,3,423,Potential Loyalist
5357,17762.0,455,1,129.75,1,2,1,121,Lost Customer
5358,17763.0,262,4,86.15,2,4,1,241,At Risk
5359,17764.0,50,5,1513.57,4,4,4,444,Champion
5360,17765.0,158,4,524.0,3,4,2,342,Loyal Customer
5361,17766.0,380,2,299.61,2,3,2,232,At Risk
5362,17767.0,14,2,413.05,5,3,2,532,Loyal Customer
5363,17768.0,7,7,3292.73,5,4,5,545,Champion
5364,17769.0,12,17,7053.38,5,5,5,555,Champion
5365,17770.0,198,5,1143.27,2,4,3,243,At Risk
5366,17771.0,56,4,387.41,4,4,2,442,Loyal Customer
5367,17772.0,10,3,360.75,5,3,2,532,Loyal Customer
5368,17773.0,513,2,575.37,1,3,2,132,At Risk
5369,17774.0,96,9,3273.83,3,5,5,355,Loyal Customer
5370,17775.0,254,1,56.4,2,2,1,221,Lost Customer
5371,17776.0,386,2,330.56,2,3,2,232,At Risk
5372,17777.0,24,3,647.56,4,3,3,433,Loyal Customer
5373,17778.0,661,1,197.70000000000002,1,2,1,121,Lost Customer
5374,17779.0,20,3,650.32,4,3,3,433,Loyal Customer
5375,17780.0,666,3,346.56,1,3,2,132,At Risk
5376,17781.0,158,2,188.02,3,3,1,331,Loyal Customer
5377,17782.0,382,2,679.02,2,3,3,233,At Risk
5378,17783.0,71,3,376.96,3,3,2,332,Loyal Customer
5379,17784.0,549,1,112.86,1,2,1,121,Lost Customer
5380,17785.0,52,3,403.38,4,3,2,432,Loyal Customer
5381,17786.0,84,2,266.85,3,3,1,331,Loyal Customer
5382,17787.0,152,4,1817.54,3,4,4,344,Loyal Customer
5383,17788.0,73,2,1117.9,3,3,3,333,Loyal Customer
5384,17789.0,280,2,397.15,2,3,2,232,At Risk
5385,17790.0,26,20,2779.41,4,5,4,454,Champion
5386,17791.0,29,1,106.1,4,2,1,421,Potential Loyalist
5387,17792.0,466,2,368.35,1,3,2,132,At Risk
5388,17793.0,24,1,300.34,4,2,2,422,Potential Loyalist
5389,17794.0,686,2,147.3,1,3,1,131,At Risk
5390,17795.0,179,2,342.83,3,3,2,332,Loyal Customer
5391,17796.0,39,7,1236.39,4,4,4,444,Champion
5392,17797.0,21,8,1971.87,4,5,4,454,Champion
5393,17798.0,581,1,178.07,1,2,1,121,Lost Customer
5394,17799.0,21,20,6246.93,4,5,5,455,Champion
5395,17800.0,36,9,1187.21,4,5,3,453,Loyal Customer
5396,17801.0,450,3,770.03,1,3,3,133,At Risk
5397,17802.0,81,10,4946.22,3,5,5,355,Loyal Customer
5398,17803.0,391,1,184.66,2,2,1,221,Lost Customer
5399,17804.0,375,3,383.78000000000003,2,3,2,232,At Risk
5400,17805.0,73,2,927.03,3,3,3,333,Loyal Customer
5401,17806.0,10,1,546.04,5,2,2,522,Potential Loyalist
5402,17807.0,394,3,437.87,2,3,2,232,At Risk
5403,17808.0,548,4,262.64,1,4,1,141,At Risk
5404,17809.0,15,20,10085.89,5,5,5,555,Champion
5405,17810.0,668,2,373.16,1,3,2,132,At Risk
5406,17811.0,3,47,9519.8,5,5,5,555,Champion
5407,17812.0,12,7,911.99,5,4,3,543,Loyal Customer
5408,17813.0,13,5,1698.07,5,4,4,544,Champion
5409,17814.0,374,2,1609.37,2,3,4,234,At Risk
5410,17815.0,392,1,591.96,2,2,2,222,Lost Customer
5411,17816.0,36,6,96.11,4,4,1,441,Loyal Customer
5412,17817.0,3,6,788.15,5,4,3,543,Loyal Customer
5413,17818.0,737,1,124.78,1,2,1,121,Lost Customer
5414,17819.0,71,12,6021.05,3,5,5,355,Loyal Customer
5415,17820.0,373,1,180.60999999999999,2,2,1,221,Lost Customer
5416,17821.0,405,1,334.62,2,2,2,222,Lost Customer
5417,17822.0,419,5,2162.93,1,4,4,144,At Risk
5418,17823.0,420,2,449.25,1,3,2,132,At Risk
5419,17824.0,50,1,298.4,4,2,2,422,Potential Loyalist
5420,17825.0,598,4,701.96,1,4,3,143,At Risk
5421,17826.0,373,1,133.34,2,2,1,221,Lost Customer
5422,17827.0,4,6,2376.17,5,4,4,544,Champion
5423,17828.0,22,4,1820.09,4,4,4,444,Champion
5424,17829.0,298,5,4756.74,2,4,5,245,At Risk
5425,17830.0,1,3,398.7,5,3,2,532,Loyal Customer
5426,17831.0,32,1,35.400000000000006,4,2,1,421,Potential Loyalist
5427,17832.0,49,1,155.37,4,2,1,421,Potential Loyalist
5428,17833.0,722,1,338.46000000000004,1,2,2,122,Lost Customer
5429,17834.0,414,2,689.6700000000001,1,3,3,133,At Risk
5430,17835.0,2,3,342.24,5,3,2,532,Loyal Customer
5431,17836.0,46,1,110.21000000000001,4,2,1,421,Potential Loyalist
5432,17837.0,41,8,1541.23,4,5,4,454,Champion
5433,17838.0,26,13,5604.64,4,5,5,455,Champion
5434,17839.0,41,1,318.15,4,2,2,422,Potential Loyalist
5435,17840.0,443,1,175.9,1,2,1,121,Lost Customer
5436,17841.0,1,211,68545.25,5,5,5,555,Champion
5437,17842.0,601,1,430.69,1,2,2,122,Lost Customer
5438,17843.0,302,2,320.4,2,3,2,232,At Risk
5439,17844.0,106,1,51.559999999999995,3,2,1,321,Lost Customer
5440,17845.0,554,4,596.09,1,4,2,142,At Risk
5441,17846.0,84,1,2033.1,3,2,4,324,Lost Customer
5442,17847.0,515,2,129.69,1,3,1,131,At Risk
5443,17848.0,80,30,3559.11,3,5,5,355,Loyal Customer
5444,17849.0,217,8,1063.76,2,5,3,253,At Risk
5445,17850.0,371,155,51208.87,2,5,5,255,At Risk
5446,17851.0,421,6,1552.35,1,4,4,144,At Risk
5447,17852.0,11,5,657.8100000000001,5,4,3,543,Loyal Customer
5448,17853.0,406,3,1596.29,2,3,4,234,At Risk
5449,17854.0,184,6,1068.5,3,4,3,343,Loyal Customer
5450,17855.0,372,1,208.97,2,2,1,221,Lost Customer
5451,17856.0,1,4,1418.03,5,4,4,544,Champion
5452,17857.0,3,24,27347.04,5,5,5,555,Champion
5453,17858.0,5,30,12518.65,5,5,5,555,Champion
5454,17859.0,304,1,141.92000000000002,2,2,1,221,Lost Customer
5455,17860.0,368,4,717.39,2,4,3,243,At Risk
5456,17861.0,2,18,5088.29,5,5,5,555,Champion
5457,17862.0,323,4,1254.89,2,4,4,244,At Risk
5458,17863.0,58,12,5360.48,4,5,5,455,Champion
5459,17864.0,12,5,876.57,5,4,3,543,Loyal Customer
5460,17865.0,30,46,26312.190000000002,4,5,5,455,Champion
5461,17866.0,142,3,1134.95,3,3,3,333,Loyal Customer
5462,17867.0,29,15,1582.0500000000002,4,5,4,454,Champion
5463,17868.0,385,1,227.15,2,2,1,221,Lost Customer
5464,17869.0,106,7,813.64,3,4,3,343,Loyal Customer
5465,17870.0,1,13,2753.29,5,5,4,554,Champion
5466,17871.0,204,5,1068.95,2,4,3,243,At Risk
5467,17872.0,381,1,235.87,2,2,1,221,Lost Customer
5468,17873.0,79,18,6265.33,3,5,5,355,Loyal Customer
5469,17874.0,184,6,683.46,3,4,3,343,Loyal Customer
5470,17875.0,687,1,167.1,1,2,1,121,Lost Customer
5471,17876.0,399,3,3424.02,2,3,5,235,At Risk
5472,17877.0,169,1,237.61,3,2,1,321,Lost Customer
5473,17878.0,43,3,1378.93,4,3,4,434,Loyal Customer
5474,17879.0,173,1,178.51999999999998,3,2,1,321,Lost Customer
5475,17880.0,364,3,824.9200000000001,2,3,3,233,At Risk
5476,17881.0,303,1,133.35000000000002,2,2,1,221,Lost Customer
5477,17882.0,378,2,291.56,2,3,2,232,At Risk
5478,17883.0,2,7,988.42,5,4,3,543,Loyal Customer
5479,17884.0,3,20,2698.47,5,5,4,554,Champion
5480,17885.0,11,1,156.34,5,2,1,521,Potential Loyalist
5481,17886.0,31,6,1572.55,4,4,4,444,Champion
5482,17887.0,128,1,111.35,3,2,1,321,Lost Customer
5483,17888.0,20,25,1807.44,4,5,4,454,Champion
5484,17889.0,211,7,746.42,2,4,3,243,At Risk
5485,17890.0,322,2,586.89,2,3,2,232,At Risk
5486,17891.0,161,1,203.85999999999999,3,2,1,321,Lost Customer
5487,17892.0,55,3,244.1,4,3,1,431,Loyal Customer
5488,17893.0,224,1,107.21,2,2,1,221,Lost Customer
5489,17894.0,71,18,2304.58,3,5,4,354,Loyal Customer
5490,17895.0,43,1,95.45,4,2,1,421,Potential Loyalist
5491,17896.0,22,1,256.32,4,2,1,421,Potential Loyalist
5492,17897.0,172,9,2099.89,3,5,4,354,Loyal Customer
5493,17898.0,84,4,299.18,3,4,2,342,Loyal Customer
5494,17899.0,158,1,154.55,3,2,1,321,Lost Customer
5495,17900.0,189,2,112.19999999999999,2,3,1,231,At Risk
5496,17901.0,28,3,260.08,4,3,1,431,Loyal Customer
5497,17902.0,546,1,216.39999999999998,1,2,1,121,Lost Customer
5498,17903.0,393,1,381.09000000000003,2,2,2,222,Lost Customer
5499,17904.0,20,1,181.07,4,2,1,421,Potential Loyalist
5500,17905.0,70,13,2178.87,3,5,4,354,Loyal Customer
5501,17906.0,246,1,72.9,2,2,1,221,Lost Customer
5502,17907.0,640,1,291.76,1,2,2,122,Lost Customer
5503,17908.0,373,5,1142.47,2,4,3,243,At Risk
5504,17909.0,736,1,110.05,1,2,1,121,Lost Customer
5505,17910.0,725,1,261.7,1,2,1,121,Lost Customer
5506,17911.0,8,1,366.23,5,2,2,522,Potential Loyalist
5507,17912.0,309,6,374.55,2,4,2,242,At Risk
5508,17913.0,58,14,3429.29,4,5,5,455,Champion
5509,17914.0,3,1,329.36,5,2,2,522,Potential Loyalist
5510,17915.0,550,1,225.78,1,2,1,121,Lost Customer
5511,17916.0,628,2,43.87,1,3,1,131,At Risk
5512,17917.0,44,3,335.03,4,3,2,432,Loyal Customer
5513,17918.0,500,3,396.39,1,3,2,132,At Risk
5514,17919.0,87,2,1840.32,3,3,4,334,Loyal Customer
5515,17920.0,3,54,23581.78,5,5,5,555,Champion
5516,17921.0,63,10,2394.36,3,5,4,354,Loyal Customer
5517,17922.0,542,1,170.4,1,2,1,121,Lost Customer
5518,17923.0,281,3,497.0,2,3,2,232,At Risk
5519,17924.0,11,8,3257.7000000000003,5,5,5,555,Champion
5520,17925.0,372,1,244.08,2,2,1,221,Lost Customer
5521,17926.0,132,5,1035.49,3,4,3,343,Loyal Customer
5522,17927.0,721,1,294.0,1,2,2,122,Lost Customer
5523,17928.0,44,3,341.24,4,3,2,432,Loyal Customer
5524,17929.0,10,12,3082.1,5,5,5,555,Champion
5525,17930.0,35,13,4275.22,4,5,5,455,Champion
5526,17931.0,133,14,3402.24,3,5,5,355,Loyal Customer
5527,17932.0,28,3,1331.57,4,3,4,434,Loyal Customer
5528,17933.0,631,1,114.69,1,2,1,121,Lost Customer
5529,17934.0,51,3,1049.15,4,3,3,433,Loyal Customer
5530,17935.0,137,7,686.14,3,4,3,343,Loyal Customer
5531,17936.0,4,1,380.13,5,2,2,522,Potential Loyalist
5532,17937.0,8,7,4301.22,5,4,5,545,Champion
5533,17938.0,419,1,144.29,1,2,1,121,Lost Customer
5534,17939.0,159,1,99.14,3,2,1,321,Lost Customer
5535,17940.0,48,16,30306.79,4,5,5,455,Champion
5536,17941.0,130,4,1433.28,3,4,4,344,Loyal Customer
5537,17942.0,7,1,77.50000000000001,5,2,1,521,Potential Loyalist
5538,17944.0,422,1,74.99,1,2,1,121,Lost Customer
5539,17945.0,696,3,360.35,1,3,2,132,At Risk
5540,17946.0,232,2,149.57999999999998,2,3,1,231,At Risk
5541,17947.0,36,1,176.68,4,2,1,421,Potential Loyalist
5542,17948.0,146,1,358.56000000000006,3,2,2,322,Lost Customer
5543,17949.0,0,118,117314.08,5,5,5,555,Champion
5544,17950.0,71,7,1166.29,3,4,3,343,Loyal Customer
5545,17951.0,39,4,1340.5800000000002,4,4,4,444,Champion
5546,17952.0,377,4,788.46,2,4,3,243,At Risk
5547,17953.0,539,1,159.17000000000002,1,2,1,121,Lost Customer
5548,17954.0,4,19,3804.38,5,5,5,555,Champion
5549,17955.0,198,6,949.9,2,4,3,243,At Risk
5550,17956.0,248,1,12.75,2,2,1,221,Lost Customer
5551,17957.0,65,1,111.68,3,2,1,321,Lost Customer
5552,17958.0,116,2,973.88,3,3,3,333,Loyal Customer
5553,17959.0,591,1,140.75,1,2,1,121,Lost Customer
5554,17960.0,170,3,135.08,3,3,1,331,Loyal Customer
5555,17961.0,20,100,2866.74,4,5,4,454,Champion
5556,17962.0,141,4,666.96,3,4,3,343,Loyal Customer
5557,17963.0,470,4,643.16,1,4,3,143,At Risk
5558,17964.0,31,2,463.21,4,3,2,432,Loyal Customer
5559,17965.0,37,29,7006.65,4,5,5,455,Champion
5560,17966.0,37,10,1963.92,4,5,4,454,Champion
5561,17967.0,371,2,223.42,2,3,1,231,At Risk
5562,17968.0,373,4,590.4399999999999,2,4,2,242,At Risk
5563,17969.0,165,20,2354.29,3,5,4,354,Loyal Customer
5564,17970.0,210,1,562.79,2,2,2,222,Lost Customer
5565,17971.0,547,1,161.94,1,2,1,121,Lost Customer
5566,17972.0,241,1,135.19,2,2,1,221,Lost Customer
5567,17973.0,51,1,337.04,4,2,2,422,Potential Loyalist
5568,17974.0,24,6,1739.09,4,4,4,444,Champion
5569,17975.0,14,24,6696.33,5,5,5,555,Champion
5570,17976.0,371,1,321.79,2,2,2,222,Lost Customer
5571,17977.0,28,2,1511.45,4,3,4,434,Loyal Customer
5572,17978.0,364,4,1159.99,2,4,3,243,At Risk
5573,17979.0,35,4,732.41,4,4,3,443,Loyal Customer
5574,17980.0,165,4,1012.72,3,4,3,343,Loyal Customer
5575,17981.0,410,1,239.12,2,2,1,221,Lost Customer
5576,17982.0,680,1,138.18,1,2,1,121,Lost Customer
5577,17983.0,394,1,171.71,2,2,1,221,Lost Customer
5578,17984.0,144,5,1152.19,3,4,3,343,Loyal Customer
5579,17985.0,21,1,631.35,4,2,3,423,Potential Loyalist
5580,17986.0,55,1,20.8,4,2,1,421,Potential Loyalist
5581,17987.0,184,5,965.4399999999999,3,4,3,343,Loyal Customer
5582,17988.0,11,14,489.54,5,5,2,552,Loyal Customer
5583,17989.0,378,1,207.32999999999998,2,2,1,221,Lost Customer
5584,17990.0,236,6,1527.6100000000001,2,4,4,244,At Risk
5585,17991.0,224,3,300.3,2,3,2,232,At Risk
5586,17992.0,388,1,252.88,2,2,1,221,Lost Customer
5587,17993.0,616,1,225.99,1,2,1,121,Lost Customer
5588,17994.0,121,11,2270.0299999999997,3,5,4,354,Loyal Customer
5589,17995.0,281,3,495.48,2,3,2,232,At Risk
5590,17996.0,379,3,482.33,2,3,2,232,At Risk
5591,17997.0,73,8,1962.46,3,5,4,354,Loyal Customer
5592,17998.0,379,3,639.24,2,3,3,233,At Risk
5593,17999.0,36,3,528.46,4,3,2,432,Loyal Customer
5594,18000.0,563,1,124.25,1,2,1,121,Lost Customer
5595,18001.0,11,6,924.14,5,4,3,543,Loyal Customer
5596,18002.0,375,4,244.37,2,4,1,241,At Risk
5597,18003.0,375,1,353.51,2,2,2,222,Lost Customer
5598,18004.0,361,1,157.92,2,2,1,221,Lost Customer
5599,18005.0,3,2,226.47,5,3,1,531,Loyal Customer
5600,18006.0,22,4,969.51,4,4,3,443,Loyal Customer
5601,18007.0,392,1,215.22,2,2,1,221,Lost Customer
5602,18008.0,69,23,19759.079999999998,3,5,5,355,Loyal Customer
5603,18009.0,234,8,2144.23,2,5,4,254,At Risk
5604,18010.0,256,1,174.8,2,2,1,221,Lost Customer
5605,18011.0,372,2,410.79,2,3,2,232,At Risk
5606,18012.0,722,1,115.3,1,2,1,121,Lost Customer
5607,18013.0,154,2,187.29,3,3,1,331,Loyal Customer
5608,18014.0,27,1,162.22,4,2,1,421,Potential Loyalist
5609,18015.0,3,1,120.03,5,2,1,521,Potential Loyalist
5610,18016.0,31,7,1954.56,4,4,4,444,Champion
5611,18017.0,80,4,688.0,3,4,3,343,Loyal Customer
5612,18018.0,107,4,297.99,3,4,2,342,Loyal Customer
5613,18019.0,51,1,38.45,4,2,1,421,Potential Loyalist
5614,18020.0,543,1,190.48000000000002,1,2,1,121,Lost Customer
5615,18021.0,509,2,216.41,1,3,1,131,At Risk
5616,18022.0,35,5,1507.25,4,4,4,444,Champion
5617,18024.0,152,2,389.78,3,3,2,332,Loyal Customer
5618,18025.0,379,6,1177.72,2,4,3,243,At Risk
5619,18026.0,500,2,2074.07,1,3,4,134,At Risk
5620,18027.0,98,1,115.31,3,2,1,321,Lost Customer
5621,18028.0,582,1,192.05,1,2,1,121,Lost Customer
5622,18029.0,641,1,433.77,1,2,2,122,Lost Customer
5623,18030.0,3,2,230.64999999999998,5,3,1,531,Loyal Customer
5624,18031.0,378,1,451.3,2,2,2,222,Lost Customer
5625,18032.0,333,1,73.5,2,2,1,221,Lost Customer
5626,18033.0,64,1,93.82000000000001,3,2,1,321,Lost Customer
5627,18034.0,21,3,754.2,4,3,3,433,Loyal Customer
5628,18035.0,35,5,1260.23,4,4,4,444,Champion
5629,18036.0,31,11,1545.49,4,5,4,454,Champion
5630,18037.0,153,15,167.42,3,5,1,351,Loyal Customer
5631,18038.0,555,1,141.48,1,2,1,121,Lost Customer
5632,18039.0,373,4,548.22,2,4,2,242,At Risk
5633,18040.0,18,2,357.20000000000005,5,3,2,532,Loyal Customer
5634,18041.0,11,38,8018.7699999999995,5,5,5,555,Champion
5635,18042.0,53,2,281.15,4,3,1,431,Loyal Customer
5636,18043.0,24,3,529.29,4,3,2,432,Loyal Customer
5637,18044.0,3,18,3505.61,5,5,5,555,Champion
5638,18045.0,44,1,178.34,4,2,1,421,Potential Loyalist
5639,18046.0,649,1,189.63,1,2,1,121,Lost Customer
5640,18047.0,380,2,326.09,2,3,2,232,At Risk
5641,18048.0,202,3,394.93,2,3,2,232,At Risk
5642,18049.0,436,2,500.92,1,3,2,132,At Risk
5643,18050.0,358,2,412.06,2,3,2,232,At Risk
5644,18051.0,633,7,2282.28,1,4,4,144,At Risk
5645,18052.0,564,1,10877.18,1,2,5,125,Lost Customer
5646,18053.0,70,3,571.07,3,3,2,332,Loyal Customer
5647,18054.0,392,1,176.5,2,2,1,221,Lost Customer
5648,18055.0,6,14,10142.64,5,5,5,555,Champion
5649,18056.0,287,2,554.6,2,3,2,232,At Risk
5650,18057.0,392,3,1188.46,2,3,3,233,At Risk
5651,18058.0,9,3,774.06,5,3,3,533,Loyal Customer
5652,18059.0,22,3,306.46,4,3,2,432,Loyal Customer
5653,18060.0,407,2,1185.46,2,3,3,233,At Risk
5654,18061.0,21,28,6083.81,4,5,5,455,Champion
5655,18062.0,172,6,1632.67,3,4,4,344,Loyal Customer
5656,18063.0,390,2,186.60000000000002,2,3,1,231,At Risk
5657,18064.0,132,11,4481.83,3,5,5,355,Loyal Customer
5658,18065.0,5,29,5866.63,5,5,5,555,Champion
5659,18066.0,74,3,1440.4,3,3,4,334,Loyal Customer
5660,18067.0,39,1,396.33,4,2,2,422,Potential Loyalist
5661,18068.0,288,1,101.69999999999999,2,2,1,221,Lost Customer
5662,18069.0,25,11,4464.92,4,5,5,455,Champion
5663,18070.0,668,1,314.1,1,2,2,122,Lost Customer
5664,18071.0,257,6,1169.68,2,4,3,243,At Risk
5665,18072.0,185,1,247.44,3,2,1,321,Lost Customer
5666,18073.0,113,12,3859.82,3,5,5,355,Loyal Customer
5667,18074.0,373,2,1019.44,2,3,3,233,At Risk
5668,18075.0,22,20,5783.29,4,5,5,455,Champion
5669,18076.0,379,1,151.49,2,2,1,221,Lost Customer
5670,18077.0,7,18,4078.79,5,5,5,555,Champion
5671,18078.0,216,4,725.53,2,4,3,243,At Risk
5672,18079.0,44,5,4203.93,4,4,5,445,Champion
5673,18080.0,18,2,1231.5,5,3,4,534,Loyal Customer
5674,18081.0,35,3,343.45,4,3,2,432,Loyal Customer
5675,18082.0,25,1,680.84,4,2,3,423,Potential Loyalist
5676,18083.0,397,1,463.53,2,2,2,222,Lost Customer
5677,18084.0,15,3,795.2299999999999,5,3,3,533,Loyal Customer
5678,18085.0,329,4,1341.8500000000001,2,4,4,244,At Risk
5679,18086.0,273,1,101.34,2,2,1,221,Lost Customer
5680,18087.0,97,17,14761.519999999999,3,5,5,355,Loyal Customer
5681,18088.0,60,1,166.03,3,2,1,321,Lost Customer
5682,18089.0,446,1,428.45,1,2,2,122,Lost Customer
5683,18090.0,421,1,321.9,1,2,2,122,Lost Customer
5684,18091.0,592,1,360.85,1,2,2,122,Lost Customer
5685,18092.0,1,18,14693.72,5,5,5,555,Champion
5686,18093.0,92,8,4452.71,3,5,5,355,Loyal Customer
5687,18094.0,81,13,6391.52,3,5,5,355,Loyal Customer
5688,18095.0,312,5,2303.09,2,4,4,244,At Risk
5689,18096.0,11,6,1657.87,5,4,4,544,Champion
5690,18097.0,7,11,4627.92,5,5,5,555,Champion
5691,18098.0,395,1,527.94,2,2,2,222,Lost Customer
5692,18099.0,126,1,168.31,3,2,1,321,Lost Customer
5693,18100.0,549,1,451.56,1,2,2,122,Lost Customer
5694,18101.0,10,5,622.01,5,4,3,543,Loyal Customer
5695,18102.0,0,145,580987.04,5,5,5,555,Champion
5696,18103.0,548,1,105.8,1,2,1,121,Lost Customer
5697,18104.0,36,1,754.64,4,2,3,423,Potential Loyalist
5698,18105.0,37,1,113.48000000000002,4,2,1,421,Potential Loyalist
5699,18106.0,329,6,1441.06,2,4,4,244,At Risk
5700,18107.0,441,1,165.88,1,2,1,121,Lost Customer
5701,18108.0,253,3,848.8100000000001,2,3,3,233,At Risk
5702,18109.0,1,38,9555.71,5,5,5,555,Champion
5703,18110.0,19,2,392.28000000000003,4,3,2,432,Loyal Customer
5704,18111.0,588,1,405.85,1,2,2,122,Lost Customer
5705,18112.0,11,4,773.36,5,4,3,543,Loyal Customer
5706,18113.0,368,1,76.32000000000001,2,2,1,221,Lost Customer
5707,18114.0,289,1,220.1,2,2,1,221,Lost Customer
5708,18115.0,697,1,9.700000000000001,1,2,1,121,Lost Customer
5709,18116.0,67,13,2134.4900000000002,3,5,4,354,Loyal Customer
5710,18117.0,25,1,315.65,4,2,2,422,Potential Loyalist
5711,18118.0,10,29,6221.02,5,5,5,555,Champion
5712,18119.0,367,1,180.7,2,2,1,221,Lost Customer
5713,18120.0,213,1,111.15,2,2,1,221,Lost Customer
5714,18121.0,148,2,653.3,3,3,3,333,Loyal Customer
5715,18122.0,7,6,1793.06,5,4,4,544,Champion
5716,18123.0,23,3,666.64,4,3,3,433,Loyal Customer
5717,18124.0,471,1,102.65,1,2,1,121,Lost Customer
5718,18125.0,29,4,1131.75,4,4,3,443,Loyal Customer
5719,18126.0,60,1,200.92000000000002,3,2,1,321,Lost Customer
5720,18127.0,18,4,556.13,5,4,2,542,Loyal Customer
5721,18128.0,536,1,399.29,1,2,2,122,Lost Customer
5722,18129.0,242,1,112.55000000000001,2,2,1,221,Lost Customer
5723,18130.0,14,3,1059.39,5,3,3,533,Loyal Customer
5724,18131.0,631,1,222.95999999999998,1,2,1,121,Lost Customer
5725,18132.0,503,1,220.13,1,2,1,121,Lost Customer
5726,18133.0,211,1,931.4999999999999,2,2,3,223,Lost Customer
5727,18134.0,597,2,445.0,1,3,2,132,At Risk
5728,18135.0,28,10,1249.6200000000001,4,5,4,454,Champion
5729,18136.0,62,5,1631.3600000000001,3,4,4,344,Loyal Customer
5730,18137.0,550,2,145.99,1,3,1,131,At Risk
5731,18138.0,294,1,152.65,2,2,1,221,Lost Customer
5732,18139.0,17,6,8438.34,5,4,5,545,Champion
5733,18140.0,473,1,536.41,1,2,2,122,Lost Customer
5734,18141.0,401,2,882.47,2,3,3,233,At Risk
5735,18142.0,156,2,1019.52,3,3,3,333,Loyal Customer
5736,18143.0,116,2,1000.16,3,3,3,333,Loyal Customer
5737,18144.0,7,19,4892.95,5,5,5,555,Champion
5738,18145.0,12,11,5609.74,5,5,5,555,Champion
5739,18146.0,140,2,160.35000000000002,3,3,1,331,Loyal Customer
5740,18147.0,45,2,179.33999999999997,4,3,1,431,Loyal Customer
5741,18148.0,646,1,112.85000000000001,1,2,1,121,Lost Customer
5742,18149.0,50,7,1553.96,4,4,4,444,Champion
5743,18150.0,31,3,566.58,4,3,2,432,Loyal Customer
5744,18151.0,134,6,1879.44,3,4,4,344,Loyal Customer
5745,18152.0,645,1,426.69,1,2,2,122,Lost Customer
5746,18153.0,658,1,246.22,1,2,1,121,Lost Customer
5747,18154.0,2,5,932.6,5,4,3,543,Loyal Customer
5748,18155.0,74,3,371.62,3,3,2,332,Loyal Customer
5749,18156.0,12,2,675.64,5,3,3,533,Loyal Customer
5750,18157.0,570,1,213.9,1,2,1,121,Lost Customer
5751,18158.0,8,2,453.4,5,3,2,532,Loyal Customer
5752,18159.0,300,1,530.15,2,2,2,222,Lost Customer
5753,18160.0,56,3,1003.88,4,3,3,433,Loyal Customer
5754,18161.0,14,6,1803.1000000000001,5,4,4,544,Champion
5755,18162.0,731,1,371.51,1,2,2,122,Lost Customer
5756,18163.0,583,1,728.84,1,2,3,123,Lost Customer
5757,18164.0,36,1,399.65000000000003,4,2,2,422,Potential Loyalist
5758,18165.0,176,1,302.46000000000004,3,2,2,322,Lost Customer
5759,18166.0,623,1,175.5,1,2,1,121,Lost Customer
5760,18167.0,22,3,1384.8600000000001,4,3,4,434,Loyal Customer
5761,18168.0,175,16,3435.5,3,5,5,355,Loyal Customer
5762,18169.0,60,1,202.65,3,2,1,321,Lost Customer
5763,18170.0,32,9,2878.0,4,5,4,454,Champion
5764,18171.0,58,9,2437.31,4,5,4,454,Champion
5765,18172.0,14,52,17467.24,5,5,5,555,Champion
5766,18173.0,86,5,2696.36,3,4,4,344,Loyal Customer
5767,18174.0,6,2,162.5,5,3,1,531,Loyal Customer
5768,18175.0,675,1,176.1,1,2,1,121,Lost Customer
5769,18176.0,357,1,476.35,2,2,2,222,Lost Customer
5770,18177.0,30,9,2216.32,4,5,4,454,Champion
5771,18178.0,128,11,6103.74,3,5,5,355,Loyal Customer
5772,18179.0,8,8,2547.55,5,5,4,554,Champion
5773,18180.0,4,6,1843.75,5,4,4,544,Champion
5774,18181.0,23,5,1188.34,4,4,3,443,Loyal Customer
5775,18182.0,462,1,291.13,1,2,2,122,Lost Customer
5776,18183.0,226,2,632.07,2,3,3,233,At Risk
5777,18184.0,14,1,49.8,5,2,1,521,Potential Loyalist
5778,18185.0,248,1,304.25,2,2,2,222,Lost Customer
5779,18186.0,722,1,329.58,1,2,2,122,Lost Customer
5780,18187.0,631,1,724.89,1,2,3,123,Lost Customer
5781,18188.0,14,6,3280.59,5,4,5,545,Champion
5782,18189.0,77,3,1403.73,3,3,4,334,Loyal Customer
5783,18190.0,191,5,745.62,2,4,3,243,At Risk
5784,18191.0,261,2,529.4,2,3,2,232,At Risk
5785,18192.0,71,1,957.97,3,2,3,323,Lost Customer
5786,18193.0,164,3,1207.35,3,3,3,333,Loyal Customer
5787,18194.0,81,6,4162.04,3,4,5,345,Loyal Customer
5788,18195.0,386,1,101.16,2,2,1,221,Lost Customer
5789,18196.0,94,4,1457.19,3,4,4,344,Loyal Customer
5790,18197.0,575,1,230.1,1,2,1,121,Lost Customer
5791,18198.0,3,17,5425.56,5,5,5,555,Champion
5792,18199.0,683,1,344.75,1,2,2,122,Lost Customer
5793,18200.0,105,1,150.35,3,2,1,321,Lost Customer
5794,18201.0,722,1,447.53000000000003,1,2,2,122,Lost Customer
5795,18202.0,199,3,1396.99,2,3,4,234,At Risk
5796,18203.0,156,4,492.52,3,4,2,342,Loyal Customer
5797,18204.0,70,3,1975.35,3,3,4,334,Loyal Customer
5798,18205.0,35,2,517.36,4,3,2,432,Loyal Customer
5799,18206.0,552,1,314.65999999999997,1,2,2,122,Lost Customer
5800,18207.0,498,1,544.47,1,2,2,122,Lost Customer
5801,18208.0,565,1,360.08,1,2,2,122,Lost Customer
5802,18209.0,28,1,139.10000000000002,4,2,1,421,Potential Loyalist
5803,18210.0,1,7,2768.83,5,4,4,544,Champion
5804,18211.0,25,5,600.07,4,4,2,442,Loyal Customer
5805,18212.0,325,2,514.37,2,3,2,232,At Risk
5806,18213.0,236,1,232.48000000000002,2,2,1,221,Lost Customer
5807,18214.0,530,4,1780.34,1,4,4,144,At Risk
5808,18215.0,88,5,2232.4900000000002,3,4,4,344,Loyal Customer
5809,18216.0,30,1,481.75,4,2,2,422,Potential Loyalist
5810,18217.0,28,4,945.04,4,4,3,443,Loyal Customer
5811,18218.0,210,4,1121.84,2,4,3,243,At Risk
5812,18219.0,2,17,3352.7000000000003,5,5,5,555,Champion
5813,18220.0,226,6,1921.76,2,4,4,244,At Risk
5814,18221.0,21,6,1424.94,4,4,4,444,Champion
5815,18222.0,92,1,443.0,3,2,2,322,Lost Customer
5816,18223.0,4,26,14000.85,5,5,5,555,Champion
5817,18224.0,263,1,158.95000000000002,2,2,1,221,Lost Customer
5818,18225.0,2,26,13014.8,5,5,5,555,Champion
5819,18226.0,43,26,11878.88,4,5,5,455,Champion
5820,18227.0,217,2,388.75,2,3,2,232,At Risk
5821,18228.0,56,2,779.9,4,3,3,433,Loyal Customer
5822,18229.0,11,28,10150.51,5,5,5,555,Champion
5823,18230.0,8,9,4291.06,5,5,5,555,Champion
5824,18231.0,191,28,6854.17,2,5,5,255,At Risk
5825,18232.0,81,4,592.97,3,4,2,342,Loyal Customer
5826,18233.0,325,1,440.0,2,2,2,222,Lost Customer
5827,18234.0,551,1,179.6,1,2,1,121,Lost Customer
5828,18235.0,71,3,1796.48,3,3,4,334,Loyal Customer
5829,18236.0,29,12,1795.3500000000001,4,5,4,454,Champion
5830,18237.0,2,5,987.1,5,4,3,543,Loyal Customer
5831,18238.0,514,1,270.92,1,2,1,121,Lost Customer
5832,18239.0,218,6,1712.26,2,4,4,244,At Risk
5833,18240.0,45,1,422.58,4,2,2,422,Potential Loyalist
5834,18241.0,9,21,2986.9900000000002,5,5,5,555,Champion
5835,18242.0,71,8,3605.21,3,5,5,355,Loyal Customer
5836,18243.0,413,1,515.78,1,2,2,122,Lost Customer
5837,18244.0,430,2,568.64,1,3,2,132,At Risk
5838,18245.0,6,20,6324.9800000000005,5,5,5,555,Champion
5839,18246.0,23,3,758.8199999999999,4,3,3,433,Loyal Customer
5840,18247.0,414,3,839.73,1,3,3,133,At Risk
5841,18248.0,122,2,804.02,3,3,3,333,Loyal Customer
5842,18249.0,16,1,95.34,5,2,1,521,Potential Loyalist
5843,18250.0,309,1,349.27,2,2,2,222,Lost Customer
5844,18251.0,86,9,26278.86,3,5,5,355,Loyal Customer
5845,18252.0,50,7,1533.69,4,4,4,444,Champion
5846,18253.0,642,1,317.88,1,2,2,122,Lost Customer
5847,18254.0,580,1,267.9,1,2,1,121,Lost Customer
5848,18255.0,88,2,303.15,3,3,2,332,Loyal Customer
5849,18256.0,387,1,110.7,2,2,1,221,Lost Customer
5850,18257.0,38,12,4600.15,4,5,5,455,Champion
5851,18258.0,463,6,2059.67,1,4,4,144,At Risk
5852,18259.0,24,7,3941.9,4,4,5,445,Champion
5853,18260.0,172,23,9947.26,3,5,5,355,Loyal Customer
5854,18261.0,42,2,324.24,4,3,2,432,Loyal Customer
5855,18262.0,139,3,577.54,3,3,2,332,Loyal Customer
5856,18263.0,25,3,1213.1599999999999,4,3,3,433,Loyal Customer
5857,18264.0,498,1,603.25,1,2,2,122,Lost Customer
5858,18265.0,71,2,801.51,3,3,3,333,Loyal Customer
5859,18266.0,433,1,251.1,1,2,1,121,Lost Customer
5860,18267.0,672,1,269.37,1,2,1,121,Lost Customer
5861,18268.0,133,6,1490.23,3,4,4,344,Loyal Customer
5862,18269.0,365,1,168.6,2,2,1,221,Lost Customer
5863,18270.0,37,3,444.55,4,3,2,432,Loyal Customer
5864,18271.0,609,2,680.85,1,3,3,133,At Risk
5865,18272.0,2,9,4385.9800000000005,5,5,5,555,Champion
5866,18273.0,1,4,357.0,5,4,2,542,Loyal Customer
5867,18274.0,29,1,175.92,4,2,1,421,Potential Loyalist
5868,18275.0,577,2,741.85,1,3,3,133,At Risk
5869,18276.0,43,6,1656.52,4,4,4,444,Champion
5870,18277.0,57,5,1180.05,4,4,3,443,Loyal Customer
5871,18278.0,73,2,414.20000000000005,3,3,2,332,Loyal Customer
5872,18279.0,518,1,231.33999999999997,1,2,1,121,Lost Customer
5873,18280.0,277,2,488.15000000000003,2,3,2,232,At Risk
5874,18281.0,180,2,201.14,3,3,1,331,Loyal Customer
5875,18282.0,7,2,178.05,5,3,1,531,Loyal Customer
5876,18283.0,3,22,2664.9,5,5,4,554,Champion
5877,18284.0,431,1,461.68,1,2,2,122,Lost Customer
5878,18285.0,660,1,427.0,1,2,2,122,Lost Customer
5879,18286.0,476,2,1296.43,1,3,4,134,At Risk
5880,18287.0,42,7,4182.99,4,4,5,445,Champion
